source_udi,target,standard_logistic_probability,balanced_logistic_probability
1,0,0.0022287599,0.0403374038
3,0,0.0143528749,0.2040891975
4,0,0.0005205735,0.0133010668
7,0,0.0056625671,0.0991231523
9,0,0.0001968834,0.0057796129
11,0,0.0002170679,0.0060257870
13,0,0.0025970420,0.0633431964
15,0,0.0026247142,0.0469597265
16,0,0.0260342576,0.3136485764
18,0,0.0018625783,0.0394518899
19,0,0.0069121650,0.1807958130
20,0,0.0007007305,0.0194179720
24,0,0.0011737031,0.0274453406
25,0,0.0013501429,0.0315307957
26,0,0.0017062087,0.0378094577
27,0,0.0027026276,0.0597921324
29,0,0.0056561659,0.1243039602
30,0,0.0016902369,0.0308916123
31,0,0.0028387672,0.0771941213
32,0,0.0019937411,0.0473619411
33,0,0.0127810415,0.2249411385
34,0,0.0033642489,0.0761729906
35,0,0.0010699764,0.0329392706
37,0,0.0021238724,0.0523231210
38,0,0.0018830611,0.0538140344
40,0,0.0252094597,0.3725881587
41,0,0.0046717020,0.1179856308
42,0,0.0207775188,0.3324031760
44,0,0.0066927668,0.2049699946
45,0,0.0204905562,0.3600170414
46,0,0.0616663556,0.5597502633
47,0,0.0035921335,0.0947705949
48,0,0.0142520056,0.2786892466
49,0,0.0656903032,0.7035796508
50,0,0.0047351917,0.1142155374
51,1,0.6759576355,0.9587627820
52,0,0.1096273146,0.7506764766
53,0,0.0092011165,0.2345447893
54,0,0.0049278105,0.1215765508
55,0,0.0047109934,0.1203031912
58,0,0.0127146963,0.2543988330
59,0,0.0018840243,0.0575478047
60,0,0.1034595293,0.7265511429
61,0,0.0799685867,0.6722329127
63,0,0.0053665512,0.1282635933
64,0,0.0049016178,0.1301006779
65,0,0.0106386849,0.2202189429
67,0,0.0033712773,0.0968396046
69,0,0.0025802657,0.0909319958
70,1,0.8858875229,0.9928145513
71,0,0.0092901969,0.2337704268
72,0,0.0383208120,0.5063830923
73,0,0.0140690308,0.3072080832
74,0,0.0109891515,0.2693537260
76,0,0.0239115129,0.4532466255
78,1,0.0199543320,0.3877441958
79,0,0.0129851049,0.2086492448
80,0,0.0003349565,0.0089591499
83,0,0.0013253298,0.0314949347
84,0,0.0013656558,0.0341828924
85,0,0.0059462751,0.1164609622
86,0,0.0009602464,0.0247138370
87,0,0.0014328590,0.0397261448
88,0,0.0004453758,0.0121097911
89,0,0.0020947985,0.0480295646
90,0,0.0010292274,0.0254008935
91,0,0.0010245490,0.0247336807
92,0,0.0016178172,0.0381935072
94,0,0.0035719078,0.0820422574
95,0,0.0014382881,0.0365780180
96,0,0.0081930204,0.1769032235
97,0,0.0009419706,0.0239938029
99,0,0.0004929829,0.0112156800
100,0,0.0129855029,0.2266329468
103,0,0.0071458413,0.1505008797
104,0,0.0009816404,0.0270249288
105,0,0.0044016274,0.1099710737
106,0,0.0007768238,0.0173971418
107,0,0.0201600734,0.2906573307
108,0,0.0135249376,0.2528043054
110,0,0.0023435058,0.0629761514
111,0,0.0027148842,0.0709796165
112,0,0.0058574719,0.1523254344
113,0,0.0025008765,0.0772153000
114,0,0.0037602510,0.0977211175
115,0,0.0027413896,0.0728968082
116,0,0.0125913769,0.2657771834
117,0,0.0021365113,0.0497922205
118,0,0.0030689565,0.0827910822
119,0,0.0014936751,0.0505456133
122,0,0.0180113471,0.3332907170
123,0,0.0154072968,0.3181716169
124,0,0.0312276192,0.4609634154
125,0,0.0053181421,0.1381897262
126,0,0.0019472135,0.0660241802
127,0,0.2412076316,0.8830230875
128,0,0.0177764779,0.3543019124
131,0,0.0096562600,0.2429439049
135,0,0.0829006890,0.6952088698
136,0,0.0029187076,0.1002445726
138,0,0.0589148408,0.6268606907
139,0,0.0450508456,0.6677438898
140,0,0.0631611938,0.6434377775
142,0,0.0049724859,0.1235225747
143,0,0.0083678575,0.2246859793
145,0,0.0052459204,0.1807978510
146,0,0.0027639523,0.0987021564
147,0,0.0088300497,0.2768960402
148,0,0.0162714341,0.3504180482
150,0,0.0099272815,0.2634917966
153,0,0.0366095270,0.5643365840
154,0,0.0325054138,0.4909001681
155,0,0.0102094213,0.2614539788
156,0,0.0098086549,0.2980109763
159,0,0.0176443710,0.4180992262
160,0,0.1026167542,0.7845304094
161,1,0.3664387095,0.9430173513
162,1,0.2053370073,0.8865359359
163,0,0.0009173414,0.0250810329
165,0,0.0013481939,0.0330095495
166,0,0.0005519687,0.0148525458
169,1,0.2420517392,0.8489305441
171,0,0.0011134089,0.0275951959
172,0,0.0262496581,0.3628302675
173,0,0.0010316362,0.0239675284
174,0,0.0005907541,0.0205392510
175,0,0.0353709942,0.4399300335
176,0,0.0017386895,0.0451271378
177,0,0.0022900222,0.0582618634
178,0,0.0031728120,0.0474178315
179,0,0.0188722596,0.2574226737
180,0,0.0036642771,0.0839896953
181,0,0.0220627827,0.3305934459
182,0,0.0006108539,0.0191280014
183,0,0.0020383158,0.0514919636
184,0,0.0031783808,0.0767850517
185,0,0.0015616354,0.0425225234
186,0,0.0011037975,0.0305507876
187,0,0.0209694085,0.3195008418
188,0,0.0018617838,0.0494758039
189,0,0.0019201465,0.0476574758
190,0,0.0064097142,0.1323663313
191,0,0.0348866804,0.3882318136
192,0,0.0052174802,0.1081074113
193,0,0.0144527249,0.3289441097
194,0,0.0031433352,0.0959126325
195,1,0.2923662344,0.8301931615
196,0,0.0050817531,0.1223352313
199,0,0.0025354531,0.0502492684
200,0,0.0137167046,0.2582302586
201,0,0.0042977926,0.1038847348
202,0,0.0157267920,0.2705564461
203,0,0.0047945819,0.1090577593
204,0,0.0026077263,0.0730656400
206,0,0.0209734484,0.3789557243
207,0,0.0054483613,0.1301991394
208,1,0.2578955042,0.8746013982
209,0,0.0068260551,0.1536750212
210,0,0.0138503419,0.2669218619
212,0,0.0030797554,0.0795944634
214,0,0.0068933996,0.1636233324
217,0,0.0045911382,0.1135831086
218,0,0.0048671130,0.1256318268
219,0,0.0024543471,0.0765247434
220,0,0.0121246945,0.2455913464
221,0,0.0903490272,0.6976534056
223,0,0.0040182095,0.1252076844
224,0,0.0040355563,0.0930371727
225,0,0.0010788076,0.0280631039
226,0,0.0912000963,0.7140632450
227,0,0.0173180977,0.3618717752
228,0,0.0059705514,0.1509185740
229,0,0.0117702778,0.2766296058
230,0,0.0020423533,0.0708827034
231,0,0.0056128435,0.1547455244
232,0,0.0097281994,0.2153522417
236,0,0.0111797366,0.2382102506
237,0,0.0091596688,0.2195184927
238,0,0.0040502316,0.1230260449
239,0,0.0625305675,0.6607105097
240,0,0.0047901162,0.1351295578
242,0,0.0066823207,0.1732475610
244,0,0.0308584723,0.4860850782
248,0,0.0524836375,0.6305239247
251,0,0.0010201539,0.0229700381
252,0,0.0009830066,0.0217446218
254,0,0.0023549638,0.0408278070
256,0,0.0017483503,0.0394469545
257,0,0.0796643755,0.6133939194
258,0,0.0002687866,0.0080399874
259,0,0.0009334888,0.0235070097
260,1,0.1830954934,0.8128199229
261,0,0.0150979568,0.2303170414
263,0,0.0004103744,0.0100746053
264,0,0.0003429762,0.0090551683
265,0,0.0046301326,0.1035168905
266,0,0.0005819896,0.0174456455
267,0,0.0015017749,0.0433543769
269,0,0.0006193488,0.0214490148
270,0,0.0012360046,0.0350090312
271,0,0.0015322950,0.0461876273
272,0,0.0012971826,0.0339616770
276,0,0.0471561012,0.5304022164
277,0,0.0007921022,0.0215254944
278,0,0.0280503072,0.4812705533
279,0,0.0004266469,0.0156828423
280,0,0.0015881700,0.0403264691
281,0,0.0031810860,0.0803113407
283,0,0.0099948628,0.2010623726
285,0,0.0062012509,0.0931725597
286,0,0.0033140144,0.0847536221
287,0,0.0020760467,0.0541169647
289,0,0.0009358992,0.0329636765
291,0,0.0099328077,0.1957023640
292,0,0.0064043718,0.1448863915
293,0,0.0007476890,0.0244804373
296,0,0.0027106297,0.0610213681
297,0,0.0077306490,0.1659787734
299,0,0.0079214172,0.1523731132
300,0,0.0014724844,0.0402169075
301,0,0.0130824204,0.2283188480
302,0,0.0024016962,0.0554582269
303,0,0.0006472169,0.0230353186
304,0,0.0066523792,0.1656951788
305,0,0.0027699323,0.0731646703
306,0,0.0254707150,0.3476006912
308,0,0.0042388762,0.1121947717
309,0,0.0049794264,0.1103339606
310,0,0.0019585743,0.0556726870
311,0,0.0083991669,0.2423640317
312,0,0.0077851988,0.1960299394
313,0,0.0017913148,0.0489718557
316,0,0.0646382516,0.6003521913
317,0,0.0187695448,0.3069345122
318,0,0.0029673185,0.0857226769
320,0,0.0047028600,0.1152778828
321,0,0.0054777322,0.1860856720
322,0,0.0019624354,0.0580268937
323,0,0.0046377125,0.1289974350
325,0,0.0088877282,0.1898445623
327,0,0.0190834598,0.3233944936
329,0,0.0036736262,0.1120091133
330,0,0.0031449836,0.0990412693
332,0,0.0497696097,0.6024049886
333,0,0.0008471192,0.0194130432
334,0,0.0005565658,0.0116098154
335,0,0.0015253543,0.0292635816
336,0,0.0003451456,0.0079591200
337,0,0.0009957110,0.0178195452
338,0,0.0004600960,0.0067956744
339,0,0.0013246395,0.0279661668
340,0,0.0009221351,0.0175618422
341,0,0.0005369485,0.0127014230
342,0,0.0001053020,0.0025591299
344,0,0.0026137175,0.0519094251
345,0,0.0269236242,0.2743181375
346,0,0.0005374392,0.0120768589
347,0,0.0018646501,0.0365104795
348,0,0.0024184631,0.0358242078
349,0,0.0006488031,0.0148287707
350,0,0.0007819139,0.0129339415
351,0,0.0008030417,0.0246854060
353,0,0.0044149734,0.0800689936
356,0,0.0036523017,0.0728244795
358,0,0.0004761039,0.0128507332
360,0,0.0006153441,0.0177605660
361,0,0.0008802218,0.0201925733
362,0,0.0028619045,0.0605698786
363,0,0.0004614033,0.0148699218
364,0,0.0100569433,0.1725961835
365,0,0.0530830739,0.4657228463
367,0,0.0031329727,0.0639106100
368,0,0.0016987057,0.0382259999
369,0,0.0019950663,0.0430028644
370,0,0.0009261201,0.0256064699
371,0,0.0033685705,0.0671368369
372,0,0.0053952008,0.1093998721
374,0,0.0018947959,0.0451835643
380,0,0.0017292034,0.0413185391
382,0,0.0065272397,0.1329735696
383,0,0.0049959718,0.1143208299
386,0,0.0037968265,0.0794852620
388,0,0.0660312882,0.5800879900
390,0,0.0555051220,0.5491498574
391,0,0.0163946082,0.2534851636
393,0,0.0049360293,0.1116199021
394,0,0.0187988563,0.3312018584
395,0,0.0071082741,0.1278046139
396,0,0.0065991218,0.1492709091
397,0,0.0123291693,0.2236035228
398,0,0.0036117875,0.0820180304
400,0,0.0299700793,0.4015838761
401,0,0.0089046375,0.1619042017
402,0,0.0064268102,0.1288901016
403,0,0.0051593660,0.1156405920
404,0,0.0960913511,0.6630430973
408,0,0.0306814450,0.4184119881
409,0,0.0065717283,0.1543156576
411,0,0.0134222014,0.2691153741
412,0,0.0107184597,0.2235591304
415,0,0.0031919464,0.0910431913
416,0,0.0246481701,0.3589344420
417,0,0.0039326275,0.1067180532
423,0,0.0057818072,0.0945029967
424,0,0.0020150917,0.0377016063
425,0,0.0015751251,0.0219569460
426,0,0.0001254137,0.0031034794
428,0,0.0009692047,0.0215653102
429,0,0.0006157971,0.0139747436
430,0,0.0129801891,0.1774693562
431,0,0.0013519904,0.0239172596
433,0,0.0003820402,0.0084977734
435,0,0.0020478625,0.0365376101
436,0,0.0018972598,0.0388537005
437,0,0.0004799502,0.0116443399
438,0,0.0011561043,0.0178435486
440,0,0.0002571527,0.0058181128
441,0,0.0002569504,0.0046844067
442,0,0.0012112026,0.0303331359
444,0,0.0019374754,0.0499474627
445,0,0.0017792296,0.0355132208
446,0,0.0011506652,0.0239681482
448,0,0.0444933788,0.4362155397
449,0,0.0115505043,0.1436553417
450,0,0.0041461505,0.0713637612
451,0,0.0006899196,0.0149329735
452,0,0.0023746157,0.0628597172
453,0,0.0004767425,0.0126287282
454,0,0.0007506709,0.0157143632
455,0,0.0075333004,0.1193073601
457,0,0.0054858469,0.1053335538
458,0,0.0072144033,0.1390147294
459,0,0.0036551921,0.0664774842
461,0,0.0006987434,0.0188354709
462,0,0.0008175977,0.0204410787
463,0,0.0028689801,0.0619998755
464,1,0.4334569563,0.8329759725
466,0,0.0020640471,0.0453325766
467,0,0.0078122405,0.1289000199
468,0,0.0093954447,0.1400763636
469,0,0.0010369378,0.0249647870
470,0,0.0005055916,0.0114841197
472,0,0.0008692441,0.0245679463
474,0,0.0006847808,0.0160747529
476,0,0.0010355190,0.0258889419
478,0,0.0015609937,0.0376123531
479,0,0.0015019009,0.0292761328
480,0,0.0232709205,0.3284655919
482,0,0.0023811126,0.0500233530
484,0,0.0517142525,0.5084678805
485,0,0.0014675732,0.0272197121
486,0,0.0015391175,0.0341151870
487,0,0.0019801054,0.0439478212
488,0,0.0004304551,0.0136174080
489,0,0.0231320131,0.2684982343
490,0,0.0309077775,0.3601370799
491,0,0.0014658668,0.0282981236
493,0,0.0041089885,0.0905586298
494,0,0.0023342528,0.0436653119
495,0,0.0099483139,0.1856667577
496,0,0.0263073047,0.4409121043
497,0,0.0030732241,0.0691313680
500,0,0.0029127366,0.0614328755
502,0,0.0137322820,0.2549030101
503,0,0.0051556236,0.1075071205
504,0,0.0010681208,0.0184238643
506,0,0.0004412989,0.0067833709
507,0,0.0001757683,0.0029858456
508,0,0.0012434535,0.0256157352
509,0,0.0007377064,0.0114758488
510,0,0.0001462616,0.0030929625
511,0,0.0004622134,0.0071871163
512,0,0.0003782202,0.0068973916
513,0,0.0008794949,0.0111289875
514,0,0.0001902704,0.0038500827
515,0,0.0004205562,0.0071878419
517,0,0.0005470205,0.0091668493
518,0,0.0159249700,0.1773091877
520,0,0.0007299862,0.0099190112
522,0,0.0002326622,0.0044039987
523,0,0.0004967852,0.0083048837
524,0,0.0009589688,0.0146441708
525,0,0.0007698859,0.0114696609
526,0,0.0020164842,0.0236022285
527,0,0.0036787831,0.0567448157
528,0,0.0003861149,0.0068656823
530,0,0.0006748707,0.0122137863
532,0,0.0004293885,0.0080907531
533,0,0.0020105336,0.0257183913
534,0,0.0004612821,0.0089762669
535,0,0.0007540115,0.0138396832
536,0,0.0023799133,0.0427048091
537,0,0.0003390301,0.0063671727
541,0,0.0039388508,0.0549646902
544,0,0.0005120364,0.0132379883
545,0,0.0008452430,0.0136554458
547,0,0.0007733909,0.0130676383
548,0,0.0005931882,0.0117388760
549,0,0.0087768708,0.1348406354
550,0,0.0010257291,0.0191750647
551,0,0.0010654961,0.0181905938
552,0,0.0063476306,0.0998413880
555,0,0.0009306788,0.0224023725
557,0,0.0074630423,0.1101231707
560,0,0.0026870603,0.0406541244
561,0,0.0395303526,0.4208927560
564,0,0.0011863132,0.0217997763
565,0,0.0009735786,0.0198175431
566,0,0.0009771198,0.0270599204
567,0,0.0003079667,0.0070251755
568,0,0.0009806058,0.0180682362
570,0,0.0015770655,0.0370345698
571,0,0.0041118670,0.0700368382
572,0,0.0004992682,0.0110979025
574,0,0.0135148740,0.1772719516
575,0,0.0010842091,0.0238215206
578,0,0.0062864877,0.1026795413
580,0,0.0026461760,0.0483338602
581,0,0.0023429687,0.0437164269
582,0,0.0028375778,0.0664649644
583,0,0.0106040845,0.1918909384
584,0,0.0034320621,0.0687461844
585,0,0.0115191495,0.2645822181
588,0,0.0018930029,0.0501063652
591,0,0.0035199607,0.0717500047
594,0,0.0005712565,0.0081613456
595,0,0.0002641368,0.0051540810
596,0,0.0011271996,0.0162620053
597,0,0.0001382966,0.0024904478
600,0,0.0000795911,0.0016480016
602,0,0.0032208976,0.0361193980
603,0,0.0009419782,0.0113345876
604,1,0.3082426298,0.7989094358
605,0,0.0001387862,0.0017770488
606,0,0.0001846532,0.0030689241
607,0,0.0063144445,0.0745206141
608,0,0.0001575030,0.0026385248
609,0,0.0019187550,0.0298874844
610,0,0.0003559164,0.0045213186
611,0,0.0001996917,0.0039076618
613,0,0.0002632944,0.0049845960
614,0,0.0002569683,0.0049899048
615,0,0.0010105544,0.0163764606
617,0,0.0001826876,0.0039678205
618,0,0.0003067197,0.0057956313
620,0,0.0043331171,0.0603071817
621,0,0.0025280815,0.0428508660
622,0,0.0017839326,0.0314702639
623,0,0.0009252082,0.0147574297
624,0,0.0021617489,0.0335192363
626,0,0.0008157585,0.0136299402
628,0,0.0017343809,0.0326922367
630,0,0.0096451119,0.1325120495
631,0,0.0085166300,0.1143093275
632,0,0.0016138505,0.0285158428
634,0,0.0028167272,0.0520144068
635,0,0.0033001338,0.0554617805
636,0,0.0011653356,0.0155896223
637,0,0.0042768818,0.0685372166
639,0,0.0014215325,0.0226472897
640,0,0.0147404469,0.1985225900
641,0,0.0012292324,0.0254591664
642,0,0.0057551759,0.0860886865
643,0,0.0076465908,0.1350625247
644,0,0.0005481214,0.0115220732
645,0,0.0002846255,0.0078690681
646,0,0.0022312700,0.0423248412
647,0,0.0032816920,0.0641282271
652,0,0.0032792576,0.0625430274
655,0,0.0034717059,0.0642859871
656,0,0.0015028548,0.0395263412
658,0,0.1194432063,0.7184038472
659,0,0.0049114541,0.0916905932
660,0,0.0364113582,0.3947700117
661,0,0.0011338607,0.0269654811
662,0,0.0040602908,0.0907070186
663,0,0.0015969192,0.0374331977
666,0,0.0040029915,0.0763653197
667,0,0.0098807973,0.1896303981
669,0,0.0010109516,0.0270174820
671,0,0.0043382886,0.0735748635
672,0,0.0041584631,0.0861138097
673,0,0.0049251838,0.1299011005
674,0,0.0335665108,0.4204490708
675,0,0.0005352512,0.0095990640
676,0,0.0006975497,0.0140420285
677,0,0.0001083564,0.0025680408
679,0,0.0131549072,0.1680802848
681,0,0.0003306109,0.0073816875
683,0,0.0016997475,0.0339766826
684,0,0.0009246265,0.0148468474
687,0,0.0006364859,0.0139545543
688,0,0.0014712820,0.0250832437
689,0,0.0001579498,0.0036748105
691,0,0.0002009548,0.0057243126
692,0,0.0021048617,0.0374820662
693,0,0.0016112268,0.0307986305
694,0,0.0006208884,0.0129636989
695,0,0.0056058024,0.0913750658
696,0,0.0050524307,0.0840443512
697,0,0.0004048891,0.0076532148
698,0,0.0004807469,0.0125913580
699,0,0.0027523629,0.0527572161
700,0,0.0002404124,0.0076773329
701,0,0.0007238383,0.0142244051
702,0,0.0023118516,0.0442463417
703,0,0.0118303208,0.1740184076
706,0,0.0012337413,0.0247640125
709,0,0.0019535102,0.0415654747
710,0,0.0035424600,0.0663382005
711,0,0.0004504710,0.0099261747
712,0,0.0070779336,0.1220265068
713,0,0.0007721384,0.0180648879
714,0,0.0071773349,0.1092514314
715,0,0.0032179966,0.0667588107
719,0,0.0015215353,0.0275524300
720,0,0.1896739994,0.7586912825
723,0,0.0050441063,0.0915359566
724,0,0.0095657524,0.1631679965
725,0,0.0034491642,0.0679773922
727,0,0.0039732068,0.0779228992
728,0,0.0009127369,0.0269702083
729,0,0.0172184379,0.2810263196
730,0,0.0052138117,0.1089793079
731,0,0.0296747162,0.3991141466
732,0,0.0271463296,0.3651103469
734,0,0.0018395750,0.0471567759
737,0,0.0050535925,0.0872361576
738,0,0.0013812190,0.0386505813
739,0,0.0217224728,0.3285174877
740,0,0.0022665536,0.0511565254
741,0,0.0071856168,0.1451053216
742,0,0.0046956041,0.0965746772
743,0,0.0089015342,0.1551178853
744,0,0.0471969517,0.5199842234
746,0,0.0609631292,0.5849068627
747,1,0.1895296917,0.8235961437
749,0,0.0227623579,0.3691270577
750,0,0.0111742817,0.2021852475
751,0,0.0048889633,0.1073495144
752,0,0.0028098712,0.0774815958
753,0,0.0359001722,0.4520971026
754,0,0.0140687819,0.2777631526
756,0,0.0104889257,0.2583185671
757,0,0.0288831561,0.3998249799
758,0,0.0032462998,0.0730620179
759,0,0.0162131594,0.2712538052
760,0,0.0022697292,0.0679942667
761,0,0.0105749362,0.2053834385
762,0,0.0136895953,0.2856045579
763,0,0.0082375677,0.1195886535
764,0,0.0019889608,0.0361255100
765,0,0.0095313111,0.1380812181
766,0,0.0034536405,0.0595863653
767,0,0.0008652067,0.0150664440
768,0,0.0001304306,0.0029549341
770,0,0.0004002723,0.0064343320
771,0,0.0106647993,0.1491171993
772,0,0.0070839551,0.1247399373
773,0,0.0053292469,0.1071912118
775,0,0.0055041873,0.0858425828
776,0,0.0033256152,0.0604969906
777,0,0.0004865172,0.0077657476
778,0,0.0019833909,0.0364928337
779,0,0.0002241838,0.0048077105
781,0,0.0037374669,0.0750804904
782,0,0.0004051819,0.0083298645
783,0,0.0010133273,0.0203186398
784,0,0.0002302443,0.0068360235
785,0,0.0007580808,0.0143305495
786,0,0.0027182913,0.0477441439
791,0,0.0028770914,0.0591908521
793,0,0.0009097629,0.0235140230
794,0,0.0008007478,0.0200680903
796,0,0.0027825624,0.0444205385
797,0,0.0014430671,0.0266809093
799,0,0.0007388313,0.0154086239
802,0,0.0060586167,0.1050027929
803,0,0.0015229542,0.0370579760
805,0,0.0015083499,0.0336559598
806,0,0.0050930386,0.1186092552
807,0,0.0239992583,0.3199291071
809,0,0.0036816658,0.0854846518
810,0,0.0104454384,0.1931244642
814,0,0.0044462126,0.1074134745
815,0,0.0094457035,0.1953665284
816,0,0.0012613508,0.0415596602
817,0,0.0199569218,0.2822434793
818,0,0.0277483544,0.3918487131
819,0,0.0055984487,0.1312136204
820,0,0.0085221257,0.1876739379
821,0,0.0024511437,0.0645372898
822,0,0.0055228189,0.1172048124
823,0,0.0013058967,0.0392392190
825,0,0.0062616920,0.1425146404
827,0,0.0033560701,0.0885700592
828,0,0.0093057262,0.2046622148
829,0,0.0061454882,0.1336605016
830,0,0.0029698998,0.0811099009
831,0,0.0084701597,0.1736570626
832,0,0.0144906629,0.2874476093
833,0,0.0060197125,0.1350384791
835,0,0.0078291885,0.2065832525
836,0,0.0005847120,0.0199057154
837,0,0.0069345504,0.1597092603
838,0,0.0422149298,0.5031695318
840,0,0.0271620479,0.4216111703
846,0,0.0063844822,0.1697380840
848,1,0.7932612085,0.9779203194
849,0,0.0333547163,0.4800894518
850,0,0.0002651471,0.0073492072
852,0,0.0012437513,0.0278551651
854,0,0.0046425722,0.0740828428
855,0,0.0007258422,0.0138152701
856,0,0.0001811686,0.0041230722
858,0,0.0036676697,0.0645270052
859,0,0.0003492165,0.0074683872
860,0,0.0010510743,0.0278029000
862,0,0.0014479260,0.0260713755
863,0,0.0003181002,0.0104099789
864,0,0.0016097042,0.0278798825
865,0,0.0029660904,0.0465446835
868,0,0.0003539943,0.0109002473
869,0,0.0006526420,0.0153991448
870,0,0.0036050193,0.0824778265
873,0,0.0042396551,0.0877815150
877,0,0.0024220750,0.0501039420
878,0,0.0006702556,0.0168830126
879,0,0.0028308299,0.0733662806
880,0,0.0200719864,0.3326587722
881,1,0.5862822901,0.9611946215
883,0,0.0005161772,0.0176738428
884,0,0.0004930689,0.0154708834
886,0,0.0239654415,0.3768102089
887,0,0.0022426100,0.0623278612
888,0,0.0047794149,0.1106194617
890,0,0.0054229077,0.1355500426
891,0,0.0257658682,0.4092291459
892,0,0.0124225663,0.2393903714
893,0,0.0338667521,0.4792779490
894,0,0.0018891755,0.0639310329
895,0,0.0166201530,0.3059355557
899,0,0.0319126194,0.4531433083
901,0,0.0025921763,0.0771635393
902,0,0.0629019891,0.6542767868
903,0,0.0148067572,0.3094273921
904,1,0.0302827374,0.3137032273
906,0,0.0062546227,0.1297919162
907,0,0.0203425689,0.3609081504
908,0,0.0015894456,0.0550217958
909,0,0.0018648362,0.0489661367
910,0,0.0030099151,0.0942102700
911,0,0.0043478222,0.1129989237
912,0,0.0084825045,0.1894166644
913,0,0.0175925908,0.3507773645
916,0,0.0028297307,0.0890360235
918,0,0.1256425457,0.7759810923
919,0,0.0018050393,0.0630526569
920,0,0.0677592141,0.6366405482
921,0,0.0298687652,0.5055910359
924,0,0.0155303093,0.3624902552
926,0,0.0021463070,0.0935953888
928,0,0.0041217172,0.0928420256
930,0,0.0083521014,0.1425958239
931,0,0.0027006966,0.0539512209
932,0,0.0005524150,0.0096873500
933,0,0.0042818034,0.0903547553
934,0,0.0014513931,0.0344488701
935,0,0.0016917746,0.0365114938
936,0,0.0010883355,0.0296420204
937,0,0.0012041046,0.0350733669
938,0,0.0337069110,0.4081706218
939,0,0.0008030687,0.0184252032
943,0,0.0016341102,0.0348725254
945,0,0.0003867385,0.0115778791
947,0,0.0084061424,0.1652784380
949,0,0.0017332675,0.0372340577
950,0,0.0011019089,0.0244868900
951,0,0.0011975223,0.0321632716
953,0,0.0109870701,0.1550225966
954,0,0.0013933563,0.0366427739
955,0,0.0007121704,0.0235381459
956,0,0.0009496187,0.0150505079
958,0,0.0003783485,0.0102000872
961,0,0.0020021535,0.0498652004
962,0,0.0024067641,0.0442836739
964,0,0.0009717367,0.0253597544
965,0,0.0008487929,0.0218526652
966,0,0.0163188243,0.2704095785
968,0,0.0016375661,0.0401693830
969,0,0.0063100961,0.1225718066
970,0,0.0014387994,0.0403938603
971,0,0.0017827317,0.0465735400
972,0,0.0082030283,0.1702082572
973,0,0.0041949642,0.0952078326
976,0,0.0043269814,0.0937182268
981,0,0.0035933324,0.0955637301
982,0,0.0022895104,0.0658066797
984,0,0.0016684889,0.0438232251
988,0,0.0008625714,0.0235660011
989,0,0.0013613396,0.0470601264
991,0,0.0198512172,0.3224095590
993,0,0.0083626015,0.1801540525
994,0,0.0008660834,0.0256520672
995,0,0.0520816725,0.5926789865
996,0,0.0037056302,0.0740284752
997,0,0.0083947679,0.2097470905
999,0,0.0091062060,0.1984712842
1000,0,0.0029345902,0.0793350193
1001,0,0.0029612550,0.0757911558
1002,0,0.0093528194,0.1950610416
1003,0,0.0133644948,0.2469132782
1005,0,0.0029152604,0.1041539978
1006,0,0.0504481766,0.5458600423
1007,0,0.1076163178,0.7240790655
1009,0,0.0007148835,0.0152140774
1013,0,0.0001265378,0.0029910732
1014,0,0.0000924587,0.0020758083
1015,0,0.0008603985,0.0183175734
1016,0,0.0005175900,0.0119371137
1017,1,0.1291949180,0.6855291939
1018,0,0.0005524661,0.0120750967
1019,0,0.0158206518,0.1897116759
1021,0,0.0260199640,0.2979266559
1022,0,0.0007498666,0.0194986530
1023,0,0.0004236006,0.0069622847
1024,0,0.0012238926,0.0226478938
1026,0,0.0003553649,0.0090725254
1027,0,0.0004742712,0.0111227203
1028,0,0.0018393338,0.0367748706
1030,0,0.0001463820,0.0045134455
1031,0,0.0008648077,0.0124275570
1034,0,0.0007190584,0.0186318493
1035,0,0.0006018677,0.0114964414
1042,0,0.0010790223,0.0251634714
1043,0,0.0016600568,0.0381346904
1045,0,0.0058397312,0.0863200169
1047,0,0.0025193804,0.0563377946
1048,0,0.0328028089,0.3923751448
1049,0,0.0011704753,0.0203160435
1050,0,0.0027814016,0.0602778479
1052,0,0.0026044967,0.0529369384
1054,0,0.0004344058,0.0113971103
1055,0,0.0003797914,0.0117889394
1057,0,0.0056241702,0.1192121059
1058,0,0.0029595151,0.0627122878
1059,0,0.0010319040,0.0246499495
1061,0,0.0262145518,0.3738248516
1063,0,0.0092830985,0.1865713570
1064,0,0.0020320970,0.0559668746
1066,0,0.0009785350,0.0235195017
1067,0,0.0048023091,0.1227322888
1069,0,0.0111570844,0.2034649603
1071,0,0.0011984924,0.0314310902
1072,0,0.0254464245,0.3943917796
1074,0,0.0178682739,0.3257384176
1076,0,0.0209038805,0.3908660889
1077,0,0.0123747499,0.2495065708
1078,0,0.0041762524,0.1115949398
1079,0,0.0017490474,0.0554655524
1080,0,0.0046197175,0.0929904814
1081,0,0.0077845270,0.1610016867
1082,0,0.0115559579,0.2280997184
1087,0,0.0800884986,0.6554984148
1088,1,0.0025394735,0.0853773525
1091,0,0.0007377499,0.0114012750
1095,0,0.0007040112,0.0159905209
1096,1,0.1916581737,0.6162946211
1098,0,0.0017595792,0.0433346702
1099,0,0.0005666381,0.0161262819
1101,0,0.0003727594,0.0098995549
1102,0,0.0002375694,0.0070427722
1103,0,0.0132176439,0.2014553832
1104,0,0.0008165336,0.0184790942
1106,0,0.0002844075,0.0058560409
1107,0,0.0014930533,0.0337157756
1111,0,0.0044246242,0.0933703316
1112,0,0.0042117068,0.1051637543
1113,0,0.0118182090,0.2165923674
1114,0,0.0005957557,0.0163759583
1115,0,0.0005038994,0.0150615665
1116,0,0.0028500782,0.0563306637
1117,0,0.0008050301,0.0202911569
1118,0,0.0030589316,0.0646340798
1120,0,0.0629440287,0.5052417480
1121,0,0.0005069980,0.0156906441
1122,0,0.0014187131,0.0333515427
1123,0,0.0021938169,0.0504727793
1125,1,0.2359413854,0.8508898089
1126,0,0.0075448536,0.1563650536
1127,0,0.0019048668,0.0309580930
1129,0,0.0015798098,0.0361424154
1131,0,0.0062220426,0.1027064196
1132,0,0.0004626054,0.0117909278
1133,0,0.0701874963,0.6075777011
1134,0,0.0060035705,0.1119783918
1135,0,0.0128072479,0.2283636060
1136,0,0.0040578480,0.0717536627
1137,0,0.0042088351,0.0758054137
1138,0,0.0012136741,0.0239866905
1139,0,0.0029142951,0.0656452365
1140,0,0.0006379875,0.0178895567
1141,0,0.0017297588,0.0453809184
1142,0,0.0023539139,0.0546012139
1143,0,0.0048994065,0.1160641383
1144,0,0.0030245871,0.0807147200
1145,1,0.5643515106,0.9551128413
1146,0,0.0014340724,0.0316516800
1147,0,0.0151927419,0.2565231843
1148,0,0.0005251821,0.0183530848
1149,0,0.1325418529,0.7383418045
1150,0,0.0019215751,0.0431040599
1152,0,0.0089193167,0.1682377377
1154,0,0.0076218160,0.2070986446
1157,0,0.0015002999,0.0530101538
1158,0,0.0094867387,0.1748698825
1159,0,0.0299445701,0.4168473052
1160,0,0.0085836971,0.1617196449
1161,0,0.0028502361,0.0975655946
1162,1,0.2483808893,0.8878223115
1163,1,0.2258994818,0.8624864834
1164,0,0.0129063167,0.2759762811
1167,0,0.0020204519,0.0593860848
1168,1,0.0516915122,0.5488759273
1169,0,0.0090338983,0.2082847482
1171,0,0.0031593892,0.0811563560
1172,0,0.0062670480,0.1767251459
1173,0,0.0026456989,0.0733827864
1174,0,0.0061856286,0.1837179686
1175,0,0.0002625170,0.0067395470
1176,0,0.0005501027,0.0097703973
1177,0,0.0003279622,0.0078981575
1178,0,0.0011256137,0.0184649883
1179,0,0.0677053392,0.5015627674
1180,0,0.0007790654,0.0154023511
1181,0,0.0001644690,0.0044155561
1183,0,0.0031050538,0.0572872437
1185,0,0.0062177361,0.0739632517
1186,0,0.0048703537,0.0756653564
1187,0,0.0025629262,0.0463027175
1189,0,0.0045478404,0.0809028575
1190,0,0.0005145370,0.0097446320
1191,0,0.0009588228,0.0189485505
1192,0,0.0005567519,0.0127159816
1193,0,0.0008516682,0.0166803062
1194,0,0.0039275294,0.0576117573
1195,0,0.0018090533,0.0327188901
1196,0,0.0023492481,0.0437610007
1197,0,0.0001722195,0.0041651349
1198,0,0.0034157523,0.0734976457
1200,0,0.0008831772,0.0169244901
1202,0,0.0138186285,0.2014077924
1204,0,0.0022208423,0.0540864538
1206,0,0.0216694647,0.2976270813
1207,0,0.0047703837,0.1053388571
1208,0,0.0006423346,0.0144086815
1209,0,0.0056466404,0.1096981525
1210,0,0.0888372868,0.5522475256
1212,0,0.0025644338,0.0656377877
1214,0,0.0016337274,0.0378014705
1215,0,0.0017281474,0.0383734842
1216,0,0.0012473993,0.0295143834
1217,0,0.0046217197,0.0908068870
1219,0,0.0009825554,0.0223106177
1220,0,0.0004011199,0.0111336535
1221,0,0.0004361438,0.0110099401
1222,0,0.0035294791,0.0803406181
1223,0,0.1641660352,0.7412338360
1226,0,0.0021189832,0.0548779266
1227,0,0.0056479212,0.1174982228
1228,0,0.0029495846,0.0629408261
1229,0,0.0041562635,0.0896623149
1230,0,0.0183461812,0.2750886309
1231,0,0.0021630776,0.0422539571
1233,0,0.0018526383,0.0405779366
1234,0,0.0460966752,0.5037448869
1235,0,0.0638157793,0.5367665938
1237,0,0.0029458253,0.0789871896
1238,0,0.0010378748,0.0282114972
1241,0,0.0021965972,0.0553468491
1243,0,0.0145904446,0.2683259096
1244,0,0.0767322148,0.6599221406
1245,0,0.0036760328,0.0903426025
1246,0,0.0026852493,0.0692988664
1247,0,0.0024572223,0.0724950572
1249,0,0.0069522180,0.1302080331
1250,0,0.0022570117,0.0646616395
1251,0,0.0039980202,0.1008573670
1253,0,0.0286096861,0.3783139663
1254,0,0.0075351489,0.0851493885
1255,0,0.0010453115,0.0211584952
1256,0,0.0022023190,0.0386519731
1257,0,0.0003013753,0.0065152803
1258,0,0.0009154940,0.0120200614
1259,0,0.0050384558,0.0745509215
1260,0,0.0003037828,0.0061148695
1261,0,0.0001913735,0.0036751793
1262,0,0.0005493880,0.0121876377
1264,0,0.0314947433,0.3226227643
1265,0,0.0033984096,0.0408030697
1267,0,0.0007890925,0.0125291081
1268,0,0.0005732908,0.0102788283
1269,0,0.0040976433,0.0496673053
1270,0,0.0009961466,0.0177889314
1271,0,0.0629216855,0.5100533786
1272,0,0.0005663730,0.0128618345
1276,0,0.0011716996,0.0236618865
1278,0,0.0016894430,0.0337255751
1279,0,0.0170861800,0.2234331808
1281,0,0.0004852683,0.0127882111
1284,0,0.0018317611,0.0329891836
1285,1,0.0038121532,0.0455158147
1286,0,0.0020922991,0.0408203025
1288,0,0.0015469458,0.0331562623
1289,0,0.0075657857,0.1448889782
1290,0,0.0009173936,0.0235521661
1292,0,0.0005897064,0.0129972534
1293,0,0.0017738554,0.0381064275
1294,0,0.0006876864,0.0192389607
1295,0,0.0032788493,0.0713338450
1296,0,0.0585301286,0.5094507827
1297,0,0.0027824366,0.0541935427
1298,0,0.0031327363,0.0647585990
1299,0,0.0114531530,0.1995517391
1303,0,0.0189953571,0.2655876419
1305,0,0.0163428303,0.2152213461
1306,0,0.0019502479,0.0346550931
1307,0,0.0055888567,0.1059736541
1310,0,0.0023142003,0.0520573008
1312,0,0.0008062900,0.0166077714
1313,0,0.0076418853,0.1403278313
1316,0,0.0247373161,0.3219024425
1317,0,0.0024653951,0.0534161207
1320,0,0.0149101475,0.1969251105
1322,0,0.0442920780,0.4864878355
1323,0,0.0263469089,0.4309517348
1324,0,0.0374002581,0.4362730485
1325,1,0.6550789982,0.9690175106
1328,0,0.0063823317,0.1027601658
1329,0,0.0029360115,0.0625244519
1330,0,0.0020248188,0.0500582376
1331,0,0.0052184636,0.0958151853
1333,0,0.0071009595,0.1461235126
1334,0,0.0021167015,0.0554845873
1335,1,0.0257969230,0.3610907701
1336,1,0.0997823619,0.6844853215
1337,0,0.0051570279,0.1017248176
1340,0,0.0002231131,0.0042585058
1341,0,0.0005694113,0.0093770790
1343,0,0.0001465960,0.0025085435
1347,0,0.0002090647,0.0038082665
1348,0,0.0003002873,0.0050902909
1351,0,0.0025466146,0.0375883297
1352,0,0.0025969607,0.0372530179
1353,0,0.0002222871,0.0041092201
1355,0,0.0015238506,0.0283206917
1356,0,0.0012467320,0.0198619120
1357,0,0.0016155279,0.0288765876
1358,0,0.0035791069,0.0597278321
1359,0,0.0005663344,0.0100558224
1360,0,0.0055012108,0.0788989971
1361,0,0.0001508942,0.0034424474
1363,0,0.0019706821,0.0274261855
1366,0,0.0018187529,0.0301143681
1367,0,0.0198288039,0.2569263671
1368,0,0.0011300947,0.0197685590
1370,0,0.0009767445,0.0184236278
1372,0,0.0005952397,0.0109849446
1373,0,0.0037795938,0.0677986610
1374,0,0.0392768731,0.3963817509
1375,0,0.0012405065,0.0189400601
1376,0,0.0007315351,0.0156000950
1377,0,0.0001609062,0.0036290644
1378,0,0.0088746691,0.1286258996
1382,0,0.0011943311,0.0229064511
1383,0,0.0009517412,0.0160498806
1384,0,0.0029116906,0.0641244524
1386,0,0.0020356434,0.0386340275
1387,0,0.0016880995,0.0350938751
1388,0,0.0030988417,0.0607766721
1389,0,0.0067872390,0.1357991171
1390,0,0.0109986010,0.1796194964
1393,0,0.0094639736,0.1611709347
1394,0,0.0019477724,0.0400095178
1395,0,0.0191147291,0.2485414977
1396,0,0.0020435056,0.0387372027
1397,0,0.0029193698,0.0652565874
1398,0,0.0062405263,0.1048563344
1399,0,0.0208040056,0.2726871078
1400,0,0.0183656157,0.2759131554
1401,0,0.2077709437,0.8230630227
1402,0,0.0019824023,0.0636063725
1405,0,0.0077621435,0.1634435872
1408,0,0.0027354110,0.0696831331
1409,0,0.0432266039,0.4747575672
1410,0,0.0117663718,0.1973752126
1411,0,0.0954992890,0.6820803885
1412,0,0.0170822320,0.2284135927
1413,0,0.0575037978,0.5449424879
1414,0,0.0028185848,0.0655024433
1416,0,0.0040631100,0.0981624293
1417,0,0.0113821720,0.1805075688
1418,0,0.0089134600,0.1600109592
1420,1,0.0670738281,0.6200209770
1421,0,0.0009962879,0.0300817673
1423,0,0.0003717468,0.0071631946
1424,0,0.0001409548,0.0029067189
1425,0,0.0042196171,0.0670746899
1431,0,0.0022292253,0.0377779501
1432,0,0.0002605579,0.0054703342
1433,0,0.0008447671,0.0164446340
1435,0,0.0021306013,0.0392522038
1436,0,0.0008055229,0.0175199572
1437,0,0.0013684781,0.0295918220
1438,1,0.0008009569,0.0183693491
1439,0,0.0008445811,0.0176839808
1440,0,0.0004679495,0.0097759072
1441,0,0.0004315970,0.0098271519
1442,0,0.0015693556,0.0230641153
1443,0,0.0004049470,0.0083632244
1446,0,0.0002564330,0.0042817416
1447,0,0.0012334846,0.0256791913
1448,0,0.0009651279,0.0200653857
1451,0,0.0005123530,0.0118544495
1452,0,0.0012132596,0.0215182245
1453,0,0.0009728481,0.0180108131
1454,0,0.0012711843,0.0239630529
1455,0,0.0059269303,0.1023634172
1456,0,0.0174639637,0.2366005566
1457,0,0.0042139492,0.0607955666
1458,0,0.0026996738,0.0415542892
1459,0,0.0167109439,0.2158520007
1460,0,0.0005607104,0.0130068064
1461,0,0.0089297486,0.1318650792
1462,0,0.0085005655,0.1403640528
1464,0,0.0071869879,0.1202323066
1465,0,0.0050146379,0.0891061707
1466,0,0.0061594140,0.1038230931
1467,0,0.0109997930,0.1908381386
1468,0,0.0003154864,0.0074723986
1470,0,0.0040248453,0.0650944606
1471,0,0.0027237459,0.0475200388
1473,0,0.0032803025,0.0725756734
1474,0,0.0030926949,0.0789644153
1475,0,0.1440625205,0.7317460425
1477,0,0.0015607806,0.0326751507
1478,0,0.0026107248,0.0605678055
1479,0,0.0024809147,0.0450801253
1480,0,0.0022824549,0.0581557872
1484,0,0.0036285608,0.0873274232
1485,0,0.0047390133,0.1147118444
1486,0,0.0023012171,0.0493189531
1487,0,0.0009866602,0.0312590069
1488,0,0.0252523101,0.3846820002
1489,0,0.0051619758,0.1103091916
1491,0,0.0031413571,0.0726356908
1492,0,0.0044137236,0.1259582837
1494,0,0.0274142006,0.3892685086
1495,0,0.0121855474,0.2365008534
1496,0,0.0043553744,0.1361664600
1497,1,0.6349660244,0.9690567189
1498,0,0.0094013222,0.1944322229
1499,0,0.0067841385,0.1239673148
1500,0,0.0331114129,0.4010833332
1501,0,0.0108698733,0.2024484824
1504,0,0.0056206767,0.1445979026
1506,0,0.0276137822,0.4025996599
1507,0,0.0078312749,0.1728411417
1508,0,0.0856507995,0.7119124043
1510,1,0.0031048237,0.1046732552
1511,0,0.0006926708,0.0139077825
1512,0,0.0003666541,0.0085687710
1513,0,0.0001037739,0.0031408794
1514,0,0.0003701558,0.0081779560
1515,0,0.0011156102,0.0248931842
1516,0,0.0006993211,0.0163594606
1517,0,0.0043418265,0.0818609677
1518,0,0.0001365827,0.0041137566
1520,0,0.0004765595,0.0124908125
1521,0,0.0007481645,0.0162795020
1522,0,0.0004046675,0.0089532072
1523,0,0.0007096577,0.0194658199
1524,0,0.0006637976,0.0152442627
1526,0,0.0539825426,0.3852116860
1527,0,0.0011080595,0.0208869543
1529,0,0.0006657365,0.0150383550
1531,0,0.0020274949,0.0420656229
1532,0,0.0006205082,0.0167511709
1533,0,0.0002926711,0.0074738337
1534,0,0.0039484748,0.0860285427
1535,0,0.0016436224,0.0253412279
1536,0,0.0016473501,0.0351136697
1537,0,0.0101422035,0.1873332605
1540,0,0.0049275740,0.1014296228
1541,0,0.0014251270,0.0327159248
1542,0,0.0360290965,0.3657093102
1543,0,0.0407984715,0.4584720760
1545,0,0.0701046047,0.5810187529
1546,0,0.0023194221,0.0597268343
1547,0,0.0101518155,0.1882735690
1548,0,0.0379887671,0.4409288828
1549,0,0.0115267249,0.2296153742
1550,0,0.0023450348,0.0581594057
1551,0,0.0025560360,0.0623555207
1553,0,0.0034674734,0.0619109767
1554,0,0.1316432188,0.7419227863
1555,0,0.0006350408,0.0188578890
1556,0,0.0083900986,0.1577327365
1557,0,0.0068479654,0.1843694220
1558,0,0.0013364683,0.0419858532
1559,0,0.0080617361,0.1787942347
1560,0,0.0071475776,0.1816275499
1563,0,0.0532150342,0.5170869797
1564,0,0.0521104510,0.5847558667
1566,0,0.0081777500,0.1676396889
1570,0,0.0083973989,0.2177603926
1571,0,0.0127459106,0.2810387454
1573,0,0.0986239662,0.7459862626
1574,0,0.0150557902,0.3103165613
1576,0,0.0187951830,0.3121397284
1577,0,0.0165287405,0.3240254297
1578,0,0.0276582213,0.4448193150
1579,0,0.0146627259,0.3151671453
1580,0,0.0197735562,0.3749072126
1582,0,0.0022171786,0.0846814050
1583,0,0.0148942157,0.3739341252
1584,1,0.3022372641,0.9095604782
1586,0,0.0443597852,0.5944575863
1588,0,0.0126833697,0.3268190244
1589,0,0.0139270592,0.3143516630
1590,0,0.0054322598,0.1606413658
1592,0,0.0406879101,0.5530940476
1593,0,0.0239027218,0.4325205653
1595,0,0.0500570443,0.5985098214
1596,1,0.1045071872,0.7834625160
1597,0,0.0010110343,0.0224946941
1598,0,0.0028517155,0.0585934345
1599,0,0.0004900278,0.0092451696
1600,0,0.0069996326,0.1271418306
1602,0,0.0026649178,0.0440313525
1603,0,0.0004378591,0.0152938341
1604,0,0.0003795629,0.0125456807
1605,0,0.0010756126,0.0273058791
1607,0,0.0024271345,0.0591295089
1608,0,0.0067179903,0.1115625588
1609,0,0.0002745415,0.0095625499
1610,0,0.0010031303,0.0278038383
1611,0,0.0027714489,0.0671772430
1612,0,0.0004137404,0.0130911724
1614,0,0.0928281093,0.6596228665
1615,0,0.0009935718,0.0233382456
1616,0,0.0132417175,0.2269672108
1618,0,0.0013077599,0.0341663346
1620,0,0.0021239734,0.0602130787
1621,0,0.0088149156,0.1836880319
1622,0,0.0013117658,0.0343232799
1624,0,0.0033067678,0.0564563872
1626,0,0.0058496653,0.1442987516
1628,0,0.0021820216,0.0592156526
1629,0,0.0014865107,0.0477488781
1632,0,0.0016378311,0.0514016988
1633,0,0.0044437587,0.1171709917
1634,0,0.0140824830,0.2618841393
1635,0,0.0820400865,0.7079839527
1636,0,0.1089781344,0.7409309622
1638,0,0.0065324131,0.1598628347
1639,0,0.0069341994,0.1663534831
1640,0,0.0038974467,0.1049784329
1641,0,0.0046272128,0.1008918646
1642,0,0.0021747070,0.0611746876
1643,0,0.0026705098,0.1034841308
1644,0,0.0024570570,0.0747394808
1645,0,0.0042441072,0.0947878023
1646,0,0.0077187360,0.1824350185
1648,0,0.0065757027,0.1588045428
1649,0,0.0286950075,0.4622415854
1652,0,0.0779027879,0.6983895073
1654,0,0.2521931381,0.8939259868
1655,0,0.5147095274,0.9571322619
1656,0,0.0056469438,0.1776095227
1657,0,0.0287629999,0.4188038103
1658,0,0.0163976716,0.3715590263
1660,0,0.0086055862,0.1793647166
1661,0,0.0396384567,0.5428715235
1662,0,0.0234230130,0.4691186759
1663,0,0.0211742088,0.4875857064
1664,0,0.0091240133,0.2503237677
1666,0,0.0053722198,0.1931838336
1667,0,0.0105692534,0.2893003839
1669,0,0.0061518575,0.1631679322
1672,0,0.0191822352,0.4042789283
1673,0,0.1192242964,0.8102149107
1674,0,0.0113880208,0.3386839365
1675,0,0.0180343908,0.3612143898
1676,0,0.0221506237,0.4239009943
1677,0,0.0113119877,0.3999304987
1678,0,0.0063720087,0.2316382927
1680,0,0.0278679088,0.5189730625
1681,0,0.0141310810,0.3796067307
1683,1,0.0129822118,0.3871305994
1689,0,0.0025816323,0.0647971496
1690,0,0.0024557952,0.0650654276
1691,0,0.0011554689,0.0428410655
1694,0,0.0004088978,0.0142897596
1696,0,0.0057882908,0.1341221425
1697,0,0.0027983382,0.0760198637
1699,0,0.0011743513,0.0260828140
1701,0,0.0009854446,0.0329369637
1703,0,0.0122774116,0.2449312618
1704,0,0.0040763647,0.0946554695
1705,0,0.0064595668,0.1736726920
1706,0,0.0010787197,0.0304739683
1708,0,0.0035779415,0.0986230591
1709,0,0.0019853657,0.0568385095
1712,0,0.0209217357,0.3721459559
1713,0,0.0015741725,0.0513664694
1716,0,0.0026519405,0.0596187369
1717,0,0.0031794963,0.0722198426
1718,0,0.0694574966,0.6303437842
1719,0,0.0019125749,0.0557398630
1720,0,0.0042064117,0.1207198074
1722,0,0.0065733362,0.1708339800
1723,0,0.0037442298,0.0919718766
1724,0,0.0128643465,0.2454714335
1727,0,0.0061038306,0.1515926259
1730,0,0.0075898195,0.1975813260
1731,0,0.0447937756,0.5661105861
1735,0,0.0034517812,0.1047720160
1737,0,0.0051677483,0.1280302323
1738,0,0.0046478756,0.1089139001
1741,0,0.0067488205,0.1859731666
1742,0,0.0199209896,0.4362410497
1743,0,0.0475945689,0.6211791235
1744,0,0.0022929685,0.0758349411
1745,0,0.1211368969,0.8107481043
1746,0,0.0036324149,0.1230509267
1747,0,0.0248313818,0.4116797926
1748,0,0.2160450404,0.8211518400
1749,0,0.0029535116,0.1304619398
1750,0,0.0088728030,0.2585789031
1752,0,0.0148867516,0.3432695531
1753,0,0.0094140826,0.2790856731
1757,0,0.4645134681,0.9673984405
1758,0,0.1522996788,0.8700816681
1760,0,0.0104445164,0.3268531374
1761,0,0.0383886807,0.5849733781
1762,0,0.0245490099,0.4492783418
1764,1,0.0025191438,0.0901090611
1765,0,0.0092540665,0.2475820861
1766,0,0.0088124534,0.2052742450
1768,0,0.0025304616,0.0635091448
1769,0,0.0019572611,0.0498489604
1770,0,0.0047357251,0.1032558169
1771,0,0.0003727361,0.0136953673
1774,0,0.1461641952,0.7511581052
1776,0,0.0096176411,0.2082840183
1777,0,0.0005611357,0.0186499817
1778,0,0.0011650543,0.0427158381
1779,0,0.0193708225,0.3287030678
1780,0,0.0045985690,0.1078755682
1784,0,0.0041682392,0.1333056775
1785,1,0.5072387619,0.9195455761
1786,0,0.0035146250,0.0865000869
1787,0,0.0017480840,0.0364193861
1788,0,0.0031964025,0.0906605829
1789,0,0.0151612256,0.2906662470
1790,1,0.4180215077,0.9366855390
1791,0,0.0021872612,0.0592411115
1793,0,0.0115509047,0.2837106612
1794,0,0.0039375068,0.0987989167
1795,0,0.0082415880,0.2053512879
1796,0,0.0016886895,0.0637535723
1797,0,0.0019323887,0.0690879816
1798,0,0.0059259588,0.1704063834
1801,0,0.0019235501,0.0728915424
1802,0,0.0048539071,0.1579331141
1804,0,0.0024010235,0.0768225865
1805,0,0.0587951834,0.6330682131
1806,0,0.0677538582,0.7259975337
1808,0,0.0020757711,0.0531682003
1809,1,0.4718674853,0.9164869244
1811,0,0.0854660828,0.7362643627
1816,0,0.0057201240,0.1611973804
1818,0,0.0024331032,0.0827962925
1819,0,0.0030882345,0.1033048207
1820,0,0.0147498975,0.3283959939
1821,0,0.0375306584,0.5534358411
1823,0,0.0098879739,0.2311410195
1824,0,0.0539341691,0.6085704072
1825,0,0.3782527188,0.9389931260
1826,0,0.0075648756,0.2084084507
1827,0,0.0075621178,0.2505349576
1828,0,0.0397041065,0.6306396745
1830,0,0.0119603432,0.2480062557
1831,0,0.0162162620,0.3479883508
1832,0,0.0649064397,0.7311452829
1833,0,0.0362626513,0.5525143404
1835,0,0.0120693412,0.2908014092
1836,0,0.0046986397,0.1851744771
1837,0,0.0085191569,0.2734787230
1838,0,0.0147771127,0.3425818050
1839,0,0.0053292261,0.1892458197
1840,0,0.0019399746,0.0493472926
1841,0,0.0011400092,0.0375617735
1842,0,0.0084517290,0.1667946310
1843,0,0.0003151541,0.0123588009
1845,0,0.0037568027,0.1041186357
1846,0,0.0009128124,0.0310602851
1847,0,0.0005332139,0.0213150426
1852,0,0.0035386014,0.1142791533
1853,0,0.0017644682,0.0490450011
1855,0,0.0026105976,0.0699492557
1857,0,0.0009747717,0.0275595598
1858,0,0.0076629201,0.1672319578
1859,0,0.0005741535,0.0185186354
1860,0,0.0029167394,0.0916645469
1861,0,0.0007036684,0.0160236782
1863,0,0.0143937165,0.2277769765
1864,0,0.0024033623,0.0749129453
1865,0,0.0030057348,0.0843595528
1867,0,0.0007005972,0.0257938390
1869,0,0.0819098333,0.6910522481
1870,0,0.0013800510,0.0390263974
1871,0,0.0073398402,0.1830542791
1872,0,0.0016740750,0.0463429311
1873,0,0.1047904101,0.7404221609
1874,0,0.1374983168,0.7857845529
1876,0,0.0173423862,0.3458194547
1877,0,0.1055668883,0.7577372530
1881,0,0.0040173709,0.1135508935
1882,0,0.0619602160,0.6398705143
1883,0,0.0223748010,0.3874266312
1884,0,0.0204249843,0.4081423471
1885,0,0.0023130830,0.0682405199
1886,0,0.0086403695,0.1746180367
1887,0,0.0102013211,0.2479478372
1889,0,0.0065738301,0.1607770526
1891,0,0.0137790962,0.2716017498
1892,0,0.0092170823,0.2314238358
1894,0,0.0028941409,0.1001241339
1896,0,0.0845738003,0.7375314038
1898,0,0.0065128879,0.2005856439
1899,0,0.1158870717,0.7914124650
1900,0,0.0032422652,0.1155869943
1901,0,0.0019984766,0.0856883592
1902,0,0.0062209844,0.1816642371
1903,0,0.0066116424,0.1944917274
1908,0,0.0312945932,0.5253966466
1909,0,0.0156149679,0.3391252463
1910,0,0.0363138460,0.5664321169
1911,0,0.0066567013,0.2486993536
1912,0,0.1288113419,0.8336037108
1914,0,0.0071895467,0.2122607813
1916,0,0.0119168499,0.3214234792
1918,0,0.0742720106,0.7401736676
1919,0,0.0008545112,0.0209723859
1921,0,0.0055107343,0.0990213418
1922,0,0.0013365787,0.0343091785
1923,0,0.0006449161,0.0166658818
1924,0,0.0006253615,0.0175443862
1925,0,0.0081916825,0.1675173930
1926,0,0.0017342378,0.0427358448
1928,0,0.0010305364,0.0389216940
1929,0,0.0005816045,0.0176490366
1930,0,0.0208971152,0.3110123813
1931,0,0.0010768219,0.0351580792
1932,0,0.0017614362,0.0472745594
1933,0,0.0006299357,0.0198090604
1934,0,0.0027373070,0.0492144006
1935,0,0.0040878692,0.0956201810
1938,0,0.0021893674,0.0625967148
1940,0,0.0076486804,0.1678101880
1941,0,0.0019652144,0.0556912590
1942,0,0.1835629695,0.7942258721
1943,0,0.0038252862,0.0985984068
1944,0,0.0024032003,0.0620965422
1945,0,0.0030881638,0.0714827375
1946,0,0.0014629888,0.0297429559
1948,0,0.0386515659,0.4847242920
1949,0,0.0051953726,0.1278693448
1950,0,0.0052373850,0.1196118233
1953,0,0.0730780468,0.6497259142
1954,0,0.0029213713,0.0829760491
1955,0,0.0160148015,0.3045536903
1956,0,0.0294050072,0.4587983236
1957,0,0.0036329968,0.1206511950
1959,0,0.0046271982,0.1627352416
1961,0,0.0708101159,0.6170337551
1962,0,0.0748705481,0.6381344224
1963,0,0.0206419394,0.3880676994
1964,0,0.0037070295,0.1153397836
1967,0,0.0099417339,0.2426481061
1968,0,0.0108570284,0.2093237332
1970,0,0.0018365939,0.0786977758
1971,0,0.2541928125,0.9111287911
1972,0,0.0292470238,0.4465416846
1973,0,0.0029855567,0.0906670329
1974,0,0.0033662506,0.0977512164
1975,0,0.0593843998,0.6544899737
1976,0,0.0191534055,0.3882784480
1978,0,0.0023871641,0.0927933797
1980,0,0.0131688502,0.3989163397
1984,0,0.0196812741,0.4422310254
1986,0,0.0266931033,0.4820218262
1987,0,0.0394944975,0.5829030914
1988,0,0.0031742385,0.1251250819
1989,0,0.0028947304,0.1466554468
1992,0,0.0123793289,0.2970433147
1993,0,0.0323186916,0.5464499074
1994,0,0.0142012551,0.3704965398
1995,0,0.0103072748,0.2813163375
1996,0,0.0902684614,0.7554323727
1998,0,0.0154430566,0.1926802685
1999,0,0.0001959368,0.0075152562
2001,0,0.0056076475,0.1035555172
2004,0,0.0014562563,0.0361410081
2005,0,0.0101645911,0.1976396879
2007,0,0.0059903600,0.1305041621
2008,0,0.0012427070,0.0324317869
2009,0,0.0009827182,0.0259394273
2010,0,0.0007158410,0.0180909678
2011,0,0.0584886347,0.5399480452
2014,0,0.0046472603,0.0855900571
2015,0,0.0692332973,0.5769975965
2016,1,0.2479520748,0.8721769237
2017,0,0.0063393309,0.1414146902
2018,0,0.0050682771,0.1195016493
2019,0,0.0043750385,0.1041179265
2020,0,0.0003867641,0.0112771846
2021,0,0.0003559674,0.0145552432
2022,0,0.0046779333,0.0911838524
2025,0,0.0004700126,0.0133069968
2026,0,0.0027884515,0.0779531340
2027,0,0.0170348863,0.3200249267
2029,0,0.0032280959,0.0888137773
2032,0,0.2823377276,0.8794150250
2033,0,0.0054517152,0.1405671358
2035,0,0.0107819703,0.2451314886
2036,0,0.0004451606,0.0157915755
2037,0,0.0053344348,0.1257111627
2038,0,0.0018123760,0.0559915920
2041,0,0.0031620040,0.0863036660
2042,0,0.0015721997,0.0478491922
2046,0,0.0045995816,0.1320768352
2049,0,0.0083552985,0.2039699547
2050,0,0.0069928362,0.1755268216
2053,0,0.0079005120,0.1733258173
2055,0,0.0009634700,0.0323593730
2056,0,0.0079895559,0.1985301719
2058,0,0.0283257894,0.4485928375
2059,0,0.0100944764,0.2364992715
2060,0,0.0055410136,0.2148379553
2061,0,0.0152764153,0.2890720216
2062,0,0.0435346404,0.5745671317
2065,0,0.0110178730,0.2686079576
2066,0,0.0248994356,0.4282037542
2067,0,0.0066510541,0.1770257381
2069,0,0.0124175482,0.3016413586
2070,0,0.0186456871,0.4353099298
2071,0,0.0458037886,0.5788268559
2072,0,0.2614786111,0.9089415122
2073,0,0.0104608984,0.2634816493
2074,0,0.0116817185,0.2839160559
2075,0,0.0070693368,0.1889411398
2076,1,0.5345079307,0.9627218763
2077,0,0.0107887753,0.2778305824
2079,0,0.0050907663,0.1436285016
2080,0,0.0084761639,0.2484131027
2083,0,0.0050370029,0.1848149862
2084,0,0.0005765514,0.0189675162
2085,0,0.0049043610,0.0827318471
2086,0,0.0056557830,0.1200233308
2089,0,0.0018717659,0.0466103247
2090,0,0.0028246895,0.0590890590
2091,0,0.0066620291,0.1414506314
2093,0,0.0117759857,0.2100764540
2094,0,0.0029616599,0.0708945087
2096,0,0.0043495341,0.0753482026
2097,0,0.0311208031,0.3928397017
2100,0,0.0009701841,0.0252251224
2107,0,0.0007306489,0.0163683502
2108,0,0.0067080493,0.1480283336
2109,0,0.0189934096,0.4018452610
2110,0,0.0060291934,0.1443212564
2112,0,0.0205944752,0.3164875560
2113,0,0.0025397885,0.0687747371
2114,0,0.0034134321,0.0850787455
2116,0,0.0159999636,0.3148355986
2118,0,0.0035546016,0.1066206688
2122,0,0.0018820019,0.0587178765
2123,0,0.0046794756,0.1442339575
2124,0,0.0041593726,0.0984813064
2125,0,0.0029335050,0.0915346215
2126,1,0.6784419344,0.9773574612
2128,0,0.0022551799,0.1001133436
2129,0,0.0034874963,0.0793565717
2131,0,0.3200635695,0.9182255568
2132,0,0.0211789975,0.3935359662
2133,0,0.0025378439,0.0658114051
2134,0,0.0038824905,0.1271639380
2136,0,0.1046713334,0.7311865140
2137,0,0.0499125398,0.5855073356
2139,0,0.0138383074,0.3010674383
2140,0,0.0392114555,0.5530972520
2142,0,0.0052517319,0.1739670311
2143,0,0.4846735059,0.9601452026
2144,0,0.0650329909,0.7088290682
2145,0,0.0122673951,0.3007475906
2147,0,0.0156523864,0.3424808467
2148,0,0.0053547258,0.1462330046
2149,0,0.0110623370,0.2785073512
2150,0,0.0080802311,0.2317071132
2151,0,0.0145342500,0.4254407292
2154,0,0.0142970700,0.3952506988
2155,0,0.0040471771,0.1357164149
2156,0,0.0299528810,0.5441564682
2157,0,0.0144828229,0.3870425630
2159,0,0.0895943185,0.7869217092
2160,0,0.0035050980,0.1266592155
2163,0,0.0079272085,0.2324092975
2164,0,0.0125738523,0.3469466302
2165,0,0.0221064177,0.4451709402
2166,0,0.1728695044,0.8672200823
2167,1,0.0163523123,0.3547583700
2168,0,0.0023723303,0.0703568933
2169,0,0.0071802103,0.1564820555
2171,0,0.0029580859,0.0673568744
2172,0,0.0079148137,0.1301660628
2174,0,0.0015604057,0.0474706192
2175,0,0.0010495903,0.0296934014
2176,0,0.0012075010,0.0300758091
2178,0,0.0039283985,0.0913408017
2179,0,0.0047786117,0.1089999368
2180,0,0.0012106994,0.0348167475
2181,0,0.0018323769,0.0645361358
2183,0,0.0941068344,0.7099366989
2184,0,0.0044120970,0.1023964959
2185,0,0.0077318204,0.1677622244
2186,0,0.0026488815,0.0679964802
2188,0,0.0097145498,0.2177885510
2189,0,0.0055677681,0.1337736006
2190,0,0.0069743624,0.1746017646
2192,0,0.0053995092,0.1382594679
2195,0,0.0020128869,0.0601452118
2197,0,0.0019351200,0.0606017269
2199,0,0.0045902585,0.1387120699
2201,0,0.0035947708,0.0884799391
2202,0,0.0072286941,0.1912509743
2203,0,0.0022567759,0.0698015578
2206,0,0.0082887091,0.2117751135
2207,0,0.1044217366,0.7607546351
2208,0,0.0118633996,0.2305235446
2209,0,0.0041438608,0.1410716685
2210,0,0.0338519971,0.5029913604
2211,0,0.1250065477,0.7882767089
2212,0,0.1924720216,0.8811869527
2214,0,0.0067719600,0.1932685374
2215,0,0.0038267672,0.1565563103
2218,0,0.1291048563,0.8040828910
2220,0,0.0370214240,0.5665222137
2221,0,0.0024883062,0.0836981133
2222,0,0.4953947228,0.9604683256
2223,0,0.0091042481,0.2418173728
2224,0,0.0559956227,0.6563808692
2225,0,0.0054152472,0.1729497096
2227,0,0.0023963484,0.0838705231
2229,0,0.0222522264,0.4858479084
2230,0,0.0117773001,0.2629465095
2231,0,0.0559281533,0.6484352991
2232,0,0.4691775610,0.9595174019
2233,0,0.0128695912,0.3374971326
2234,1,0.7105842328,0.9791678499
2235,0,0.0262721102,0.5107177910
2236,0,0.0200781541,0.4296839103
2239,0,0.2166923693,0.8927876121
2240,0,0.0924043521,0.7685357901
2241,0,0.0584246635,0.6936033844
2242,0,0.0187285113,0.4146971427
2243,0,0.0091639682,0.2412539016
2244,0,0.0049721653,0.1644472426
2245,1,0.0167401486,0.4455244027
2246,0,0.0015300504,0.0426282860
2247,0,0.0051221310,0.1409528765
2248,0,0.0050498340,0.1183791401
2250,0,0.0088292418,0.1876959654
2253,0,0.0021739019,0.0707598283
2254,0,0.0459286138,0.5383903930
2256,0,0.0013943155,0.0449745760
2258,0,0.0048283489,0.1199756469
2260,0,0.0404049908,0.5368967486
2261,0,0.0006248224,0.0278527854
2265,0,0.0031425019,0.0906323242
2266,0,0.0095710483,0.2227277093
2267,0,0.2560749525,0.8830606575
2268,0,0.0340344744,0.4841989306
2269,0,0.0184365194,0.3474111638
2272,0,0.0059255127,0.1439370115
2273,0,0.0449822845,0.5974480398
2274,0,0.0020979031,0.0714038641
2276,0,0.0085000716,0.1692422756
2277,0,0.0851041188,0.6717785244
2279,0,0.0006821662,0.0303249276
2280,0,0.0079205377,0.2055531729
2281,0,0.1799702879,0.8366692591
2282,0,0.0074533442,0.1953671137
2283,0,0.0402992931,0.5431814182
2284,0,0.0495171872,0.6038521143
2285,0,0.0778046583,0.6988091568
2286,0,0.1811442349,0.8459489536
2287,0,0.1095870112,0.7647135712
2288,0,0.0037873383,0.0911929945
2290,0,0.0051665718,0.1288644020
2291,0,0.0226459672,0.4605638019
2292,0,0.0033889218,0.0971549316
2293,0,0.1433842403,0.8163403173
2294,0,0.0081422278,0.2184710159
2295,0,0.0062152335,0.1774952362
2296,0,0.0069979297,0.1947315058
2297,0,0.0434849591,0.5372177788
2298,0,0.0077967075,0.2045511666
2299,0,0.0048753042,0.1308406094
2300,1,0.7943627024,0.9881428733
2301,0,0.0526743758,0.6094851770
2302,0,0.0062276509,0.1971560945
2304,0,0.1315264027,0.8029625289
2305,0,0.0080844269,0.2361405102
2306,0,0.0107952520,0.3789866569
2308,0,0.0053464773,0.2040630364
2309,0,0.2080474456,0.8813418006
2310,0,0.0060860945,0.1761106360
2311,0,0.1209028138,0.8209027370
2312,0,0.0060348656,0.2056319515
2313,0,0.0019403917,0.0870977557
2314,0,0.0030944295,0.1124991404
2317,0,0.0237877303,0.4539178901
2318,0,0.0049117497,0.1327935347
2319,0,0.1372368963,0.8136815398
2320,0,0.0242492373,0.4684068486
2321,0,0.0031612049,0.1320150028
2322,0,0.0556654846,0.6932103225
2323,0,0.0422940956,0.6098890526
2324,0,0.0393420637,0.6225455019
2326,0,0.0201462641,0.4220718623
2327,0,0.3292552437,0.9400029238
2328,0,0.1077814848,0.8168543148
2329,0,0.0264374970,0.4705738087
2330,0,0.0378124686,0.5931263549
2331,0,0.0457417209,0.6424376315
2332,1,0.2889365418,0.9299428021
2333,1,0.1401752216,0.8554735210
2334,0,0.0810882495,0.7521528566
2335,0,0.0564913535,0.7115725674
2337,0,0.0084666354,0.1854045467
2338,0,0.0032796657,0.0754211774
2339,0,0.0008147578,0.0257872906
2342,0,0.0045664988,0.1318598292
2344,0,0.1150521609,0.7179191541
2345,0,0.0009476255,0.0324132037
2346,0,0.0020021912,0.0582074727
2348,0,0.0022624628,0.0758941741
2349,0,0.0036137228,0.0986229936
2350,0,0.0010505253,0.0327253220
2353,0,0.0042970862,0.1176909657
2354,0,0.0015276483,0.0322929150
2356,0,0.0768722179,0.6865751356
2357,0,0.0019665209,0.0664447742
2358,0,0.0029773345,0.0817861318
2360,0,0.0011489461,0.0315936480
2361,0,0.0312386042,0.5642126125
2362,0,0.0033319665,0.1065126028
2363,0,0.0053346832,0.1553348481
2364,0,0.0312929012,0.4722591886
2365,0,0.0189523865,0.3584301722
2366,0,0.0042311178,0.1166668321
2367,0,0.0199041148,0.3317976437
2368,0,0.0035320251,0.1193874334
2369,0,0.0052592237,0.1818880898
2370,0,0.0019734818,0.0578704184
2371,0,0.0068822917,0.1817725368
2372,0,0.0093161867,0.2499081069
2373,0,0.0195887148,0.4293687687
2374,0,0.0363101324,0.5392227543
2375,0,0.0047658458,0.1564585693
2376,0,0.0004979387,0.0205477568
2377,0,0.0258636164,0.4570903695
2378,0,0.0657647493,0.6834838673
2379,0,0.1274073963,0.8187166993
2380,0,0.0149678460,0.3742693837
2381,0,0.1741425425,0.8523409801
2383,0,0.0036784739,0.1206647990
2385,0,0.0035394707,0.1156823869
2388,0,0.0383691863,0.5749300877
2390,0,0.0268827450,0.4482816435
2391,0,0.0168007995,0.3762939265
2392,0,0.0051714437,0.1730759518
2393,0,0.0365000214,0.5649706731
2394,0,0.0361014693,0.5070743625
2395,0,0.0136667145,0.2948156634
2399,0,0.0353995033,0.5582349836
2400,0,0.0110784354,0.3184831102
2401,0,0.2305790574,0.9077939485
2403,0,0.0448257369,0.6205929143
2404,0,0.1020241957,0.7880132038
2406,0,0.0125789365,0.3188593520
2407,0,0.0177487401,0.3991646379
2408,0,0.0494979849,0.6178755781
2409,0,0.1160865554,0.8190511690
2410,0,0.1917505543,0.8759407736
2412,0,0.0293626291,0.5046307424
2413,0,0.0524256175,0.6484013313
2416,0,0.0008145859,0.0284474742
2419,0,0.0043414320,0.0985567605
2420,0,0.0028968955,0.0767042934
2424,0,0.0025321324,0.0718241642
2425,0,0.0020940770,0.0539894646
2426,0,0.0887689252,0.6840955935
2427,1,0.2310140801,0.8652589850
2429,0,0.0040660541,0.1206761694
2430,0,0.0191575542,0.3353516989
2432,0,0.0174610108,0.3157330010
2433,0,0.0115599232,0.2053338849
2435,0,0.0012595958,0.0492758453
2436,0,0.0033302525,0.0897985944
2437,0,0.0012016583,0.0445015287
2438,0,0.0026608534,0.0819892489
2440,0,0.0041965315,0.1174147889
2441,0,0.0236362621,0.4062795774
2442,0,0.0039313984,0.1044719411
2443,0,0.0129000189,0.2976795720
2448,0,0.0249609027,0.4159105596
2450,0,0.0028298849,0.0787426057
2451,0,0.0029678654,0.0725596850
2452,0,0.0023989047,0.0566225037
2453,0,0.0520956442,0.5526332264
2455,0,0.0038193336,0.1075712471
2456,0,0.0098292505,0.2066711955
2458,0,0.0052655607,0.1404598004
2459,0,0.0182416216,0.3452511683
2461,0,0.0307049362,0.4718128156
2462,0,0.0049913925,0.1394246604
2463,0,0.0305683438,0.4566959163
2464,0,0.0156043783,0.2766685784
2466,0,0.0078207651,0.1701749196
2468,0,0.0022085557,0.0805386084
2469,0,0.0085892035,0.2372092787
2470,0,0.0053914266,0.1539423426
2471,0,0.0254449402,0.4036879518
2473,0,0.2308905065,0.8803325184
2474,0,0.0066105594,0.2009964713
2476,0,0.0179889426,0.3781879821
2477,0,0.0059312817,0.2092650963
2478,0,0.2923852726,0.9119885760
2479,0,0.0693922760,0.7018016630
2480,0,0.0113201440,0.2847859659
2481,0,0.0252724721,0.4423753171
2482,0,0.0313711840,0.5044919468
2484,0,0.0371869953,0.5241375153
2486,0,0.0138649030,0.3040048044
2487,0,0.0097390591,0.2273293237
2488,0,0.0030022505,0.1167622075
2493,0,0.2928956850,0.9278047576
2495,1,0.1129154897,0.8109339808
2496,0,0.0176965006,0.4209509226
2497,0,0.0172337529,0.4079419776
2499,0,0.1192749616,0.7935504275
2500,0,0.0279354653,0.5371696003
2501,0,0.0143570159,0.3340841071
2502,0,0.0261959082,0.5162089475
2504,0,0.0046459708,0.0992165681
2505,0,0.0056275589,0.1114757666
2506,0,0.0036197589,0.0828735811
2507,0,0.0001879235,0.0065932761
2511,0,0.0366712481,0.4353931103
2512,0,0.0023318071,0.0521524249
2513,0,0.0014332489,0.0375187931
2515,0,0.0041205881,0.0839110341
2516,0,0.0004473693,0.0147659597
2517,0,0.0022501182,0.0539738748
2519,0,0.0100045843,0.2129628092
2521,0,0.0069848290,0.1471695991
2522,0,0.0018024623,0.0458545264
2523,0,0.0017473326,0.0428103833
2524,0,0.0031581938,0.0572220172
2525,0,0.0043335970,0.1104285192
2528,0,0.0323899777,0.4514390005
2529,0,0.0008855950,0.0257551808
2530,0,0.0008944364,0.0300279725
2531,0,0.0508770358,0.5513324416
2533,0,0.0040777732,0.0866839895
2536,0,0.0030155740,0.0809784150
2537,0,0.0131057737,0.2671487454
2539,0,0.0361421317,0.4442616930
2542,0,0.0006405813,0.0244234315
2543,0,0.0007753656,0.0318961565
2544,0,0.0018991370,0.0570690161
2546,0,0.0022557382,0.0739615371
2547,0,0.0046075039,0.1175230279
2549,0,0.0009774821,0.0369919155
2550,0,0.0113309663,0.2141990547
2551,0,0.0144880117,0.2929451486
2552,0,0.0057189968,0.1399531340
2553,0,0.0067251300,0.1910714043
2554,0,0.0070554587,0.1740191314
2556,0,0.0044084278,0.1224795074
2558,0,0.0437571822,0.5459153585
2561,0,0.2220754108,0.8763536658
2563,0,0.0161882251,0.3205085687
2564,0,0.0045461255,0.1133735692
2565,0,0.0060225644,0.1699631073
2566,0,0.0229898322,0.4383509165
2569,0,0.0204447876,0.3962782373
2571,0,0.0054204344,0.1545088027
2572,0,0.0112724589,0.2940107963
2574,0,0.0258723348,0.4492175924
2575,0,0.0150349778,0.2903955596
2576,0,0.0897696755,0.7321499470
2578,0,0.0499584133,0.5904403560
2579,0,0.0332555675,0.5097067456
2580,0,0.0068537290,0.1560911689
2581,0,0.0673301133,0.6836459349
2582,1,0.4443050501,0.9543074390
2583,0,0.0127545838,0.3107493976
2584,0,0.0657708020,0.6785168184
2585,0,0.1465509303,0.8286924551
2586,0,0.0186566652,0.4161909398
2588,0,0.1565093303,0.7817034118
2589,0,0.0099320042,0.2300743760
2590,0,0.1589232440,0.7865190728
2591,0,0.0062280999,0.1301712822
2592,0,0.0098952874,0.1901806655
2593,0,0.0122889358,0.1747280313
2594,0,0.0199103394,0.3396780639
2598,0,0.0011950981,0.0323308545
2599,1,0.3317696094,0.8962110223
2601,0,0.0057944501,0.1335251848
2602,0,0.0204071836,0.3118051710
2603,0,0.0020502315,0.0520215447
2604,0,0.0012279693,0.0316040517
2605,0,0.0020245821,0.0503707546
2608,0,0.0169983173,0.2778642463
2610,0,0.0023316688,0.0593956989
2611,0,0.0024714557,0.0771660269
2616,0,0.0029480441,0.0806163655
2617,0,0.1818907881,0.8220502256
2618,0,0.0108054269,0.2107938858
2620,0,0.0104937733,0.2123825270
2621,0,0.0023025000,0.0496448229
2622,0,0.0042444687,0.1077376642
2627,0,0.0021747620,0.0641989673
2629,0,0.0234127461,0.4619696038
2633,0,0.0010232509,0.0328440540
2634,0,0.0119632615,0.2582892551
2637,0,0.1712145115,0.8281256000
2638,0,0.0129759470,0.2954503046
2639,0,0.0048465751,0.1315710233
2640,0,0.0148584414,0.3120344839
2642,0,0.0113467841,0.2927136782
2643,0,0.0196600451,0.3744302529
2644,0,0.0212974591,0.3909435984
2645,0,0.0266263804,0.4156760080
2646,0,0.0062420767,0.1978409360
2647,0,0.0119947018,0.3046059053
2648,0,0.0239135312,0.4425132725
2650,0,0.0161093756,0.3656053773
2652,0,0.0294499789,0.4373448855
2653,0,0.0046920081,0.1348301157
2654,0,0.0106683667,0.2516879908
2655,0,0.0120068255,0.2841088175
2656,0,0.0052549856,0.1694430010
2657,0,0.0769275291,0.7164942479
2659,0,0.0217956485,0.4548500506
2660,0,0.0033894500,0.1351565622
2662,0,0.0231826943,0.4472989379
2663,0,0.0077201899,0.2216549063
2664,0,0.0107214755,0.2851095015
2665,0,0.0242530714,0.4936754271
2666,0,0.1475973065,0.8033266280
2668,0,0.0290120614,0.5318793063
2670,0,0.0079912187,0.3252840526
2671,0,0.1089446092,0.7869778229
2674,0,0.0018949661,0.0365951423
2675,0,0.0014562280,0.0281752509
2676,0,0.0011723904,0.0320819851
2678,0,0.0024011738,0.0565762454
2680,0,0.0074903403,0.1486368070
2683,0,0.0009726172,0.0270366267
2684,0,0.0002321729,0.0074607266
2685,0,0.0009618229,0.0285788957
2686,0,0.0010775777,0.0222821325
2687,0,0.0005543860,0.0158798264
2688,0,0.0234844042,0.3684931321
2689,0,0.0207260615,0.3396845129
2690,0,0.0012293890,0.0353631593
2691,0,0.0012247841,0.0333478408
2692,0,0.0155269244,0.2766682186
2693,0,0.0010116235,0.0291969680
2695,0,0.0058332908,0.1411562297
2696,0,0.0029221248,0.0709969259
2697,0,0.0119606277,0.2323155797
2698,0,0.0005744692,0.0134326245
2702,0,0.0123511163,0.2803918961
2707,0,0.0025173163,0.0686820742
2709,0,0.0337076523,0.3475070405
2710,0,0.0084469276,0.1951626951
2711,0,0.0117191290,0.2494973625
2713,0,0.0266729139,0.5353681933
2715,0,0.0601621754,0.6521965097
2716,0,0.0022065044,0.0636841821
2717,0,0.0239828834,0.4128608915
2719,0,0.0100634595,0.2439874544
2720,0,0.0032357131,0.0894075467
2721,0,0.0112992270,0.2158207442
2722,0,0.0009360401,0.0317048625
2723,0,0.0036452814,0.1039872116
2724,0,0.0413016988,0.5402964581
2725,0,0.0068503455,0.1778000815
2727,0,0.0053539438,0.1702512295
2729,0,0.0048912575,0.1319642960
2731,0,0.0229977619,0.4210711834
2732,0,0.0034054938,0.1018522418
2733,0,0.2015286298,0.8654828531
2735,0,0.0017508184,0.0702420457
2737,0,0.0080035231,0.2382133391
2738,0,0.0141531821,0.3503746790
2739,0,0.0322167558,0.5438972064
2740,0,0.0107029434,0.2769627324
2742,0,0.1040605452,0.7790899170
2745,0,0.0043729894,0.1416850723
2746,0,0.0262111202,0.4583252875
2747,0,0.0351222109,0.5210561779
2749,0,0.0265810431,0.4646528757
2750,1,0.0034464398,0.1126552511
2752,0,0.1487281489,0.8433604364
2753,0,0.0117418413,0.3143979098
2754,0,0.0123119349,0.3058323380
2755,0,0.0071316185,0.2670035894
2756,0,0.0157924579,0.3670750993
2757,0,0.0472914932,0.5994101849
2758,0,0.0053819822,0.1983181540
2759,0,0.0266078699,0.5371402128
2760,0,0.0362315488,0.5716172746
2761,0,0.0201479630,0.4246015349
2762,1,0.7852262178,0.9897869491
2763,0,0.0855494107,0.7575356811
2765,0,0.0127474724,0.2298266708
2767,0,0.0026016235,0.0620041919
2768,0,0.0017176786,0.0409619797
2769,0,0.0014825513,0.0376119142
2770,0,0.0004987119,0.0175256184
2771,0,0.0024667558,0.0507522109
2772,0,0.0009188899,0.0274659826
2773,0,0.0034625871,0.0842060452
2775,0,0.0067379525,0.1508527627
2776,0,0.0556908622,0.5651494330
2777,0,0.0212829679,0.3493211271
2778,0,0.0049570726,0.1217579049
2780,0,0.0166756071,0.3034588339
2785,0,0.0480355618,0.5528295537
2786,0,0.0006823707,0.0227278843
2787,0,0.0004781298,0.0150541491
2789,0,0.0169802697,0.3379732272
2792,0,0.0032448264,0.1066083760
2793,0,0.0023451125,0.0718021248
2794,0,0.0024209330,0.0714339330
2795,0,0.0428855487,0.5405616341
2797,0,0.0032347614,0.0976734855
2798,0,0.0524311368,0.5862251425
2799,0,0.0150737558,0.3035708943
2800,0,0.0094452829,0.2265509492
2801,0,0.0222585839,0.4081275305
2803,0,0.0313312594,0.5102870493
2806,0,0.0146348214,0.3108163520
2808,0,0.0049282901,0.1622448125
2812,0,0.0041605878,0.1247274392
2813,0,0.0028545607,0.1120483745
2817,0,0.0412668725,0.5359856574
2819,0,0.0087482973,0.2196928048
2820,0,0.0545380123,0.6371644024
2821,0,0.0701965809,0.6922793928
2822,0,0.0052031203,0.1573942833
2824,0,0.3650831642,0.9463854422
2825,0,0.0104534753,0.2971808785
2826,0,0.0024495849,0.0998039711
2827,0,0.0047664341,0.1509739468
2829,0,0.0088905976,0.2328430147
2830,0,0.0298436623,0.5158780187
2831,0,0.0087835789,0.2949682879
2832,0,0.1070582981,0.8106718947
2833,0,0.0123520247,0.3632481242
2834,0,0.0218897693,0.4483274929
2835,0,0.0362481590,0.6129480391
2836,0,0.0072235818,0.2392122515
2837,0,0.0420478144,0.6680817228
2838,0,0.0261260261,0.5068921361
2840,0,0.0072424593,0.2372136781
2841,0,0.0107189830,0.4084994189
2842,0,0.0169066588,0.3976256876
2844,0,0.0563379396,0.6982232437
2846,0,0.3947323003,0.9540558213
2847,0,0.0564901742,0.7018916079
2848,0,0.0447530132,0.6568503099
2849,0,0.5399440291,0.9760466670
2851,0,0.0710681581,0.7454664060
2852,0,0.1386013925,0.8655758021
2854,0,0.0384342153,0.6527243756
2855,0,0.0584490466,0.7268351714
2858,0,0.0237653412,0.5567595757
2859,1,0.4340392074,0.9648874466
2860,0,0.2842360570,0.9350719269
2861,0,0.2200820762,0.9216824834
2864,0,0.1491138432,0.8792715673
2867,0,0.0043203014,0.0741130074
2868,0,0.0057923526,0.1932024037
2869,0,0.0088841887,0.1732613538
2871,0,0.0031543646,0.0866954754
2872,0,0.0019746853,0.0647577490
2873,0,0.0022858298,0.0653934515
2874,0,0.0028217721,0.1125421288
2875,0,0.0495235213,0.5614875011
2876,0,0.0025857590,0.0656823348
2877,0,0.0007082808,0.0250374629
2878,0,0.0022930510,0.0751221188
2881,0,0.0038847310,0.1235987017
2883,0,0.0061003731,0.1257950416
2886,0,0.0062165089,0.2030368639
2889,0,0.0159463202,0.3509336793
2890,0,0.0040461666,0.1304968167
2892,0,0.0056171662,0.1549810692
2893,0,0.0671305732,0.6728045987
2894,0,0.0035442773,0.1221870553
2895,0,0.0026007116,0.0826359824
2896,0,0.0349276530,0.5117404160
2899,0,0.0120446019,0.3017050663
2900,0,0.0058994317,0.1844160779
2901,0,0.0045683550,0.1551599715
2902,0,0.0067813485,0.2055740788
2903,0,0.0032746964,0.1346512464
2907,0,0.0046201608,0.1621779518
2908,0,0.0067844666,0.2137220578
2909,0,0.1775323852,0.8699134509
2910,0,0.0450866666,0.5736598763
2914,0,0.0068328829,0.2097322587
2915,0,0.0028022082,0.1092500075
2916,0,0.3150617915,0.9323859542
2917,0,0.0111940939,0.2982853524
2919,0,0.0023381999,0.1051346151
2920,0,0.0150054316,0.3065791111
2921,0,0.0115674258,0.3029555746
2922,0,0.0098345667,0.2359900656
2924,0,0.0832077207,0.7439284955
2925,0,0.0484067356,0.6211687168
2927,0,0.4627626901,0.9573999618
2928,0,0.0896377787,0.7837892876
2929,0,0.0583919643,0.6923060996
2931,0,0.1154500841,0.8800384239
2932,0,0.0317851747,0.5469793335
2933,0,0.0421384875,0.6307108066
2934,0,0.0156440671,0.4085050197
2935,0,0.0712100794,0.7333092956
2936,0,0.0069201105,0.2503538229
2938,0,0.0341797761,0.5643027884
2939,0,0.0080921003,0.2876700258
2941,0,0.4778575712,0.9591430636
2943,0,0.0467998700,0.5424283574
2945,0,0.0011376026,0.0361793846
2948,0,0.0008496537,0.0277738460
2949,0,0.0044549531,0.1141848084
2951,0,0.0096907687,0.2377780574
2952,0,0.0048862961,0.1252985975
2954,0,0.0042329207,0.1202888295
2955,0,0.0011045260,0.0506436596
2956,0,0.0040348184,0.1441393935
2957,0,0.0008034582,0.0306556721
2958,0,0.0244247147,0.4360832797
2959,0,0.0115477827,0.2815738766
2960,0,0.0033558086,0.1138901039
2961,0,0.0173645384,0.3499353132
2962,0,0.0069845119,0.1836455374
2963,0,0.0073780780,0.1673294319
2965,0,0.0062803390,0.1665635433
2967,0,0.0281037930,0.4222663917
2968,0,0.0378117942,0.5651008520
2969,0,0.0023362251,0.0808632344
2970,0,0.0167267741,0.3718024647
2972,0,0.0055896164,0.1850087786
2974,0,0.0341656113,0.5182115822
2975,0,0.0035776952,0.1411071633
2976,0,0.0040856486,0.1659138245
2977,0,0.0104924868,0.2837584925
2978,0,0.0710073240,0.6977302627
2979,0,0.0104717852,0.2862332564
2980,0,0.0121784761,0.3013387151
2981,0,0.0047786872,0.1285593863
2982,0,0.0074435370,0.2468179662
2983,0,0.0135364740,0.3071984703
2984,0,0.1387112880,0.8234546703
2985,0,0.0050913200,0.1571870780
2987,0,0.0660464578,0.6772518488
2988,0,0.0025108196,0.0938386000
2990,0,0.0300260486,0.4985354099
2991,0,0.0066912699,0.1865862071
2992,0,0.0227739363,0.4363259835
2993,0,0.0038831093,0.1280378264
2994,0,0.1430510790,0.8315286122
2996,0,0.0150732289,0.3391998181
2997,0,0.0057408194,0.1871872171
2999,0,0.0144847827,0.3031645335
3000,0,0.6718472371,0.9802209510
3001,1,0.8978514405,0.9954284152
3002,0,0.0333573862,0.5366187141
3003,0,0.0181545005,0.3789696112
3004,0,0.0102158787,0.2727547155
3005,0,0.2379014289,0.8986834123
3006,0,0.0124238910,0.3090480409
3008,0,0.0481987570,0.6417978361
3009,0,0.0140944640,0.3681202339
3010,0,0.0095800686,0.2972101129
3011,0,0.0171497021,0.3980017992
3012,0,0.1508652920,0.8554724397
3013,0,0.0506528599,0.6602387983
3015,0,0.1754699046,0.8657015529
3016,0,0.0071323524,0.2376012798
3017,0,0.1563569038,0.8540337405
3018,0,0.0840164105,0.7651066369
3019,0,0.0094673514,0.2713555367
3020,1,0.2934989230,0.9264013811
3021,0,0.0365987369,0.5930611554
3022,0,0.1740297387,0.8720377512
3025,0,0.0480956682,0.6601600952
3026,0,0.1422073867,0.8561221181
3028,0,0.0011625224,0.0316165129
3029,0,0.0547698139,0.5782959543
3030,0,0.0836707648,0.6188211524
3031,0,0.0007148481,0.0199867160
3032,0,0.0013732256,0.0394408203
3034,0,0.0022924043,0.0529987632
3037,0,0.0056906769,0.1425302193
3040,0,0.0016098523,0.0506496882
3042,0,0.0043741784,0.1221472219
3043,0,0.0045629805,0.1136830055
3045,0,0.0086063105,0.1787547553
3047,0,0.0031923854,0.0981438756
3049,0,0.0181649000,0.2968299716
3050,0,0.0617721897,0.6298171026
3054,0,0.0010075614,0.0471156511
3057,0,0.0039939342,0.1169979715
3058,0,0.0186547184,0.3753501771
3059,0,0.0119096527,0.2674813670
3061,0,0.0070472454,0.1775113709
3062,0,0.2362713059,0.8796044708
3063,0,0.0145320482,0.2739234317
3064,0,0.0168134441,0.3153033662
3065,0,0.0059628377,0.1781319257
3068,0,0.0059160617,0.1446406659
3069,0,0.0025008257,0.0966128147
3071,0,0.0024785571,0.0836646567
3072,0,0.0444426992,0.5433166462
3073,0,0.2087347176,0.8878087654
3074,0,0.0667573679,0.6838251892
3075,0,0.0100565765,0.2506499240
3076,0,0.0088840711,0.2391047902
3077,0,0.0185145845,0.3882288036
3078,0,0.0062166952,0.1704288199
3079,0,0.0966648257,0.7463562410
3080,0,0.1495039285,0.8381067337
3083,0,0.0065661299,0.1903461755
3084,0,0.0066230948,0.1601686994
3085,0,0.0528660006,0.6805913402
3087,0,0.0063017048,0.1638893027
3088,0,0.0358348680,0.5505936902
3089,0,0.0030016767,0.1056615540
3090,0,0.0063411752,0.2286617932
3091,0,0.0283161176,0.5304031288
3093,0,0.1672544437,0.8231622385
3094,0,0.1303976983,0.8221577433
3095,0,0.0334348962,0.5137991210
3096,0,0.0122490436,0.3379236625
3098,0,0.0407605305,0.6397141284
3100,0,0.0631426276,0.7252853224
3101,0,0.1056243675,0.7727804218
3102,0,0.0050949930,0.2067066404
3103,0,0.1048652486,0.7993928445
3104,0,0.0177997732,0.3994492230
3108,0,0.0112050976,0.3096521723
3109,0,0.0297773012,0.5301264918
3110,0,0.0978547874,0.7917481963
3111,0,0.0002892299,0.0127252016
3112,0,0.0021272294,0.0551391304
3114,0,0.0316626159,0.4578595117
3115,0,0.0009124451,0.0242761764
3116,0,0.0050511113,0.1157163876
3120,0,0.0018574430,0.0496792510
3121,0,0.0048445341,0.1260560031
3122,0,0.0176618828,0.2694684702
3124,0,0.0012920184,0.0515568356
3126,0,0.0015277661,0.0440006897
3127,0,0.0014441299,0.0427916487
3130,0,0.0059140050,0.1347307454
3132,0,0.0035259587,0.0728759939
3134,0,0.0165283776,0.3376058426
3135,0,0.0294098951,0.4471140912
3136,0,0.0276822959,0.4285151381
3137,0,0.1512050012,0.7976771544
3140,0,0.0016281816,0.0593934557
3141,1,0.2875317444,0.8979015077
3142,0,0.0320612702,0.4190594321
3143,0,0.0095701894,0.2142501807
3144,0,0.0029825098,0.1240965850
3146,0,0.0043917977,0.1305273534
3147,0,0.0027091722,0.0774717691
3148,0,0.0058399425,0.1866829442
3149,0,0.0021820343,0.0809286371
3152,0,0.0134563240,0.2774595120
3153,0,0.0097113117,0.2722858268
3154,0,0.0704253202,0.6998024937
3155,0,0.0359722337,0.5268772912
3156,0,0.1219102173,0.7816849427
3157,0,0.0040936157,0.1322916076
3158,0,0.0135247916,0.3033782607
3160,0,0.0205030847,0.5056328772
3163,0,0.0130158040,0.3109558034
3165,0,0.0134996459,0.3153247805
3167,0,0.0097500591,0.2513891403
3168,0,0.0193910968,0.3857058382
3169,0,0.0023955682,0.0860513858
3170,0,0.0295279444,0.4905856787
3172,0,0.3895257322,0.9489696495
3173,0,0.0160396967,0.3970426752
3174,0,0.0141995487,0.3364671750
3176,0,0.0652757168,0.6948243487
3178,0,0.0057440901,0.1799030005
3179,0,0.0976949956,0.8176621597
3180,0,0.0246671665,0.4890804442
3181,0,0.0850901171,0.7532025262
3183,0,0.1529233219,0.8764999252
3184,0,0.0126034170,0.3408744845
3185,0,0.0148179140,0.3354525258
3187,0,0.1340137840,0.8625423361
3188,0,0.0094869767,0.2696049221
3189,0,0.1939832403,0.8983002649
3190,0,0.0163559813,0.4143313978
3191,0,0.0092077001,0.3016665473
3192,0,0.0618008955,0.7273286781
3193,0,0.0067133636,0.2410950027
3194,0,0.0034328264,0.0905151958
3196,0,0.0007279538,0.0262873319
3197,0,0.0021203312,0.0651125946
3198,0,0.0028024627,0.0782893781
3199,0,0.0064920947,0.1631006405
3200,0,0.0011485962,0.0488058518
3201,0,0.0032424864,0.1072356554
3203,0,0.0034962075,0.1070980915
3204,0,0.0016541756,0.0624199834
3205,0,0.0639853510,0.6557811334
3206,0,0.0026835495,0.1007475681
3207,0,0.0016935200,0.0593301459
3208,0,0.0013429194,0.0432262617
3209,0,0.0019312274,0.0604054484
3210,0,0.0012364120,0.0324364066
3211,0,0.0061951936,0.1658963094
3212,0,0.0834407658,0.6689986619
3213,0,0.0034419787,0.1069367423
3214,0,0.0049300620,0.1425986799
3217,0,0.0016136132,0.0517238275
3218,0,0.0164686268,0.3099080781
3220,0,0.0032820543,0.0984676742
3221,0,0.0028492883,0.0900092392
3223,0,0.0074214509,0.2285520764
3224,0,0.0016435531,0.0802773581
3226,0,0.0112132124,0.2813767909
3227,0,0.0391743159,0.5589239553
3228,0,0.0052346607,0.1564473408
3229,0,0.0568116714,0.6490478387
3231,0,0.0070154146,0.1746340264
3232,0,0.0279845449,0.5054511721
3234,0,0.0066423199,0.2304826226
3236,0,0.0148865013,0.3310784758
3237,1,0.4295981005,0.9623552415
3238,0,0.0066313300,0.1991556260
3239,0,0.0025052932,0.0918705422
3240,0,0.0965039393,0.7874990715
3241,0,0.0172476551,0.3566165429
3242,0,0.0193890628,0.5328331002
3243,0,0.0110840671,0.3147026147
3244,0,0.0116544203,0.3140234000
3245,0,0.0386648712,0.6193283633
3246,0,0.0055825580,0.2098597197
3247,0,0.0287317569,0.5284123541
3248,0,0.0035940537,0.1510384809
3250,0,0.0195020934,0.4372266444
3251,0,0.0046443323,0.1842066537
3254,0,0.2909940442,0.9289798623
3255,0,0.2118338543,0.9158173205
3259,0,0.0247432887,0.4990137959
3260,0,0.0085179913,0.2841820043
3261,0,0.0395794049,0.5777706096
3262,0,0.0100357301,0.3463003545
3263,0,0.0298837147,0.5488143533
3264,0,0.3034251257,0.9370362415
3266,0,0.2445685688,0.9212489532
3267,1,0.2337538471,0.9157332364
3269,0,0.0215695902,0.4737354100
3273,0,0.0071422637,0.2791539008
3274,0,0.0322946233,0.6287074272
3275,0,0.0028023605,0.0775273468
3276,0,0.0010436323,0.0445520067
3277,0,0.0031820431,0.0931026595
3278,0,0.0102755135,0.2191232928
3279,0,0.0043681710,0.1287895432
3280,0,0.0477928236,0.5659932772
3282,0,0.0066569962,0.1725210327
3283,0,0.0071284004,0.1503622781
3284,0,0.0124950220,0.2377892901
3285,0,0.0118672632,0.2910396247
3286,0,0.0035354351,0.1020959335
3287,0,0.0120417723,0.2531460132
3288,0,0.0009522143,0.0314019204
3289,0,0.0035773524,0.1015373337
3290,0,0.0236579597,0.4590102194
3291,0,0.0032133320,0.0961817564
3292,0,0.0103556460,0.2722670641
3293,0,0.0077886011,0.1916876974
3294,0,0.0324512871,0.4596066953
3297,0,0.0024967216,0.0840314659
3298,0,0.0062686388,0.1638050679
3299,0,0.0047766807,0.1291154984
3300,0,0.0072759304,0.1870484805
3301,0,0.0022940331,0.0850081912
3302,0,0.0126129016,0.2730608199
3306,0,0.1037599329,0.7343464986
3307,0,0.1747696168,0.8281707089
3311,0,0.0089654276,0.2377862612
3313,0,0.0027900245,0.0912186870
3314,0,0.0208429126,0.3793243231
3315,0,0.0254491155,0.4365926593
3316,0,0.0127938575,0.3200421284
3317,0,0.0654527602,0.7092168563
3318,0,0.0030852675,0.0988317166
3320,0,0.0075061128,0.1715642940
3324,0,0.0174858278,0.3635714740
3325,0,0.0059822506,0.1496796394
3326,0,0.0078877111,0.2119102510
3327,0,0.0104503236,0.2024673765
3328,0,0.2857107725,0.8873217628
3330,0,0.0079979143,0.2123636946
3331,0,0.0788023490,0.7059800612
3332,0,0.1021546676,0.7447749556
3334,0,0.0228697201,0.4771815551
3335,0,0.0040249726,0.1413757117
3336,0,0.0180140747,0.3646230320
3337,0,0.0083008310,0.2306059171
3338,0,0.0089598477,0.2397267757
3340,0,0.0737403054,0.6948748727
3341,0,0.0216621302,0.4408966107
3342,0,0.0424336115,0.7009334482
3343,0,0.1491517443,0.8309034224
3344,0,0.0226787148,0.4209669164
3345,0,0.0075301323,0.1853587704
3348,0,0.0514846062,0.6135600496
3349,0,0.0179136410,0.3765267383
3350,0,0.0057616635,0.1565394829
3351,1,0.5083404463,0.9661679660
3353,0,0.0231367189,0.4381605442
3355,0,0.0572932193,0.6689920342
3356,0,0.0859730977,0.7519328580
3357,1,0.4852863407,0.9644716141
3358,0,0.1396957377,0.8614512804
3359,0,0.0210709616,0.4603589108
3360,0,0.1007520766,0.7874778483
3361,0,0.0819766893,0.7602945269
3362,0,0.0582515475,0.6778609414
3363,0,0.0727402395,0.7300684720
3364,0,0.1616003395,0.8553341600
3365,0,0.0133484782,0.2340371093
3366,0,0.0004644223,0.0131584450
3367,0,0.0020346002,0.0531499565
3368,0,0.0011041772,0.0318999602
3370,1,0.4429112397,0.8929227865
3371,0,0.0007739604,0.0234605766
3372,0,0.0065317513,0.1253244987
3373,0,0.0036421654,0.0920397553
3376,0,0.0100001745,0.1990169483
3378,0,0.0003760737,0.0133658922
3379,0,0.0013014943,0.0308401199
3380,0,0.0008633234,0.0254157251
3381,0,0.0041293186,0.0842781897
3382,0,0.0095179156,0.2083239271
3384,0,0.0022049918,0.0732714709
3386,0,0.0133160537,0.2695106387
3388,0,0.2433038246,0.8754861416
3389,0,0.0168650564,0.3424197526
3390,0,0.0494245939,0.6064372584
3391,0,0.0131828787,0.2812490188
3392,0,0.0403128784,0.5164171769
3394,0,0.0787277235,0.6880763110
3395,0,0.0060685449,0.1669344336
3396,0,0.0069387668,0.1790621999
3397,0,0.0007237997,0.0253242605
3398,0,0.0034926816,0.1018719594
3399,0,0.0042550781,0.0958048409
3400,0,0.0055377458,0.1458750988
3401,0,0.0220544830,0.4158485405
3402,0,0.0044863395,0.1386733162
3403,0,0.0679395683,0.6517886690
3404,0,0.0529293438,0.5961067435
3405,0,0.0103879096,0.2456990051
3406,0,0.0039527546,0.1247947720
3408,0,0.0474788837,0.5902365019
3409,0,0.0033056880,0.1200006078
3411,0,0.0081976215,0.2277227358
3412,0,0.3143622838,0.9240421150
3415,0,0.0462676948,0.6040350014
3416,0,0.0197914928,0.4039805894
3417,0,0.0297209576,0.5106920166
3419,0,0.0206237560,0.4946533505
3420,0,0.0138988237,0.3314313286
3422,0,0.0032613471,0.1123137163
3423,0,0.0215886957,0.4372114582
3424,0,0.0065925672,0.2060225634
3427,0,0.0655807484,0.7092782324
3429,0,0.0916106410,0.7599267298
3430,0,0.0055097013,0.2353346700
3431,0,0.0144902021,0.4166048533
3432,0,0.0369785871,0.5748689190
3433,0,0.0263778448,0.4725075754
3435,0,0.0231910757,0.4720316156
3436,0,0.3627649995,0.9450498831
3438,0,0.3519820669,0.9304619746
3440,0,0.0611788612,0.7079331309
3441,0,0.0342807438,0.5861529158
3443,0,0.4285751379,0.9646666840
3444,0,0.0446062324,0.6199944361
3445,0,0.1575445582,0.8691508405
3446,0,0.0291836441,0.5572983821
3448,0,0.0440836393,0.6229933387
3449,0,0.0195770798,0.4550457645
3450,0,0.0252202332,0.4882164268
3453,0,0.0008116150,0.0275738613
3455,0,0.0040274682,0.0972695246
3458,1,0.3348554630,0.8757537041
3459,0,0.0030071410,0.0959911467
3461,0,0.0035286721,0.1041510360
3462,0,0.0057671533,0.2120900386
3463,0,0.0023023179,0.0701325364
3465,0,0.1361079937,0.7828940264
3466,0,0.0037412807,0.1291794087
3467,0,0.2802578326,0.8876354903
3470,0,0.0133124964,0.3230235245
3471,0,0.0021128043,0.0637176617
3472,0,0.0585158904,0.6217694281
3476,0,0.0079309731,0.1949260201
3477,0,0.0353549035,0.5162473917
3479,0,0.0019194829,0.0660742489
3480,0,0.0015980716,0.0494441860
3481,0,0.3304324327,0.9169198345
3482,0,0.0077234812,0.1938470178
3483,0,0.0101342663,0.2448201031
3484,0,0.0068981353,0.2455910289
3485,0,0.0095729855,0.2134834322
3486,0,0.0357205515,0.5352764967
3487,0,0.0044640073,0.1338238008
3488,0,0.0049804796,0.1664527434
3489,0,0.1572524198,0.8231490738
3490,0,0.0073077212,0.1998547992
3491,0,0.0054814401,0.1429680014
3492,0,0.0041536127,0.1376153187
3493,0,0.4006605419,0.9412846890
3494,0,0.0122654572,0.2757766529
3495,0,0.0143646595,0.3318570406
3496,0,0.0172115219,0.3985942246
3497,0,0.0153853883,0.3618395708
3498,0,0.0127736365,0.2922131940
3499,0,0.0850129454,0.7408980279
3502,0,0.3259244388,0.9378077466
3505,0,0.0175603284,0.3696028529
3506,0,0.0078764264,0.2120965604
3508,0,0.0032617361,0.1287086321
3509,0,0.0119064510,0.2965340815
3510,0,0.0156630557,0.3407862800
3512,0,0.1073030048,0.7849824769
3513,0,0.0572285669,0.7035423527
3515,0,0.0902696617,0.7717422725
3517,0,0.0910880314,0.7651008518
3518,0,0.0182419613,0.4128835684
3519,0,0.0290594991,0.5355722655
3521,0,0.0294436141,0.5147535707
3522,0,0.0386358222,0.5698666887
3523,0,0.0255825004,0.4797760519
3525,0,0.0344888532,0.5799401959
3526,0,0.0174158090,0.3973306663
3527,0,0.0083314216,0.3656454196
3529,1,0.3336592796,0.9413709083
3530,1,0.0728383842,0.7293007626
3531,0,0.0026582583,0.0726165696
3533,0,0.0047523609,0.1136955095
3534,0,0.0031493233,0.0802336411
3535,0,0.0011157228,0.0326427634
3536,0,0.0009566815,0.0380149061
3540,0,0.0068471588,0.1508862360
3541,0,0.0012226296,0.0379076381
3543,0,0.0054831794,0.1227477475
3544,0,0.0012062415,0.0384302843
3545,0,0.0011348463,0.0340253008
3546,0,0.0078728167,0.1540942345
3547,0,0.0105283478,0.2275867291
3549,0,0.0056484467,0.1400425003
3550,0,0.0801355828,0.6769686129
3551,0,0.0026957887,0.0776469222
3553,0,0.0213587989,0.3715733851
3555,0,0.0207675971,0.3849368246
3556,0,0.0095994090,0.2261108318
3559,0,0.0035294702,0.1029907188
3560,0,0.0021209604,0.0720304962
3561,0,0.0079181050,0.1681822527
3563,0,0.0170605469,0.3582872689
3564,0,0.0011587928,0.0407046622
3565,0,0.0110843583,0.2621183760
3566,0,0.0594332907,0.6339798137
3567,0,0.3676491127,0.9351369192
3568,0,0.0051305185,0.1611526273
3569,0,0.1640205236,0.8464654483
3570,0,0.0051719278,0.1549444719
3573,0,0.1312721842,0.8160356049
3574,0,0.0771957886,0.7222073913
3577,0,0.0733348677,0.7057424366
3578,0,0.0042707168,0.1564371627
3580,1,0.8191604746,0.9846651791
3581,0,0.0112387903,0.2897615918
3582,0,0.0062800327,0.1911871773
3584,0,0.0155360471,0.3065801062
3585,0,0.6696802378,0.9823784936
3586,0,0.0566896507,0.6292547424
3587,0,0.0170655924,0.3953583014
3588,0,0.0070755380,0.2451220479
3589,0,0.0501163788,0.6654506448
3591,0,0.0546788946,0.6746639297
3592,0,0.0151574735,0.4097234465
3595,0,0.0367024444,0.5789775650
3596,0,0.0520995070,0.6618281845
3599,0,0.2867423851,0.9275248338
3600,0,0.0914088461,0.8562321062
3601,0,0.0111592111,0.3261592582
3602,0,0.0240364994,0.5092156789
3603,0,0.0346772955,0.6226572959
3605,0,0.0099917003,0.2688047435
3606,0,0.0180436520,0.3845489310
3607,0,0.2203617247,0.9073962514
3608,0,0.0304408219,0.5351750417
3609,0,0.0304254234,0.5034687923
3610,0,0.0134473402,0.3667125179
3611,0,0.0081775290,0.2774857178
3612,1,0.0676029449,0.7278297729
3613,0,0.0076959758,0.1553586839
3614,0,0.0055329408,0.1194680458
3615,0,0.0012096502,0.0342385060
3616,0,0.0010696750,0.0305548881
3617,0,0.0009275716,0.0317981063
3620,0,0.0046486316,0.0919165158
3621,0,0.0012437687,0.0424338335
3622,0,0.0013325107,0.0362732803
3623,0,0.0036558542,0.0742775793
3624,0,0.0013665589,0.0374947167
3626,0,0.0035494616,0.1024598313
3627,0,0.0185380798,0.3078555840
3628,0,0.0012696841,0.0354702641
3629,0,0.0023160456,0.0627662885
3630,0,0.0047295670,0.1242831929
3631,0,0.0109826357,0.2077287284
3632,0,0.0003472259,0.0141859645
3633,0,0.0025694906,0.0687391666
3634,0,0.0061624389,0.1588415175
3635,0,0.0027770775,0.0655686240
3636,0,0.0033381831,0.1041136299
3638,0,0.0014629431,0.0502847201
3639,0,0.0076787844,0.1748103947
3640,0,0.0082422507,0.1883981036
3642,0,0.0094709425,0.1879144589
3643,0,0.1141536869,0.7571216702
3645,0,0.0019477693,0.0596800818
3646,0,0.0092753896,0.2160581248
3647,0,0.0071821657,0.1599753864
3648,0,0.0096919473,0.2020330967
3651,0,0.0053984165,0.1462126484
3654,0,0.0057331024,0.1522317807
3655,0,0.0119946693,0.2566031190
3657,0,0.0659479022,0.6827175668
3658,0,0.0380949074,0.5055690477
3659,0,0.0136902304,0.2905976908
3661,0,0.0513712520,0.6054831637
3662,0,0.0118273818,0.2476972597
3663,0,0.0039775842,0.1115864639
3665,0,0.0058090350,0.1625120676
3666,0,0.0293301021,0.4645278681
3668,0,0.0199029526,0.3451507792
3670,0,0.0119197720,0.2721247445
3671,0,0.0062091117,0.1661772402
3673,0,0.0120774694,0.2537081573
3675,0,0.0971060556,0.7542751922
3677,0,0.0160980797,0.3432511631
3678,0,0.1113068420,0.8152596398
3680,0,0.0598768848,0.6396298539
3681,0,0.0364925076,0.5269534096
3686,0,0.1157749990,0.8215121621
3688,0,0.0077211812,0.2452539966
3690,0,0.0279797296,0.4746801306
3693,0,0.0104448360,0.2836652194
3694,0,0.0052556246,0.1865366401
3695,0,0.1183405028,0.8232846412
3697,0,0.0127335386,0.2411212984
3698,0,0.0036857525,0.0635652096
3699,0,0.0007061815,0.0253862701
3701,0,0.0334824113,0.4474617290
3702,0,0.0094850326,0.2065321944
3703,0,0.0059436565,0.1157299487
3704,0,0.0129062985,0.2512264042
3705,0,0.0099286639,0.2023067336
3706,0,0.0008436967,0.0225733979
3707,0,0.0151138095,0.2620778252
3708,0,0.0014322694,0.0420710136
3710,0,0.0031121582,0.0746912434
3711,0,0.0019009006,0.0536462767
3712,0,0.0055541392,0.1256893339
3714,0,0.0025656627,0.0705723621
3715,0,0.0028033121,0.0712898420
3716,0,0.0095130461,0.2415556704
3718,0,0.0051163166,0.1821583823
3720,0,0.0197597802,0.3468426276
3724,0,0.0020180823,0.0632414752
3727,0,0.0028613696,0.0979497996
3729,0,0.0179421359,0.3572964065
3731,0,0.0203360422,0.4042145809
3732,0,0.0041062112,0.1361337516
3733,0,0.0170520188,0.3865618143
3735,0,0.0066227763,0.1769427963
3736,0,0.3714381813,0.9422537555
3737,0,0.0025750478,0.1161937231
3739,0,0.0164790264,0.3716691200
3740,0,0.0032947938,0.1172529775
3741,0,0.0675533221,0.6904491892
3743,0,0.0095347847,0.2446489434
3745,0,0.2043897886,0.8700344083
3746,0,0.0068942268,0.1979116617
3748,0,0.0174827836,0.4080664457
3749,0,0.0199307935,0.4322016811
3750,0,0.0277726526,0.4911454635
3751,0,0.0034513961,0.1077411516
3752,0,0.0576639106,0.6750192378
3753,0,0.0082404898,0.3358163967
3754,0,0.1036531660,0.7889547280
3756,0,0.0980051859,0.7863687512
3757,0,0.0075581223,0.2349759360
3758,0,0.0037956915,0.1499875770
3761,1,0.0538991906,0.6770019241
3762,0,0.0084597526,0.2994786243
3765,0,0.2622007286,0.9249292792
3768,0,0.0579748622,0.6801741546
3771,0,0.0133664534,0.3664316105
3773,0,0.0909945128,0.7948032417
3775,0,0.0805941719,0.7654816465
3776,0,0.0157174739,0.4967324669
3777,0,0.0361269778,0.5994707058
3779,0,0.0284781175,0.4542449365
3780,0,0.0019208842,0.0434523612
3781,0,0.0077059849,0.1785429456
3782,0,0.0069984454,0.1907707945
3783,0,0.0020009553,0.0438484678
3784,0,0.0067390799,0.2313774193
3788,1,0.0082788114,0.2269005669
3790,0,0.0034993070,0.1088518774
3791,0,0.0253765351,0.3930312059
3792,0,0.0181440131,0.3034947316
3794,1,0.0251072311,0.4213763817
3796,0,0.0023779966,0.0830625027
3797,0,0.0022216533,0.0668730244
3798,0,0.0139527573,0.2955801228
3799,0,0.0048504696,0.1322387796
3800,0,0.0012730944,0.0478288678
3801,0,0.0049902145,0.1171538260
3803,0,0.0117923140,0.3083005624
3804,0,0.0073063652,0.1959384286
3809,0,0.0021240131,0.0769961763
3811,0,0.0080198449,0.2299282466
3812,0,0.0015968924,0.0700535796
3814,0,0.0360720835,0.5484513249
3816,0,0.0057419242,0.1720071727
3817,0,0.0644226285,0.6972367759
3818,0,0.0995582923,0.7789234847
3823,0,0.0201487428,0.4585231718
3825,0,0.0061100981,0.1911760052
3826,0,0.0458169584,0.7255102886
3827,0,0.0143810086,0.3899939183
3828,0,0.0143364756,0.3900023674
3829,0,0.0088815623,0.2643638997
3832,0,0.0149339612,0.3698104543
3835,0,0.1298718766,0.8260590265
3836,0,0.0180359406,0.4424855910
3838,0,0.1294932673,0.8198032447
3839,0,0.0338513242,0.5326448554
3841,0,0.0190000387,0.4318055415
3842,0,0.1278892571,0.8179813847
3845,0,0.1367082521,0.8428226109
3847,0,0.0884670242,0.7873509997
3848,0,0.0661689492,0.7479609679
3849,0,0.0227701596,0.4750431015
3851,0,0.0156645310,0.4260424634
3853,0,0.0959998353,0.7798316768
3854,0,0.0440800853,0.6392800139
3855,1,0.9508207345,0.9981738370
3856,0,0.0073733112,0.3413506905
3858,0,0.0320716002,0.6077762262
3861,0,0.0195165240,0.4623595374
3862,0,0.0349697885,0.5786136315
3864,0,0.0109986440,0.3022814700
3865,0,0.0177911429,0.4531578953
3866,1,0.0239528036,0.5387397116
3868,1,0.3396240431,0.8641395825
3869,0,0.0031730612,0.0759060817
3870,0,0.0182737113,0.3066495000
3871,0,0.0117961390,0.1995951271
3872,0,0.0022544845,0.0591441551
3873,0,0.0086971837,0.1800655870
3875,0,0.0086428721,0.2007299991
3876,0,0.0309487380,0.4077860402
3878,0,0.0181441112,0.3369128351
3879,0,0.0043706144,0.0997215616
3880,0,0.0324174404,0.4327142728
3881,0,0.0006915165,0.0172993809
3882,0,0.0241744539,0.3737634404
3883,0,0.0062756423,0.1537174042
3884,0,0.0052773239,0.1255739566
3885,0,0.0048408347,0.1335330444
3886,0,0.0021093335,0.0493416992
3888,0,0.0785764567,0.6738277844
3889,0,0.0089350298,0.1907473652
3890,0,0.0693948796,0.6687676820
3891,0,0.0798129938,0.6713277253
3892,0,0.0171491330,0.3489688337
3893,0,0.0257964234,0.4859004943
3894,0,0.0193403229,0.3528941851
3895,0,0.0056625759,0.1661347342
3897,0,0.0038094853,0.1154140732
3898,0,0.0036205041,0.1220584496
3899,0,0.0008552237,0.0377695053
3900,0,0.0028854648,0.0831195468
3901,0,0.0703914122,0.7000702046
3902,0,0.0020932241,0.0786984045
3904,0,0.0029812027,0.1180000472
3905,0,0.0359872327,0.5783806565
3906,0,0.0033860815,0.1022098572
3907,0,0.4276428386,0.9453126560
3908,0,0.0047510361,0.1291611215
3912,0,0.0298072491,0.5414359398
3914,0,0.0037556363,0.1133526651
3915,0,0.0043796443,0.1421590383
3916,0,0.0114474289,0.2753000271
3918,0,0.0067266762,0.1925656246
3919,0,0.0706620242,0.6987203093
3920,0,0.0080936224,0.2365099948
3921,0,0.0695948899,0.6847300140
3922,0,0.0377496526,0.5778302647
3923,0,0.0189522429,0.4235361969
3924,0,0.0144957112,0.3329449503
3925,0,0.0178865398,0.4193158546
3926,0,0.0081864354,0.2341534990
3928,0,0.0084811420,0.2722128069
3929,1,0.8077142391,0.9906404673
3930,0,0.0153410348,0.3894919882
3931,0,0.0373005995,0.5505429381
3932,0,0.0099705462,0.2635542283
3933,0,0.0553449349,0.6421769051
3934,0,0.0215036493,0.4451938462
3937,0,0.0359719865,0.5266118805
3938,0,0.0357746825,0.5426345161
3939,0,0.0143132756,0.3379412970
3942,0,0.0386361424,0.5504576125
3943,0,0.0502945478,0.6976977448
3944,1,0.9202870015,0.9967109934
3946,0,0.0017641400,0.0486818245
3948,0,0.0017465694,0.0617340058
3949,0,0.0009809735,0.0289240177
3951,0,0.0056449830,0.1262946474
3953,0,0.0011240332,0.0352437491
3954,0,0.0020328648,0.0559799776
3955,0,0.0023707774,0.0562636699
3957,0,0.0023651732,0.0762108375
3958,0,0.0258040151,0.3838486738
3959,0,0.0816224208,0.6479326243
3960,0,0.0024545885,0.0707746220
3961,0,0.0134099005,0.2654232207
3962,0,0.0015512916,0.0442200009
3963,0,0.0018707085,0.0406915432
3964,0,0.0014356915,0.0511761348
3966,0,0.0038250365,0.1009879417
3968,0,0.0143341493,0.3049793726
3971,0,0.0059665626,0.1725167198
3972,0,0.0042556887,0.1509995777
3973,0,0.0019121395,0.0621418156
3974,0,0.0252413794,0.4123495432
3977,0,0.0058229296,0.1786183187
3979,0,0.0140380117,0.3110984105
3980,0,0.0107375755,0.2583412986
3981,0,0.0110249177,0.2590343256
3982,0,0.0067592329,0.1787888552
3983,0,0.0823634651,0.7049137286
3984,0,0.0214941051,0.3808175442
3986,0,0.0597201121,0.6614523180
3987,0,0.0010046597,0.0388902369
3988,0,0.0106028111,0.2943727614
3989,0,0.0294564177,0.4754327309
3991,0,0.0032340356,0.1389769864
3993,0,0.0112938502,0.2494895861
3994,0,0.0220156367,0.4404541481
3995,0,0.0080240241,0.2042467515
3996,0,0.0083557853,0.2276008158
3998,0,0.2295221756,0.8976211399
4000,0,0.0432526533,0.6026863368
4001,0,0.1239941929,0.7971803830
4003,1,0.7325656542,0.9837783187
4004,0,0.0237841616,0.4543865168
4005,0,0.2990641218,0.9212395559
4006,0,0.0513461126,0.6329476759
4007,0,0.0891664294,0.7461656807
4008,0,0.1064899140,0.7867862527
4010,0,0.0379432078,0.5440044840
4011,0,0.0284038412,0.5371196257
4012,0,0.3443538237,0.9359344162
4013,0,0.1109082781,0.8007759832
4015,0,0.0437325531,0.6126701659
4017,0,0.0200625996,0.4397752119
4018,0,0.0502835787,0.6448132673
4019,0,0.0046676860,0.1610249338
4020,0,0.1731868323,0.8760082489
4021,0,0.1043275765,0.8062863079
4024,0,0.1604210055,0.8701511396
4026,0,0.0082181328,0.2815202857
4028,0,0.0542345749,0.6890995899
4031,0,0.1675071605,0.8595426973
4033,1,0.2216493211,0.9183001476
4034,0,0.0506142369,0.6839631436
4037,0,0.0285021860,0.4105173041
4038,0,0.0020265759,0.0568571826
4039,0,0.0012257685,0.0291294705
4040,0,0.0080134639,0.1800741611
4041,0,0.0024596473,0.0515990339
4042,0,0.0011538762,0.0281539473
4043,0,0.0061658172,0.1222327092
4044,0,0.0083158852,0.2033024113
4045,1,0.0087655331,0.1933386132
4046,0,0.0008538451,0.0278272303
4047,0,0.0065006021,0.1556698251
4048,0,0.0158114770,0.2857670288
4049,1,0.6960551603,0.9674272603
4050,0,0.0084659111,0.1898546713
4052,0,0.0086193998,0.2034571044
4053,0,0.0057986263,0.1386305773
4054,0,0.0569624647,0.5440973505
4055,0,0.0047079115,0.1464475906
4056,0,0.0043568698,0.1103229652
4057,0,0.0072782253,0.1480337401
4058,0,0.0057934366,0.1518768636
4059,0,0.0201634296,0.3783034682
4062,0,0.0058183559,0.1424651984
4063,0,0.0121535857,0.2449472626
4064,0,0.0061170816,0.1514428618
4066,0,0.0036703022,0.1119900073
4068,0,0.0913739598,0.7240627755
4069,0,0.0455453233,0.5856251957
4070,0,0.0162374212,0.3881573958
4071,0,0.2411077756,0.8890484874
4072,1,0.8404921529,0.9912273154
4073,0,0.0085629475,0.2248127273
4074,0,0.0170773941,0.3668724823
4075,0,0.0180071329,0.3786601803
4077,0,0.0074506656,0.2295008110
4078,0,0.0635388365,0.6848032712
4083,0,0.0383483396,0.5790317314
4085,0,0.0252269843,0.4832684295
4087,0,0.0181851249,0.4097434654
4088,1,0.2713961803,0.9215035569
4090,0,0.0334472339,0.5349671404
4091,0,0.1105005191,0.7801659441
4092,0,0.0058057196,0.1928197401
4093,0,0.0070121777,0.2343369111
4094,0,0.0040873756,0.1653638649
4095,0,0.0142432008,0.3699074072
4097,1,0.1574691895,0.8719528043
4098,0,0.0090031629,0.2897843263
4099,0,0.0128984155,0.3623603385
4103,0,0.1314745548,0.8457879106
4104,0,0.0602257415,0.7216091891
4105,0,0.1473230935,0.8692249964
4106,0,0.0236898534,0.4662022730
4108,0,0.0428854587,0.6234472695
4109,0,0.0283845318,0.5149980256
4110,0,0.1350641274,0.8508529184
4111,0,0.0530893679,0.7006358617
4113,0,0.0166794264,0.4537146576
4115,0,0.2820012809,0.9311934112
4116,0,0.2121517834,0.9131089219
4117,0,0.6342851964,0.9847596336
4118,1,0.4274719475,0.9639935683
4119,0,0.1038318700,0.8238475903
4120,1,0.0350099755,0.6215957311
4122,1,0.0697293094,0.7749308664
4124,0,0.0029975397,0.0937115221
4125,0,0.0608114144,0.6137589207
4128,0,0.0031285142,0.1259545267
4129,0,0.0007220982,0.0275076432
4130,0,0.0028445843,0.0845264066
4132,0,0.0340608166,0.5118716205
4134,0,0.0047635413,0.1299075455
4136,0,0.0029614747,0.0924459945
4138,0,0.0388057311,0.5581956416
4139,1,0.0987816179,0.7363773356
4140,0,0.0014668116,0.0713455413
4141,1,0.3484444642,0.9305637132
4143,0,0.0804484393,0.7206934370
4145,0,0.0081229315,0.2153256071
4146,0,0.0223279849,0.4091334001
4148,0,0.0117549965,0.3038375489
4149,0,0.0134130392,0.3018342381
4150,0,0.0233740066,0.4274863471
4151,0,0.0121257591,0.2883992852
4152,1,0.0154679347,0.3529443948
4153,0,0.0125295819,0.3243008139
4154,1,0.0243859970,0.4937919695
4155,0,0.0102172443,0.2592645417
4156,1,0.0097183497,0.2452890333
4158,1,0.1934190268,0.8846945031
4159,0,0.0074767245,0.2096358574
4160,0,0.0060190734,0.2117141304
4163,0,0.0040148540,0.1451900778
4164,0,0.0164248620,0.3735205467
4165,1,0.0306134564,0.5434081895
4167,0,0.1609537257,0.9068813505
4168,0,0.0059000653,0.1964718043
4169,0,0.0088423555,0.2647292799
4170,0,0.0142281152,0.3319472679
4172,0,0.0072209427,0.2145419127
4173,0,0.0997678529,0.8042607385
4174,1,0.0377434597,0.6203886994
4175,0,0.0173677271,0.4180910944
4176,0,0.0190170082,0.4317629050
4178,0,0.0211506311,0.4683817735
4179,0,0.0294747588,0.5419280199
4181,0,0.0159720258,0.3979032359
4182,0,0.0341443768,0.5862483363
4183,1,0.3249753616,0.9447209249
4184,0,0.2041684190,0.9015919716
4185,1,0.1787482053,0.8888504880
4186,1,0.0666482334,0.7486632371
4187,0,0.0094541378,0.2891641727
4188,0,0.0123669295,0.3435993155
4189,0,0.0105261681,0.3113408888
4190,0,0.0098847150,0.3111958485
4191,0,0.0117806318,0.3945077439
4192,0,0.5253870550,0.9731330721
4194,0,0.0421263670,0.6192647300
4195,0,0.1023173848,0.8122197516
4196,0,0.0519584504,0.6730223370
4199,0,0.0469534122,0.6584238386
4200,0,0.0201658519,0.4605510352
4201,0,0.0295704104,0.5628485147
4203,0,0.1243634898,0.8391726414
4204,0,0.0088788489,0.2938227965
4206,0,0.0251669518,0.5319399121
4207,0,0.0158670054,0.4133985333
4208,1,0.0231848549,0.4974535122
4209,0,0.0012094263,0.0370380117
4210,0,0.0074986613,0.1915298418
4211,0,0.0022405418,0.0523925006
4212,1,0.0134890483,0.3071621281
4214,0,0.0038066624,0.0909831987
4215,0,0.0039531439,0.0881726066
4218,0,0.0029734737,0.0891184621
4219,0,0.0029925686,0.0940701027
4220,0,0.0014217437,0.0337822293
4221,0,0.2319766923,0.8768385515
4222,0,0.0040605842,0.1174649269
4225,0,0.0020709481,0.0508453485
4226,1,0.0181353987,0.3337703084
4227,0,0.0085958377,0.1781075743
4228,0,0.0128887764,0.2659424641
4229,0,0.0533852831,0.5529502433
4231,0,0.0116209398,0.2589893733
4233,0,0.0105397157,0.2509342658
4234,0,0.0215353984,0.4394691977
4235,0,0.0020468960,0.0763292225
4236,0,0.0082962121,0.2267895639
4237,0,0.0335723814,0.4611253521
4238,0,0.0053544993,0.1388069526
4239,0,0.0017956479,0.0595654265
4240,0,0.0034816290,0.1149952168
4241,0,0.0077009135,0.1870258667
4243,0,0.0811287829,0.7239420362
4245,0,0.0077578624,0.2352180711
4246,0,0.0242104082,0.4795179246
4247,0,0.0064417167,0.2083813825
4248,1,0.4693411158,0.9604254406
4249,0,0.0098610579,0.2729282730
4250,1,0.2255172588,0.8916606523
4252,1,0.0812854627,0.7852352118
4253,0,0.0915322302,0.7882332220
4255,1,0.7860914508,0.9897327373
4257,0,0.0085893079,0.2545667520
4258,0,0.0259057726,0.4781937090
4260,0,0.0121193975,0.3215911833
4261,0,0.0127160486,0.3756106874
4262,0,0.0154927338,0.3771535402
4263,0,0.0495519388,0.6221133624
4264,0,0.0412552241,0.6146131869
4266,0,0.0089725990,0.2889742384
4267,0,0.0156499021,0.4019653891
4268,0,0.0813805146,0.7482622226
4269,0,0.0246573485,0.5039978008
4270,0,0.1012765132,0.7996524815
4274,0,0.0146949690,0.4182023716
4276,0,0.0131582703,0.4135396430
4277,0,0.0961843479,0.8056321193
4278,0,0.0263416761,0.5012219149
4280,1,0.0500881742,0.7227834943
4282,0,0.0213687963,0.4618680487
4283,1,0.1431401927,0.8814989281
4285,0,0.0601831412,0.7398921721
4286,1,0.0791756039,0.8007576112
4287,0,0.1362591095,0.8758671107
4290,0,0.0152752295,0.4216982507
4293,1,0.4996231149,0.9678260064
4294,0,0.0887239017,0.8198190165
4295,0,0.0186348246,0.4942243200
4296,0,0.0448400970,0.6909287077
4299,0,0.0025490191,0.0822569028
4300,0,0.0181712929,0.3799493208
4302,0,0.0792753905,0.6721940949
4304,0,0.0262848139,0.4255282739
4305,0,0.0014978437,0.0496938168
4307,0,0.0049638817,0.1359799820
4309,0,0.0141587485,0.3827139969
4310,0,0.0024125305,0.0946956037
4311,0,0.0022043588,0.0719141109
4312,0,0.0025688608,0.1010097203
4314,0,0.0411055252,0.5426884867
4315,0,0.0018090125,0.0645912477
4317,0,0.0069209508,0.1830541663
4318,0,0.0067207602,0.2031802717
4319,0,0.0222845010,0.3685051221
4321,0,0.0076850821,0.2256232725
4322,0,0.0050197044,0.1451739543
4323,0,0.0084011844,0.2501704471
4324,1,0.0368399116,0.5522248449
4326,0,0.2422155953,0.8874942943
4327,1,0.1618488460,0.8397755715
4329,1,0.0178388560,0.3934751364
4332,0,0.0119732541,0.2863850821
4336,0,0.0287579660,0.5349835424
4337,0,0.0949550571,0.8160959133
4341,0,0.0207910388,0.4399197637
4342,0,0.0429685710,0.6407890957
4344,0,0.0171916404,0.4466685468
4345,0,0.1040891894,0.8577810985
4346,0,0.0240738011,0.4968080506
4347,0,0.0081678567,0.2875827130
4348,0,0.0069403912,0.2657762550
4349,0,0.1381142176,0.8638588684
4351,0,0.0262758616,0.6043080201
4354,1,0.8263786631,0.9950521695
4355,0,0.8027080825,0.9927979847
4356,1,0.1454871876,0.9058332373
4357,0,0.0286321452,0.5840983249
4359,0,0.0211460962,0.5898155953
4360,0,0.0207361424,0.4956193252
4363,0,0.1688831575,0.8945877728
4365,0,0.0077534793,0.3152502412
4366,0,0.3011776011,0.9458032570
4369,0,0.0179754627,0.4488271468
4371,1,0.5348022561,0.9798307486
4372,0,0.0673345229,0.7885557214
4373,0,0.0458822315,0.7607016104
4374,0,0.0315535222,0.6367086932
4377,0,0.0288259829,0.6530461775
4378,0,0.2844512897,0.9481985193
4379,0,0.0919971104,0.8730825072
4381,0,0.4036211965,0.9713963896
4383,0,0.1333874849,0.8918732998
4384,1,0.9459736175,0.9986008046
4386,1,0.2086936313,0.9303665335
4387,0,0.0110570636,0.2692974279
4388,0,0.0136517896,0.3169262398
4389,0,0.0016379202,0.0695264065
4390,1,0.0033512541,0.1236979927
4391,0,0.0091147557,0.2357572804
4394,0,0.0020010560,0.0945484034
4396,0,0.0092783433,0.2862401877
4397,0,0.0033691834,0.1703181680
4398,0,0.0109504371,0.3013490343
4399,0,0.0085193632,0.2596013187
4400,0,0.0046254592,0.1565534157
4401,1,0.0492551408,0.6389597968
4402,0,0.0119769154,0.4070753941
4403,0,0.0007120370,0.0436962825
4406,1,0.0127862859,0.3462966832
4407,1,0.2067946544,0.9043829753
4409,0,0.0235255957,0.4661468952
4410,1,0.1068126466,0.8129014735
4411,0,0.0067487462,0.2289259700
4412,0,0.0169076882,0.3926324417
4413,0,0.0292350171,0.5280915034
4415,0,0.0183825715,0.3949727987
4416,0,0.0594504144,0.6946866087
4417,0,0.0068770486,0.2475433137
4418,1,0.9002211537,0.9957110545
4419,0,0.0160691041,0.3652428380
4420,1,0.7883612891,0.9883882973
4421,0,0.0051843635,0.2416137808
4422,1,0.6020181275,0.9820124885
4425,0,0.0064926524,0.2261713043
4426,0,0.0198482038,0.4395427289
4431,0,0.0109483249,0.3529495502
4433,0,0.1166180278,0.8410143310
4434,0,0.0374333909,0.6512573730
4435,0,0.0143259430,0.4224812081
4436,1,0.1636486733,0.8863791825
4437,0,0.0204775021,0.5510258214
4439,0,0.3770540777,0.9563195474
4440,0,0.3958636249,0.9610996044
4441,0,0.0816787495,0.7987280428
4442,1,0.1239548794,0.8600441229
4444,0,0.6966222729,0.9876148047
4445,0,0.1999338213,0.8738678528
4446,0,0.0516564345,0.7147863141
4447,0,0.0446425031,0.6804806237
4448,0,0.0502372656,0.7492537255
4449,1,0.2402916677,0.9254159098
4452,0,0.1352619678,0.8712443550
4453,0,0.0200338974,0.5161519407
4457,0,0.2769055904,0.9429624282
4460,0,0.0321534096,0.6181402894
4461,0,0.0367672808,0.6539422411
4463,1,0.9308707021,0.9976044191
4464,0,0.1277503908,0.8555302933
4465,0,0.0578158538,0.7542538372
4466,0,0.0744959240,0.8068237504
4468,0,0.1851054641,0.9112474772
4469,0,0.0646783407,0.7701596466
4470,1,0.0697013227,0.7982538907
4471,0,0.0047325588,0.1402302925
4473,0,0.0767350269,0.6764153792
4474,0,0.0071967944,0.2015277073
4477,0,0.0616466408,0.7025324917
4478,0,0.0076841364,0.2443475421
4479,0,0.0140115787,0.3408550547
4480,0,0.0116633163,0.3008484176
4481,1,0.0418617009,0.6171523429
4482,0,0.0020433003,0.1003589618
4483,0,0.0059620830,0.2499428027
4484,0,0.0266031133,0.4911823498
4486,0,0.0081452675,0.2556761623
4487,0,0.0068787543,0.2019172246
4490,0,0.0109168994,0.2666946937
4491,0,0.0137207380,0.3134073060
4492,0,0.1052241046,0.8606242534
4493,0,0.2075560845,0.9091636325
4494,0,0.0116559668,0.3211442098
4495,0,0.0029662073,0.1541293786
4497,0,0.0125985182,0.3463969610
4498,0,0.0105765539,0.3054193328
4499,0,0.0131002514,0.3711374315
4500,0,0.0054604563,0.2574163846
4501,0,0.0320998019,0.5791160426
4502,1,0.0937085676,0.8201974330
4504,0,0.0179553991,0.4412902991
4505,0,0.0154935272,0.4035378891
4507,0,0.0076454495,0.2850672729
4508,0,0.0396314901,0.6296134542
4510,0,0.0411001456,0.6552661454
4511,1,0.6761642054,0.9859773018
4512,0,0.0372552643,0.6501833894
4513,0,0.0905862663,0.8042747837
4514,0,0.0488396461,0.6582529107
4515,0,0.0098483310,0.3143661188
4516,0,0.1170665302,0.8356620905
4517,0,0.0442276486,0.6563735684
4518,0,0.0048207042,0.1989999668
4519,0,0.1328350296,0.8529990291
4520,0,0.0146771063,0.3854634175
4521,0,0.1500942270,0.8698215717
4522,0,0.0265805057,0.5244734658
4523,0,0.0138947362,0.3463834928
4524,0,0.2699632436,0.9319033667
4525,0,0.0245921596,0.5220581390
4527,0,0.0381051569,0.6337317811
4528,1,0.0271046026,0.5517321483
4529,0,0.0396014882,0.6539954004
4531,0,0.0770707474,0.7849010502
4533,0,0.0160131608,0.4807266318
4534,1,0.2042427176,0.9271048805
4535,0,0.0129603213,0.4068689730
4536,0,0.0250571424,0.5669895122
4537,1,0.0440626267,0.6874582200
4538,0,0.0336386436,0.6281227769
4540,0,0.0309102368,0.6154594454
4542,0,0.1636415004,0.8921920258
4546,0,0.0994857133,0.8342304082
4548,0,0.5462987059,0.9787182809
4549,0,0.0412265496,0.6704978782
4550,0,0.0789986174,0.8000158663
4551,0,0.0548902173,0.7708311282
4552,0,0.0097238934,0.3506095470
4553,0,0.0310307608,0.5972696581
4554,0,0.0189462381,0.3488795377
4555,0,0.0074384627,0.1909591484
4556,0,0.0012334869,0.0513815358
4557,1,0.0124700053,0.3656543429
4558,0,0.0013040432,0.0383185593
4559,1,0.0128720377,0.2797065371
4560,0,0.0071806486,0.2259583322
4561,0,0.0460516799,0.5976481385
4562,0,0.0032245168,0.0898954610
4563,0,0.2615556148,0.9074402960
4564,0,0.0113385908,0.2688900125
4565,0,0.0135350526,0.3121871451
4568,0,0.0144893377,0.3514680230
4569,0,0.0029763734,0.1250553082
4570,0,0.0170638443,0.3550453966
4572,0,0.0088559002,0.2411661021
4573,0,0.0056126056,0.1821545311
4574,0,0.0071086091,0.2797313504
4575,0,0.0023401691,0.1109475694
4579,0,0.0106406640,0.2802530324
4581,0,0.0047534724,0.1685611931
4582,0,0.0076373438,0.2197646310
4583,0,0.0301229712,0.4883182122
4584,0,0.0029706288,0.1015530728
4586,0,0.0042768452,0.1447589123
4587,0,0.0451058140,0.5995794699
4590,0,0.0121404196,0.3102309401
4593,0,0.0063626208,0.2173466015
4594,0,0.0139970370,0.3665048333
4596,0,0.0218949927,0.4468012705
4597,1,0.0397593417,0.6145698462
4598,0,0.0329852027,0.5661674254
4599,0,0.1006926843,0.8040704510
4600,0,0.4946867303,0.9649676897
4603,0,0.0100457639,0.3623399657
4604,0,0.5025656237,0.9739471755
4606,0,0.1101775527,0.8370753282
4607,0,0.2355394456,0.9100257119
4608,0,0.0478480962,0.6462369480
4609,0,0.0169061728,0.4195705209
4610,0,0.0622997778,0.7277031912
4613,0,0.1746747562,0.8625295391
4614,0,0.5139290107,0.9687635270
4616,0,0.0700848566,0.7323682061
4617,0,0.0279285977,0.5198249192
4622,1,0.1569357970,0.8808899219
4623,0,0.0256482372,0.5463363588
4624,0,0.1017838142,0.8264612296
4625,0,0.0176033352,0.5115056262
4630,0,0.0245009566,0.5287616881
4632,0,0.0700833091,0.7748615431
4635,0,0.1136129368,0.8390841195
4636,0,0.0513630678,0.7421349081
4638,0,0.0421279736,0.6683221581
4639,0,0.0146944243,0.4258409797
4641,0,0.0581545156,0.7555962062
4643,1,0.2365153565,0.9360495111
4644,1,0.4210296053,0.9677309594
4645,0,0.1667330021,0.8943631582
4646,0,0.0285971301,0.5749170618
4647,1,0.4048460848,0.9658333478
4649,0,0.0045784380,0.1288825063
4650,0,0.1446252458,0.8443983293
4652,1,0.0244463108,0.4033852230
4654,0,0.0049654009,0.1510392838
4655,0,0.0513634838,0.6040725045
4656,0,0.0062929552,0.1644022238
4657,0,0.0062588825,0.1704862576
4658,0,0.0088341246,0.1956946521
4659,0,0.0234751728,0.4121564741
4660,0,0.0187953101,0.3909258071
4661,0,0.0175160502,0.3716711448
4663,0,0.0019311538,0.0992124957
4664,0,0.1459272548,0.8232079779
4665,0,0.0778642434,0.7006092220
4666,1,0.0285635706,0.5626238439
4667,0,0.0052704480,0.1686325112
4669,0,0.0020170287,0.1000964516
4670,1,0.0134083700,0.3157352551
4671,0,0.0122566659,0.2686859093
4673,0,0.2787898619,0.9171559598
4675,0,0.0263237546,0.4837366048
4676,0,0.0043801254,0.1833742992
4678,0,0.0444772261,0.7152424300
4679,0,0.0089896756,0.2781798020
4681,0,0.0207149559,0.4512621901
4682,0,0.0165269674,0.3587794926
4684,0,0.0496067198,0.6162527337
4685,1,0.0184196311,0.4047884906
4687,0,0.0057673576,0.2150066724
4688,0,0.1314694882,0.8032677682
4689,0,0.0435840500,0.6316009242
4691,0,0.0306487703,0.5944792727
4692,0,0.0072393185,0.2582737840
4694,0,0.0117671656,0.3331623310
4695,0,0.2400227668,0.9147210758
4703,1,0.7462250082,0.9891316914
4704,0,0.0244714612,0.5146986110
4706,0,0.0281566051,0.5355467886
4708,0,0.0859449821,0.7630122817
4709,0,0.0216692500,0.4331834176
4710,0,0.1654701218,0.8758853282
4711,0,0.0455427268,0.6525924635
4712,0,0.0806944866,0.7629207366
4713,0,0.0341877203,0.5855950269
4714,0,0.1158031035,0.8349410555
4715,0,0.0088017106,0.3713107076
4716,0,0.0775845353,0.7734618982
4717,0,0.0395810137,0.6089456971
4718,0,0.0727730610,0.7772308028
4719,1,0.4856990775,0.9708233798
4720,0,0.0729478967,0.7835658561
4722,0,0.0615528024,0.7104826230
4723,0,0.0226759645,0.5678068116
4724,1,0.2460506684,0.9213873056
4725,0,0.1538930142,0.8575875194
4727,0,0.1664196021,0.8671886722
4729,0,0.1661887833,0.8943005568
4731,0,0.0321118750,0.6021111951
4732,1,0.0400685475,0.6744051584
4733,0,0.0804269018,0.7913681302
4734,0,0.2640480590,0.9334328160
4735,0,0.0879445607,0.8121358553
4737,0,0.0044019995,0.1281913660
4738,1,0.0732541610,0.6792447387
4739,0,0.0137240982,0.2443449130
4740,1,0.0541061166,0.6277240910
4741,0,0.0051651907,0.1215765437
4742,0,0.0518317677,0.6373821318
4743,0,0.0030773501,0.1103635339
4746,0,0.0044818807,0.1789225353
4747,0,0.0179714380,0.3510518930
4748,0,0.0076234672,0.2050026172
4750,0,0.0747852745,0.6992022616
4751,0,0.0052513621,0.1627977411
4752,0,0.0041988321,0.1466529239
4753,0,0.0051351801,0.2217396557
4754,0,0.0082302934,0.2366094267
4757,0,0.0033182564,0.1164605682
4760,1,0.0139443555,0.3643238414
4762,1,0.0216193343,0.4960165303
4763,1,0.7222478449,0.9780915291
4764,0,0.0459526756,0.5973361549
4765,0,0.0325208892,0.5302547594
4768,0,0.1730024690,0.8619051220
4769,1,0.0696843037,0.6945814075
4770,0,0.0074135504,0.2858097425
4771,1,0.0359085303,0.5453269314
4773,0,0.0035924516,0.1378280001
4774,0,0.0998531456,0.7673317110
4775,0,0.0083401538,0.2283481934
4777,0,0.0082590317,0.2354324995
4778,0,0.0054629987,0.1570179607
4781,0,0.0466442783,0.6136079062
4782,0,0.0341094626,0.5400655716
4783,0,0.1282405261,0.8142387123
4784,0,0.0375407357,0.5312088743
4785,0,0.0161781526,0.3547894518
4786,0,0.0512167317,0.7057412988
4789,0,0.0031287902,0.1243258622
4790,0,0.0395973714,0.5388982277
4792,0,0.1014552061,0.7810383773
4793,0,0.0274781296,0.5584085761
4794,0,0.0113883893,0.3194019858
4796,0,0.1498525199,0.8455414421
4797,0,0.0668613619,0.6999263201
4799,0,0.1085964556,0.7806260770
4800,0,0.0236788169,0.4656645614
4801,0,0.0544146524,0.6556526444
4802,0,0.0128450263,0.3310290049
4803,0,0.1346664723,0.8494334756
4804,0,0.0440300604,0.6069891329
4806,0,0.0242767000,0.4683444334
4808,0,0.0191246842,0.4313979859
4809,0,0.1666329817,0.8673816592
4810,0,0.0416655168,0.6062183442
4812,0,0.0223727253,0.5127308283
4813,0,0.0563213322,0.7106811224
4815,1,0.4576013170,0.9684130929
4816,0,0.0092613672,0.3319815770
4817,1,0.0264990310,0.5317640287
4818,0,0.0020298823,0.0597785067
4819,0,0.0028695698,0.0708799860
4820,0,0.0031478566,0.0679664642
4821,0,0.0013760066,0.0510166379
4822,0,0.0117485440,0.2550350152
4824,0,0.0051316617,0.1376852088
4825,0,0.0297411983,0.4431219406
4826,0,0.0050870153,0.1287877374
4827,0,0.0828627765,0.6397367993
4828,0,0.4158040597,0.9325691600
4830,0,0.0029120696,0.0943435928
4831,0,0.0097244568,0.2241773876
4833,0,0.0137513111,0.2695304911
4835,0,0.0112748292,0.2641799148
4836,0,0.0383998018,0.5630833147
4837,1,0.2943297107,0.9124379359
4840,0,0.0288789874,0.4818035046
4841,1,0.4145602678,0.9465199786
4842,0,0.0136008206,0.3106121717
4843,0,0.0808608531,0.7106572539
4845,1,0.0192560237,0.4026907695
4846,0,0.0035706884,0.1217549457
4847,0,0.0026530536,0.0975838536
4848,0,0.0208902439,0.3881389937
4849,0,0.0784749016,0.8027186068
4851,0,0.4157324258,0.9475860164
4853,0,0.0181761574,0.3683963303
4855,0,0.0085368203,0.2322828367
4856,0,0.0262012007,0.4727154496
4858,0,0.0321853436,0.5157710606
4859,0,0.0642897673,0.6890666895
4860,0,0.0159002786,0.3249569263
4861,0,0.1280158278,0.8268885668
4863,0,0.1954920903,0.8787821385
4864,0,0.0126477900,0.2867495021
4865,0,0.0331555936,0.5205048960
4868,0,0.1351465323,0.8193189463
4869,0,0.0473492756,0.6159745280
4870,0,0.0084482439,0.2352730072
4871,0,0.0028754526,0.1141260572
4875,0,0.0101371658,0.2705492897
4876,0,0.0275851221,0.4768982317
4877,0,0.0145282009,0.3495895916
4879,0,0.1005938982,0.7866513240
4880,0,0.0060849655,0.2521268986
4881,0,0.0442621253,0.6064087612
4882,0,0.0505534400,0.6552519807
4883,0,0.1180079013,0.8053429608
4885,0,0.0038640639,0.1559919647
4886,0,0.0069413339,0.2809072152
4887,0,0.0451673288,0.6395247816
4889,0,0.0471849275,0.6402446011
4890,0,0.0865702776,0.7488867040
4891,0,0.1671563149,0.8709867539
4893,0,0.0759024033,0.7383403079
4894,0,0.0655719470,0.7425186899
4895,0,0.0934755127,0.7968391992
4897,0,0.0248905225,0.5013281348
4898,0,0.0200855801,0.4981085906
4899,0,0.4751306721,0.9655762503
4901,0,0.0337037190,0.5957222071
4902,0,0.0262374203,0.5451742704
4904,0,0.0387085973,0.4445097982
4907,0,0.0054696773,0.1797379705
4908,0,0.0013187773,0.0437151112
4909,0,0.0167898945,0.3221003327
4910,0,0.0084070207,0.1897228269
4911,0,0.0012682514,0.0395905383
4912,0,0.0039714906,0.0984309611
4914,0,0.0032783151,0.0927617545
4915,0,0.0090441330,0.1915627632
4916,0,0.0104843573,0.3017914072
4917,0,0.0023718659,0.0866706901
4919,0,0.0042345388,0.1192032290
4920,0,0.0086532255,0.2049579893
4921,1,0.7645606305,0.9841409014
4922,0,0.0378473462,0.5217336585
4923,0,0.0065158364,0.1641488046
4924,0,0.0114966952,0.2519821040
4925,0,0.0101612680,0.2966222913
4926,0,0.0062582585,0.1534221903
4927,0,0.0038224397,0.1095739933
4929,0,0.0095804988,0.2256974419
4930,0,0.0047988299,0.1430903312
4931,0,0.0109909157,0.2168103661
4932,0,0.0046625003,0.1306918257
4933,0,0.0194622262,0.3724364324
4935,0,0.0116188845,0.2742275524
4936,0,0.0193342419,0.3495392170
4937,1,0.8142928071,0.9887226742
4938,0,0.0129798013,0.2658645540
4939,0,0.0016553654,0.0533243879
4940,0,0.3932889944,0.9341268672
4941,0,0.0113255948,0.2611524807
4942,0,0.0074109473,0.1962827125
4943,0,0.0099197516,0.2358412342
4944,0,0.0045982307,0.1587686123
4946,0,0.0170371769,0.3334140929
4947,0,0.0063246252,0.1637607574
4948,0,0.2181124179,0.8802282798
4949,0,0.0186743500,0.4066714687
4950,0,0.0038262464,0.1361449044
4952,0,0.0259349926,0.4481599851
4953,0,0.1210981192,0.8167257623
4954,0,0.0042956828,0.1385841853
4955,0,0.0126501415,0.2907416311
4958,0,0.0048832319,0.1656541231
4959,0,0.2230002003,0.8955487915
4960,0,0.0076426054,0.1978010563
4962,0,0.0147043271,0.3270009797
4963,0,0.2290333881,0.8990587191
4966,0,0.0509230958,0.6445470270
4970,0,0.0391955935,0.5841784965
4971,0,0.0316978581,0.5353276142
4972,0,0.0548020130,0.6223715985
4973,0,0.0113381693,0.3934949593
4974,0,0.0182741523,0.4203166097
4975,0,0.0259386319,0.5096790691
4976,0,0.0735407729,0.7282070246
4977,1,0.4864665432,0.9609884132
4978,0,0.2048788719,0.8859320996
4979,0,0.1471854256,0.8377173101
4980,0,0.0265448660,0.4871551202
4982,0,0.0301791868,0.5209849952
4983,0,0.0167894951,0.3403874463
4984,0,0.0502569290,0.5933178762
4985,1,0.3355109573,0.9412524185
4987,0,0.0041942005,0.0957251259
4988,0,0.0098732417,0.1884868473
4989,1,0.1499298852,0.6739263532
4990,0,0.0020200785,0.0478829916
4991,0,0.0055079603,0.1047448694
4994,0,0.0023174302,0.0573295758
4996,0,0.0063815859,0.1247490761
4997,0,0.0021005755,0.0527586963
4998,1,0.4062072217,0.8860120526
4999,0,0.0023578373,0.0568922695
5000,0,0.0049019132,0.1263535016
5001,0,0.0022293421,0.0552458577
5002,0,0.0142323496,0.2440154650
5003,0,0.0034913528,0.0859375605
5005,0,0.0066231593,0.1427952667
5006,0,0.0551270746,0.5662346427
5007,0,0.0051141654,0.1466588624
5008,0,0.0384048176,0.4741510945
5009,0,0.0066181187,0.2177517048
5010,0,0.0134760531,0.2563617328
5011,0,0.0090666773,0.1939743590
5012,0,0.0044657741,0.1174573065
5014,0,0.0038394960,0.0961121585
5015,0,0.0038827085,0.1028003630
5017,0,0.0254242163,0.4167531019
5018,0,0.0312061218,0.4611716194
5021,0,0.0091521219,0.2087886808
5022,0,0.4221188540,0.9414423628
5023,0,0.0239284294,0.3892926371
5025,0,0.0024863172,0.0703340704
5027,0,0.0105712996,0.2337828874
5028,0,0.0659796218,0.6484116590
5029,0,0.0014663477,0.0430497182
5030,0,0.0257650726,0.4383251111
5032,0,0.0370107040,0.5301449845
5033,0,0.0071116515,0.1712557984
5036,0,0.0117189362,0.2641380756
5037,0,0.0353103734,0.5042864240
5038,0,0.0403097399,0.5585654618
5039,0,0.0123048476,0.2709235038
5043,0,0.0137381450,0.2926630182
5044,0,0.0142704793,0.3160177214
5046,0,0.0825442845,0.7123024969
5048,0,0.0068142360,0.1943822510
5049,1,0.7188485441,0.9824927613
5050,0,0.0449041987,0.6741506225
5051,0,0.0129393421,0.3240905706
5053,0,0.1356251966,0.8255358337
5054,0,0.0072941946,0.2057914532
5055,0,0.0476119336,0.5967421249
5056,0,0.0230946318,0.4753841935
5058,0,0.1290783265,0.8172166276
5059,0,0.1095698199,0.7988044028
5060,0,0.1569258266,0.8527704886
5061,0,0.1532359774,0.8589898630
5063,0,0.2153420602,0.9041886211
5064,0,0.0121425325,0.3060093722
5065,0,0.0021770079,0.0496541401
5066,0,0.0053214038,0.1169578871
5067,0,0.0007846716,0.0226896163
5068,0,0.0142218114,0.2615816559
5070,0,0.0079728765,0.1741683280
5071,0,0.0010313386,0.0279475662
5072,0,0.0019078082,0.0801278801
5074,0,0.0145975160,0.2750456514
5076,0,0.0076713938,0.1755932875
5078,0,0.0032839611,0.0788537700
5080,0,0.0655799824,0.6058669296
5081,0,0.0531530127,0.5721341305
5082,0,0.0023660545,0.0691147153
5083,0,0.0250296477,0.4826753204
5085,0,0.0098563849,0.1881074896
5086,0,0.0991546196,0.7192986858
5089,0,0.0066554664,0.1470370279
5090,0,0.0282193134,0.4192265203
5093,0,0.0208884544,0.3429323483
5094,0,0.0600503121,0.6007113134
5095,0,0.0165669176,0.3178596898
5098,0,0.0950778727,0.6984234357
5099,0,0.0111729443,0.2461021632
5100,0,0.0917175793,0.6878837050
5101,0,0.0228862677,0.4057727718
5102,0,0.0149716509,0.2852228669
5104,0,0.0114967352,0.2581933277
5105,0,0.0275206747,0.4107461855
5106,0,0.2379945815,0.8772797639
5108,0,0.0704458481,0.6580692600
5109,0,0.0856555753,0.7023204878
5110,0,0.0097356910,0.2219193062
5115,0,0.0251291427,0.4486597102
5117,0,0.1761962752,0.8318412335
5118,0,0.0048021842,0.1175595304
5119,0,0.0018291568,0.0685398797
5121,0,0.0150373545,0.3333256349
5123,0,0.0063575825,0.1798509024
5124,0,0.0297267864,0.4738041189
5126,0,0.0550788859,0.6357749325
5128,0,0.0738892493,0.6432637932
5129,0,0.0290924087,0.5012238290
5132,0,0.0550043320,0.6490000792
5134,0,0.0313259054,0.5037096412
5135,0,0.0832726890,0.7278647378
5136,0,0.0468252875,0.5927072484
5137,0,0.0322017646,0.4870991674
5138,0,0.0104822524,0.2867813491
5139,0,0.0219359912,0.4262361889
5140,0,0.0215051329,0.4293400676
5141,0,0.0054662621,0.1664394980
5142,1,0.0103956643,0.2694699324
5144,0,0.0053638345,0.1054164801
5145,0,0.0022097156,0.0525294881
5146,0,0.0028217245,0.0629356200
5147,0,0.0109775458,0.1941625824
5151,0,0.0008922029,0.0239880228
5152,0,0.1033125132,0.6725382766
5153,0,0.5268476582,0.9163550838
5154,0,0.0019786499,0.0410343827
5155,0,0.0057377351,0.1278122665
5157,0,0.0072746217,0.1493206921
5158,0,0.0129701899,0.2486802618
5159,0,0.0445335275,0.5036546032
5160,0,0.0136112814,0.2299777763
5161,0,0.0359507545,0.4665400287
5162,0,0.0043837050,0.1030294055
5163,0,0.0177393512,0.3104399604
5164,0,0.0005657375,0.0170754175
5166,0,0.0084897675,0.1804191885
5167,0,0.0081994996,0.2403426015
5168,0,0.0058227945,0.1304546525
5171,0,0.0022837987,0.0719950197
5173,0,0.0070870856,0.1570514041
5174,0,0.0034823108,0.0874182538
5175,0,0.0118176482,0.2651382861
5176,0,0.0016623435,0.0466155806
5177,0,0.0079499909,0.1605983436
5178,0,0.0522486972,0.6704058769
5181,0,0.0200075167,0.3343787311
5182,0,0.0091378639,0.2096296279
5184,0,0.0071714031,0.1804107848
5186,0,0.0373095576,0.4889791134
5188,0,0.0306633678,0.4664596859
5189,0,0.0044241667,0.1104078262
5190,0,0.0321141077,0.4987281954
5191,0,0.0846386058,0.7177911108
5192,0,0.0305425763,0.4669851036
5194,0,0.0031113833,0.1525330876
5195,0,0.0138274338,0.2855047060
5197,0,0.0049850599,0.1604250256
5198,0,0.0089358631,0.2450625185
5199,0,0.3235118695,0.9202848896
5200,0,0.0286318959,0.4941265300
5201,0,0.6550449708,0.9771148921
5202,0,0.0394276785,0.5989309477
5204,0,0.0111847813,0.3052040234
5206,0,0.0534260470,0.6496126816
5209,0,0.0136136280,0.3368709642
5211,0,0.0526906361,0.6645234283
5213,0,0.0633539324,0.7158578889
5214,0,0.0271204386,0.5641102747
5216,0,0.0889138239,0.7724118926
5217,0,0.0921003648,0.7926240453
5220,1,0.6827713652,0.9829389647
5221,0,0.0279867715,0.5015199323
5222,0,0.0190122020,0.4193970814
5223,0,0.0018891393,0.0436344340
5224,0,0.0023007091,0.0609965724
5225,0,0.0007431832,0.0197677593
5227,0,0.0132149848,0.2481754241
5228,0,0.0028615983,0.0719343833
5229,0,0.1366227752,0.7470342538
5230,0,0.0018187968,0.0477247480
5232,0,0.0066876831,0.1405419363
5233,0,0.1209572342,0.7351802445
5234,0,0.0110034722,0.2142406602
5235,0,0.0456805124,0.4856193414
5236,0,0.0046011470,0.1021599080
5237,0,0.0057526636,0.1169865561
5239,0,0.0112687693,0.2099824233
5241,0,0.0021548486,0.0558158553
5242,0,0.0020404537,0.0499781361
5243,0,0.0350328962,0.4164403514
5244,0,0.0214907378,0.3185792143
5246,0,0.0090025498,0.1846188321
5247,0,0.0061746113,0.1360731781
5248,0,0.0012922034,0.0371528369
5249,0,0.0021467602,0.0473336684
5251,0,0.0272257134,0.4034846918
5252,0,0.0179047603,0.3367429770
5253,0,0.1419067071,0.7775932774
5254,0,0.0110382692,0.1952717233
5255,0,0.0073519759,0.1390646274
5258,0,0.0047612774,0.1146730540
5259,0,0.0381034437,0.5142469699
5260,0,0.0052327317,0.1142644022
5261,0,0.0232220416,0.3651873910
5262,0,0.0038887325,0.1023435814
5263,0,0.0178855589,0.3279527919
5264,0,0.0065491300,0.1457607027
5265,0,0.0827191156,0.6858264781
5266,0,0.0052879944,0.1284247192
5267,0,0.0056488008,0.1410682051
5268,0,0.0060525441,0.1487618323
5270,0,0.0408614960,0.5010455442
5272,0,0.0147665075,0.2735720581
5273,0,0.0014980776,0.0488478477
5274,0,0.0130582167,0.2687787502
5275,0,0.0042495965,0.1107086454
5277,0,0.0092724818,0.2110743285
5278,0,0.0425843132,0.5274164361
5279,0,0.0020598534,0.0612773729
5280,0,0.0069419950,0.1797347635
5281,0,0.0203616056,0.3836789860
5282,0,0.0079913562,0.2153967554
5284,0,0.0436566466,0.5417578636
5285,0,0.0079069413,0.2099081671
5286,0,0.0266821937,0.4339161868
5288,0,0.0645820303,0.7218078155
5289,0,0.0286604407,0.4538012000
5290,0,0.0034321106,0.1147571158
5293,0,0.0084718662,0.2152087803
5294,0,0.0816836661,0.7020701336
5297,0,0.0503643716,0.6900647694
5298,0,0.0939283366,0.7509469256
5299,0,0.0738747826,0.6590771405
5300,0,0.0665843667,0.6945673557
5302,0,0.2223929358,0.8920643499
5304,0,0.0842915559,0.7435402040
5305,0,0.1806863302,0.8720595076
5307,0,0.0068677077,0.2336862417
5309,0,0.0773310778,0.7349730845
5310,1,0.0689123754,0.7066682058
5311,0,0.0035029531,0.0835179684
5312,0,0.0164991115,0.3567087824
5313,0,0.0031079830,0.0676949279
5315,0,0.0025026800,0.0480306791
5316,0,0.0015360165,0.0397683749
5317,0,0.0033790453,0.0718467781
5318,0,0.0023235021,0.0593272298
5322,0,0.0858174327,0.6727169276
5323,0,0.0343363567,0.4796975501
5327,0,0.0154885698,0.3075018931
5330,0,0.0130440416,0.2452559222
5331,0,0.0014834913,0.0410036634
5332,0,0.0108787061,0.2303332649
5333,0,0.0067036977,0.2281964058
5335,1,0.4780032931,0.9233106983
5337,0,0.0079146552,0.1744888811
5338,0,0.0124713832,0.2487933146
5339,0,0.0045790050,0.1267158823
5340,0,0.0018423025,0.0591038782
5341,0,0.0411126455,0.5268597572
5342,0,0.0927156570,0.7690870720
5344,0,0.0254811989,0.3979043645
5345,0,0.0346128522,0.4820046253
5348,0,0.3337874603,0.9073507473
5349,0,0.0119649819,0.2508195456
5350,0,0.0048626734,0.1332249501
5353,0,0.0078990570,0.1936250672
5354,0,0.0059966827,0.1392973747
5355,0,0.0045300219,0.1304395154
5356,0,0.0143754819,0.3909261085
5359,0,0.0042104625,0.1276344400
5360,0,0.0177992904,0.3523921486
5361,0,0.0346120553,0.5120870026
5362,0,0.0075820878,0.1886323625
5363,0,0.1340135572,0.8048625283
5365,0,0.0138622709,0.2763288524
5367,0,0.0031175602,0.1127866763
5369,0,0.0059016515,0.1729363744
5370,0,0.0053957473,0.1702257778
5371,0,0.0224793135,0.4910146025
5372,0,0.0987669496,0.7467660900
5373,0,0.0718189941,0.7219947825
5375,0,0.0393745834,0.5669965322
5377,0,0.1832503703,0.8951389967
5379,0,0.0241873826,0.4397700261
5380,0,0.0308927755,0.4920506646
5381,0,0.0130979694,0.3014105875
5382,0,0.0039712922,0.1129657531
5383,0,0.0577347802,0.6340824422
5385,0,0.0300819572,0.5063677305
5386,0,0.0098223467,0.2732297726
5387,0,0.0475194861,0.6408129268
5388,0,0.2789831801,0.9114599228
5389,0,0.0829503108,0.7394400627
5390,0,0.0984959117,0.7796098995
5393,0,0.0533404454,0.6437263674
5394,0,0.0606370317,0.6924820064
5395,1,0.8709941771,0.9936655672
5396,0,0.0240143231,0.4732355166
5397,0,0.0750729757,0.7018345643
5398,0,0.0167090905,0.3949545564
5399,0,0.0714199664,0.7034040933
5401,1,0.1651847972,0.8630730728
5402,1,0.4165810764,0.9518648935
5403,0,0.0091990494,0.1442398559
5405,0,0.0030949193,0.0734877338
5406,0,0.0105994019,0.1812582808
5408,0,0.0059219295,0.0984400208
5410,0,0.0036472276,0.0669569877
5411,0,0.0146724917,0.2232378418
5413,0,0.0843789906,0.6336516249
5414,0,0.0008453187,0.0234937926
5415,0,0.0008457915,0.0178398032
5416,0,0.0108734636,0.1893504983
5417,0,0.0020363999,0.0465035299
5419,0,0.0017582125,0.0435972562
5426,0,0.0048378151,0.0998160461
5427,0,0.0126334547,0.2190884382
5429,0,0.0260261227,0.3729434963
5430,0,0.0027576515,0.0575865847
5431,0,0.0024916348,0.0591300317
5432,0,0.0107798403,0.2085350433
5433,0,0.0084997656,0.1642190983
5436,0,0.0087669472,0.1786543240
5438,0,0.0059235070,0.1318418209
5439,0,0.0055568097,0.1077621824
5440,0,0.0022457779,0.0596270030
5442,0,0.0035086155,0.0995522298
5443,0,0.0370927574,0.4699995906
5444,0,0.0126007363,0.2738028949
5445,0,0.0157754001,0.2564455551
5446,0,0.0029851142,0.0790369474
5448,0,0.0186972974,0.3256539102
5450,0,0.1327347309,0.6930669170
5451,0,0.0044559448,0.1229314273
5452,0,0.0227865518,0.3801657556
5455,0,0.0096219802,0.2271253936
5456,0,0.0082125225,0.1895712364
5457,0,0.0022230426,0.0747383454
5458,0,0.0052724070,0.1375809346
5459,0,0.0280707403,0.4236913332
5460,0,0.1025078251,0.7394462701
5461,0,0.0049630121,0.1523942229
5462,0,0.0414541541,0.5527390581
5463,0,0.0111414057,0.2144889284
5465,0,0.0110472034,0.2613680846
5466,0,0.0983727423,0.7489540521
5467,0,0.0144338238,0.3154003686
5469,0,0.0277380003,0.4421849630
5470,0,0.0134595333,0.3223725530
5471,0,0.0102844316,0.2622309623
5472,0,0.5115577180,0.9595437620
5473,0,0.4643526565,0.9545373285
5474,0,0.1120105870,0.7787141750
5475,0,0.0240225075,0.4967153326
5477,0,0.0130378811,0.3454314251
5480,0,0.0037022323,0.1380324679
5481,0,0.0036611522,0.1399164998
5485,0,0.0125303668,0.3142673700
5487,0,0.0907304313,0.7381939720
5488,0,0.0901421549,0.7518846294
5489,1,0.3575479973,0.9368362744
5491,1,0.3831505677,0.9044348997
5492,0,0.0331665283,0.4414953007
5493,0,0.0056771336,0.1220109974
5494,0,0.0619396996,0.5557481876
5495,0,0.0113096799,0.1988725531
5496,0,0.0188626200,0.2904185180
5498,0,0.0034604516,0.0707540157
5501,0,0.0029246081,0.0579462432
5502,0,0.0037407322,0.0891853779
5503,0,0.0436094812,0.4871380975
5505,0,0.0725792196,0.6207872940
5507,0,0.0024405936,0.0512158931
5508,0,0.0085520596,0.1807795153
5509,0,0.0685582980,0.6269349251
5510,0,0.0026274780,0.0681872248
5511,0,0.0488240323,0.5467589816
5512,0,0.0044735716,0.0966949453
5513,0,0.0032411367,0.0784989830
5514,0,0.0316776972,0.4229413326
5515,0,0.0027436588,0.0560601065
5516,0,0.0047212184,0.1265781329
5517,0,0.0062879934,0.1397881094
5518,0,0.0497172205,0.5339479685
5519,0,0.0053309159,0.1112450825
5520,0,0.0290627678,0.4008955548
5521,0,0.0165298505,0.2995747031
5522,0,0.0198296458,0.3570057452
5525,0,0.0038557040,0.1045390491
5526,0,0.0057550473,0.1572181263
5527,0,0.0388190040,0.4751910543
5529,0,0.0463571496,0.5378488808
5530,0,0.0091037621,0.2047768361
5531,0,0.0159696836,0.3380197756
5532,0,0.0030034411,0.0983924652
5533,0,0.0458752700,0.5334080676
5534,0,0.0033530358,0.0806096872
5536,0,0.0196016548,0.3594352629
5537,1,0.0638483637,0.6784935175
5538,0,0.0036845767,0.0902657334
5539,0,0.0043323056,0.1141280460
5541,0,0.0091415811,0.2272073134
5543,0,0.0078283627,0.2099408665
5545,0,0.0469199782,0.5734728269
5547,0,0.0144677951,0.3176955696
5549,0,0.0161835645,0.3266666582
5552,0,0.0168329601,0.3735274965
5553,0,0.0067766327,0.2072987673
5555,0,0.0211794753,0.4204379153
5556,0,0.0260941578,0.4692959468
5557,0,0.0036131891,0.1370829338
5558,0,0.0192209146,0.3854811959
5559,0,0.0480499328,0.5941731739
5561,0,0.0264515616,0.4643111047
5562,0,0.0180096968,0.4182510873
5563,0,0.0241367852,0.4329698133
5565,0,0.0704365982,0.7052284193
5566,0,0.0161694341,0.3528950714
5567,0,0.0805621161,0.7222117853
5570,0,0.0012950922,0.0318039109
5571,0,0.0103715232,0.1870260446
5572,0,0.0026272409,0.0477909786
5573,0,0.0019836471,0.0456698536
5574,0,0.0005548085,0.0135502691
5576,0,0.0010191941,0.0363134799
5577,0,0.0027988278,0.0726642831
5578,0,0.0018208409,0.0369239161
5580,0,0.0012983288,0.0313826547
5581,0,0.0010394599,0.0274930291
5582,0,0.0105429657,0.1892081987
5584,0,0.0022379272,0.0555683410
5585,0,0.0007845309,0.0227794801
5586,0,0.0007793764,0.0238000527
5587,0,0.0004680935,0.0169001883
5588,0,0.0075938636,0.1662340931
5589,0,0.0040512646,0.1000191879
5593,0,0.0156828990,0.2890621478
5598,0,0.0029631582,0.0717062836
5599,0,0.1211729430,0.7595375547
5600,0,0.0020198158,0.0605562609
5602,0,0.0066033442,0.1578540484
5603,0,0.0837720568,0.6853353814
5604,0,0.1546050904,0.8113565760
5605,0,0.0052308467,0.1206272760
5606,0,0.0186844832,0.3420662791
5607,0,0.0017213814,0.0519232583
5608,0,0.0020613851,0.0645164405
5609,0,0.0027091444,0.0889143793
5610,0,0.0225401953,0.3852592173
5611,0,0.0049207515,0.1244122537
5612,0,0.0029030756,0.0914360107
5613,0,0.0226572359,0.3969658525
5614,0,0.0047107428,0.1300421299
5615,0,0.0010275748,0.0417580389
5616,1,0.7819078585,0.9900329326
5618,1,0.6560570747,0.9722439117
5619,0,0.0028837520,0.0842608257
5620,0,0.0164236996,0.2956062057
5622,0,0.0371650050,0.5319427109
5625,0,0.0032144263,0.0992329954
5626,0,0.0026323129,0.0697530802
5627,0,0.0031003650,0.1082430275
5628,0,0.0549582882,0.6058072234
5629,0,0.0202006759,0.3783138421
5630,0,0.1212757497,0.7842491276
5632,0,0.0114664899,0.2665498717
5633,0,0.1513370373,0.8174542905
5635,0,0.1566101470,0.8243604067
5636,0,0.1447920091,0.8213759063
5637,0,0.0541992647,0.6234488074
5639,0,0.0158358037,0.3248068954
5640,0,0.0085758396,0.2214565242
5642,0,0.0097028102,0.2523187054
5645,0,0.1355125194,0.8245424012
5646,0,0.0019121306,0.0680098748
5647,0,0.0546021924,0.6495866437
5648,0,0.2536249829,0.9169560521
5649,0,0.0500135251,0.6249750855
5650,0,0.1702158265,0.8857589686
5651,0,0.1296742181,0.8042460502
5653,0,0.0120657018,0.3071342270
5654,0,0.0154322067,0.3826544506
5655,0,0.0011296977,0.0302380150
5656,0,0.0058389511,0.1119521956
5658,0,0.0016025476,0.0405013962
5660,0,0.0007716468,0.0252061365
5661,0,0.0061761079,0.1362127912
5662,0,0.0390445530,0.4823669614
5663,0,0.0022160043,0.0447368505
5665,0,0.0007801380,0.0274954979
5668,0,0.0089926211,0.1317290658
5669,0,0.0053767658,0.1230081932
5670,0,0.0020770662,0.0605534224
5672,0,0.0014831257,0.0561016565
5673,0,0.0003265106,0.0117179886
5675,0,0.0014164993,0.0467607372
5676,0,0.0042018259,0.1112789046
5677,0,0.0065405856,0.1451305718
5678,0,0.0107296953,0.2240806251
5679,0,0.0033295743,0.0885089318
5681,0,0.0176961288,0.3151011823
5682,0,0.0064438376,0.1558507894
5685,0,0.0047752494,0.1594661348
5687,0,0.0051885714,0.1283762517
5688,0,0.0357447698,0.3820950113
5689,0,0.0083083406,0.2063030735
5691,0,0.0155120309,0.3003364237
5692,0,0.0911049843,0.7107783318
5694,0,0.0058757989,0.1678919032
5695,0,0.0503393369,0.5671232261
5697,0,0.0036123719,0.1137263287
5698,0,0.0285259805,0.4548259184
5703,0,0.0482004647,0.5517778795
5705,0,0.0729068351,0.6821179173
5708,0,0.0233316355,0.4232018491
5709,0,0.0349611101,0.4775121471
5710,0,0.0209248998,0.3826883277
5711,0,0.0185270215,0.4779847158
5712,0,0.0106699794,0.2581795370
5713,0,0.1287454442,0.7916088981
5714,0,0.0277379524,0.4360149314
5716,0,0.0078375570,0.2680150845
5717,0,0.0945479661,0.7240851084
5718,0,0.0115929585,0.2562441123
5719,0,0.0110775843,0.2568010201
5722,0,0.0179504048,0.3657895438
5723,0,0.0653149479,0.6594382802
5725,0,0.1877934959,0.8549523860
5726,0,0.0063268322,0.1792604564
5728,0,0.0074589239,0.2257040875
5730,0,0.0038816725,0.1278328064
5731,0,0.0141185539,0.2960477539
5732,0,0.0090140768,0.2107617135
5734,0,0.0627777647,0.6697858711
5735,1,0.3781020203,0.9422679479
5736,0,0.0201040927,0.4115184772
5737,0,0.0029456278,0.1077976570
5738,0,0.1558307206,0.8383057558
5740,0,0.0007027911,0.0174579472
5741,0,0.0014168460,0.0361885320
5742,0,0.0017516909,0.0413498041
5744,0,0.0010970612,0.0298936063
5745,0,0.0033573999,0.0897462354
5746,0,0.0041079206,0.0821867892
5747,0,0.0010083643,0.0252711188
5749,0,0.0007826726,0.0246806397
5750,0,0.1110968175,0.7058433463
5751,0,0.0064308475,0.1161004393
5752,0,0.0036999813,0.0934155266
5753,0,0.0012963375,0.0456175212
5754,0,0.1032107723,0.7096681432
5755,0,0.0018656980,0.0389637963
5756,0,0.0194306521,0.3380948775
5757,0,0.0181721905,0.3373589889
5758,0,0.0645348770,0.6148985298
5759,0,0.0073852303,0.1669328942
5760,0,0.0033393114,0.0849130852
5761,0,0.0011757713,0.0366087159
5762,0,0.0253499845,0.4075589224
5764,0,0.0015673956,0.0533270011
5766,0,0.0053802018,0.1230560981
5767,0,0.0032731632,0.0968892359
5768,0,0.0091710196,0.2104833840
5769,0,0.0119661382,0.2428116657
5770,0,0.0276913444,0.4246243336
5771,0,0.0061782988,0.1525548077
5773,0,0.0037901624,0.0772397172
5774,0,0.0070393593,0.2183968958
5775,0,0.0050388264,0.1242003822
5776,0,0.0046249494,0.0912344506
5778,0,0.0109953240,0.2447188252
5780,0,0.0038865921,0.1032531347
5781,0,0.0225207802,0.3807039165
5782,0,0.0106967295,0.2519662318
5784,0,0.0038212089,0.1593129710
5785,0,0.0033782006,0.1048392605
5786,0,0.0037258262,0.1000691342
5790,0,0.0313631718,0.5057272052
5791,0,0.0040719618,0.1304821793
5793,0,0.0033098940,0.1071919614
5797,0,0.2786770605,0.9061290486
5798,0,0.0161183831,0.3313576829
5800,0,0.0148091557,0.3331313427
5802,0,0.0280799104,0.4994876009
5803,0,0.0107043487,0.2790144183
5804,0,0.0116424835,0.2531746639
5805,0,0.0271436011,0.4924056878
5806,0,0.0147190235,0.3235429642
5807,0,0.0494871707,0.6141607725
5808,0,0.0083274171,0.2530545546
5809,0,0.0060745480,0.1725838971
5810,0,0.0105636474,0.3205361892
5811,0,0.0092971687,0.2287266398
5812,0,0.0163028959,0.3359605834
5815,0,0.0257127388,0.4614026153
5816,0,0.0216639002,0.3751175623
5817,0,0.0247242291,0.4307839973
5819,0,0.0194840159,0.3924535325
5823,0,0.1641469782,0.8538044585
5824,0,0.0405787172,0.5629554510
5825,0,0.0416240443,0.5727425615
5826,0,0.0174251161,0.3936279137
5827,0,0.0234346980,0.4875800838
5829,0,0.0022376217,0.0486851686
5830,0,0.0004223600,0.0121948739
5832,0,0.0352649823,0.3945356083
5833,0,0.0024291170,0.0497352740
5834,0,0.0046601738,0.0931877631
5836,0,0.0008032371,0.0191248176
5837,0,0.0041783566,0.0836308575
5839,0,0.0004585212,0.0119419538
5840,0,0.0007755753,0.0230365736
5842,0,0.0011486723,0.0305633155
5843,0,0.0106001504,0.1969132448
5846,0,0.0007178337,0.0204113800
5847,0,0.0041157181,0.0849944810
5848,0,0.0017179688,0.0362863341
5850,0,0.0082149721,0.1754159920
5851,0,0.0023309574,0.0569403977
5852,0,0.0010732250,0.0289962547
5854,0,0.0020967274,0.0530202694
5856,0,0.0045554477,0.1062135731
5858,0,0.0016402435,0.0440712199
5859,0,0.0028929258,0.0796386402
5861,0,0.0017918814,0.0513459945
5862,0,0.0975205129,0.6971293081
5863,0,0.0060818654,0.1471471898
5864,0,0.0013940514,0.0421483335
5865,0,0.0012805535,0.0449450240
5866,0,0.0012261204,0.0376212242
5867,0,0.0176235189,0.3191971593
5868,0,0.0308155091,0.4209469846
5869,0,0.0046524259,0.1149041139
5870,0,0.0176293641,0.2762319694
5873,0,0.0126479450,0.2801686477
5874,0,0.0036139554,0.1003781398
5876,0,0.0131919808,0.2942433576
5880,0,0.0052237485,0.1345089440
5881,0,0.0683757324,0.6517277364
5882,0,0.0136884565,0.2209112720
5883,0,0.0035225870,0.1040322594
5885,0,0.0077372165,0.2040636418
5886,0,0.0025003448,0.0737360965
5887,0,0.0200765032,0.3730622387
5888,0,0.0043730115,0.1424783427
5890,0,0.0336983737,0.5633919888
5891,0,0.0100598963,0.2403386375
5892,0,0.0906593385,0.7286217840
5893,0,0.0374469208,0.5312378053
5894,0,0.1111394448,0.7800212972
5895,0,0.0286440935,0.4528071984
5896,0,0.0391592594,0.5550293793
5899,0,0.1894079970,0.8574543293
5900,0,0.0021961465,0.0829348335
5901,0,0.0125289850,0.3081559583
5902,0,0.0736108931,0.6848722263
5903,0,0.0171235658,0.3624568755
5904,0,0.0170593179,0.3424916932
5905,0,0.2968019637,0.9233559938
5906,0,0.0024263489,0.0952617081
5907,0,0.0101809786,0.2473418337
5910,1,0.8210547782,0.9949272124
5911,0,0.0023704850,0.0613416915
5913,0,0.0004381869,0.0111713945
5914,0,0.0300909192,0.4034195446
5915,0,0.0026790213,0.0623329868
5916,0,0.0014232779,0.0359290180
5917,0,0.0091384477,0.1714098930
5918,0,0.0104962467,0.2099620821
5919,0,0.0109343733,0.2050364262
5920,0,0.0178449398,0.2521798174
5921,0,0.0015558962,0.0366377494
5922,0,0.0540096600,0.5387252800
5923,0,0.0040909915,0.0918075079
5924,0,0.0006583499,0.0195604438
5926,0,0.0005565050,0.0141865367
5927,0,0.0289894250,0.3454734051
5928,0,0.0009936879,0.0195561664
5930,0,0.0076681670,0.1550059147
5931,0,0.0564556955,0.4978806470
5933,0,0.0012574295,0.0324382577
5934,0,0.0058558720,0.1236919976
5935,0,0.0251539556,0.4519463019
5936,0,0.0037073417,0.0805333941
5938,0,0.0021120605,0.0566033269
5939,0,0.0076192062,0.1523909257
5940,0,0.3263015759,0.8863672588
5941,0,0.0365194852,0.4747647379
5942,1,0.0196199576,0.2771267973
5943,0,0.0074157760,0.1583112449
5944,0,0.0095943704,0.1618275665
5949,0,0.0176757672,0.2583440543
5950,0,0.0083535178,0.1663982047
5951,0,0.0021947679,0.0525798486
5952,0,0.0016956248,0.0443166259
5953,0,0.0020765451,0.0527434934
5955,0,0.0018915579,0.0487626492
5956,0,0.0035880964,0.0827856373
5957,0,0.0035580020,0.0731607284
5958,0,0.0137766626,0.2327884670
5960,0,0.0331227902,0.4328212931
5961,0,0.0039935243,0.0936626294
5962,0,0.0011852515,0.0340131247
5963,0,0.0021596116,0.0507710535
5964,0,0.0058789825,0.1396374301
5965,0,0.0010194823,0.0331794398
5966,0,0.0116458268,0.2400560405
5967,0,0.0301139604,0.4063478721
5969,0,0.1036030501,0.7005047462
5970,0,0.0014626361,0.0396338441
5971,0,0.0048438720,0.1015136068
5972,0,0.0012767463,0.0324777225
5974,0,0.0432010671,0.5375332647
5975,0,0.0075857210,0.1835874755
5976,0,0.0014366279,0.0489404312
5977,0,0.0316736986,0.5429798048
5978,0,0.0187527820,0.3275201523
5980,0,0.0295139894,0.4702556176
5982,0,0.0099025144,0.2339487819
5983,0,0.0055335291,0.1361349961
5984,0,0.0193286425,0.4097607871
5985,0,0.0368935301,0.5501449187
5986,0,0.0042351332,0.1238584903
5988,0,0.0702523259,0.6425506913
5990,0,0.1453687026,0.8043122164
5991,0,0.0538119984,0.6479233500
5992,0,0.0090670547,0.2495639479
5994,0,0.0109116509,0.2700956547
5995,0,0.0684114347,0.6971183126
5996,0,0.0295738810,0.4868994395
5998,0,0.0100148632,0.3003227366
5999,0,0.0298731017,0.5282131499
6000,1,0.0069898076,0.2050330634
6002,0,0.0016279672,0.0464350391
6003,0,0.0013521242,0.0236133481
6004,0,0.0008780352,0.0171093262
6005,0,0.0007634312,0.0180669446
6007,0,0.0045379801,0.0712604207
6009,0,0.0009246845,0.0236425056
6010,0,0.0017481429,0.0265593337
6011,0,0.0013840970,0.0375472791
6012,0,0.0019727305,0.0449269823
6014,0,0.0004553663,0.0090236682
6017,0,0.0050268533,0.0905316263
6018,0,0.0006331981,0.0178930558
6019,0,0.0002901190,0.0079542109
6020,0,0.0102428670,0.1564701448
6022,0,0.0008724268,0.0209227875
6024,0,0.0086236320,0.1578272561
6025,1,0.3596350800,0.8992795756
6026,0,0.0214704790,0.3184223555
6027,0,0.0101127667,0.1792337618
6028,0,0.0021779507,0.0565761913
6032,0,0.0027281759,0.0662613110
6035,0,0.0056655538,0.1207941639
6037,0,0.0406440679,0.4769983625
6038,0,0.0110333998,0.2044652474
6042,0,0.0143558067,0.2425458234
6043,0,0.0030603212,0.0773305270
6044,0,0.0042101014,0.1086745432
6047,0,0.0760881744,0.6340066199
6049,0,0.0064832666,0.1578698741
6050,0,0.0019333663,0.0566802794
6051,0,0.0043518492,0.1146223912
6052,0,0.0480233024,0.5354911599
6055,0,0.0050044143,0.1429455231
6056,0,0.0127108798,0.2651544705
6060,0,0.0510709012,0.4619287852
6061,0,0.0143482498,0.2636018482
6062,0,0.0011521548,0.0426951636
6063,0,0.0889064481,0.7387791669
6064,0,0.0193772947,0.3537689806
6065,0,0.0120126252,0.2108165744
6066,0,0.0211396502,0.3812969862
6067,0,0.0110758790,0.2328814711
6069,0,0.0102593081,0.2223582224
6070,0,0.0106444592,0.2384165147
6071,0,0.0082977683,0.1923904880
6072,0,0.0166452397,0.3326512051
6073,0,0.0050722908,0.1383804713
6074,0,0.0064801887,0.1780580912
6075,0,0.0150191729,0.3587925351
6076,0,0.0350848020,0.4934606527
6077,0,0.0098775876,0.2382018424
6078,0,0.0407792530,0.5761672451
6080,0,0.0077593505,0.2168233313
6081,0,0.0057177561,0.1602742031
6082,0,0.0620605054,0.6494983704
6083,0,0.0352092018,0.5345050683
6084,0,0.1349580437,0.8103624628
6086,0,0.0017956895,0.0413103112
6087,0,0.0009132077,0.0218764840
6088,0,0.0005788924,0.0156380742
6089,0,0.0010059143,0.0192425778
6090,0,0.0009175039,0.0236804698
6092,0,0.0723154422,0.5910378477
6093,0,0.0005004386,0.0098086719
6094,0,0.0579917861,0.5400430326
6095,0,0.0041135238,0.0837012760
6096,0,0.0052516363,0.1240112356
6097,0,0.0016037223,0.0374174843
6098,0,0.0006332344,0.0227152718
6099,0,0.0019768928,0.0414373095
6100,0,0.0001543655,0.0057236378
6101,0,0.0008134924,0.0184469780
6103,0,0.0034209124,0.0645295576
6104,0,0.0044644052,0.0967252040
6105,0,0.0019088744,0.0508978312
6106,0,0.0119592382,0.1978808669
6107,0,0.0165097167,0.2665835185
6109,0,0.0006394766,0.0184784670
6110,0,0.0015860017,0.0402896252
6111,0,0.0079306322,0.1520130889
6114,0,0.0020659439,0.0525758366
6115,0,0.0012150221,0.0333228524
6116,0,0.0211676316,0.3193223065
6119,0,0.0988117315,0.6725861830
6120,0,0.0030609491,0.0740407283
6121,0,0.0016093642,0.0393659576
6123,0,0.1054856246,0.7016585771
6124,0,0.0075328627,0.1659655961
6125,0,0.0034888224,0.0799872254
6126,0,0.0088419745,0.1661454220
6127,0,0.0467343386,0.5386438090
6130,0,0.0293778466,0.4418226194
6131,0,0.0187656614,0.3258618776
6132,0,0.0086796229,0.2032799989
6133,0,0.0063853545,0.1352945107
6134,0,0.0077962366,0.1800067439
6138,0,0.0050081779,0.1159761248
6140,0,0.0040281870,0.0935886634
6141,0,0.0067383860,0.1593802672
6142,0,0.0421472988,0.5199434467
6143,0,0.0080138544,0.1762464960
6144,0,0.0028847453,0.0815705454
6146,0,0.0053640315,0.1563164556
6147,0,0.0058824659,0.1672788087
6151,0,0.0094585425,0.1999976217
6152,0,0.0068445779,0.1735668965
6154,1,0.3303689296,0.9164959754
6155,0,0.0023708013,0.0757185908
6157,0,0.0327941918,0.4678250196
6158,0,0.0232380365,0.3783382376
6159,0,0.0068845012,0.1834887539
6160,1,0.4191835636,0.9409444920
6163,0,0.0131342231,0.2903331607
6164,0,0.0450177372,0.5758043866
6165,0,0.0053935601,0.2173243539
6166,0,0.0127757696,0.2927036342
6168,0,0.0762300518,0.7301326411
6169,0,0.0120774367,0.2697017233
6170,0,0.0085620798,0.2502605343
6171,0,0.0338945165,0.6463322391
6172,0,0.0210068419,0.4143901345
6173,1,0.0567689584,0.6345330897
6175,0,0.0005484579,0.0136736495
6177,0,0.0008036451,0.0199105427
6179,1,0.2464251904,0.8441745911
6180,0,0.0016750310,0.0391509786
6182,0,0.0024998800,0.0507099724
6186,0,0.0016755049,0.0347226551
6187,0,0.0038589010,0.0890046735
6189,0,0.0062448453,0.1260508895
6190,0,0.0011322369,0.0283943228
6191,0,0.0009202058,0.0167235462
6192,0,0.0013171379,0.0326025982
6193,0,0.0055751100,0.1009035330
6195,0,0.0079109148,0.1514572898
6196,0,0.0036292453,0.0781057597
6197,0,0.0027280137,0.0624597160
6198,0,0.0163854254,0.2676942366
6199,0,0.0004848417,0.0138489107
6200,0,0.0100927994,0.1892533164
6201,0,0.0020469006,0.0502801629
6202,0,0.0093752043,0.1770375407
6204,0,0.0021353729,0.0472004936
6206,0,0.0009077034,0.0282824190
6207,0,0.0009930967,0.0271952526
6210,0,0.0018535005,0.0435987386
6212,0,0.0149450782,0.2875448402
6214,0,0.0033118712,0.0873896606
6215,0,0.0060868560,0.1452664040
6217,0,0.0029877510,0.0764716818
6218,0,0.0118014255,0.2397131997
6219,0,0.0151572904,0.3354879629
6220,0,0.0044311863,0.1420018343
6222,0,0.0198971001,0.3510029293
6223,0,0.0022000205,0.0698042606
6225,0,0.0052007620,0.1275476759
6226,0,0.0029226938,0.0837451650
6227,0,0.1371089416,0.8406008736
6229,0,0.0696046722,0.6682990501
6230,0,0.0558956955,0.5699923652
6231,0,0.0062940940,0.1724872112
6232,0,0.0102867310,0.2576024152
6234,0,0.0047888061,0.1416193066
6235,0,0.0169112459,0.3530116877
6236,0,0.0079196736,0.1811279577
6241,0,0.0055025160,0.1663060857
6242,0,0.0842115971,0.7376736491
6243,0,0.0482681817,0.6101946045
6244,0,0.1047038739,0.7405742294
6245,0,0.0083432053,0.2216122538
6247,0,0.0480238679,0.7169895645
6249,1,0.7530716234,0.9875155267
6250,0,0.0149493509,0.3496773954
6253,0,0.0134818447,0.3367911936
6254,0,0.0081084033,0.2365670710
6255,0,0.0664649525,0.6949528148
6256,1,0.5188482733,0.9643965704
6257,1,0.0179793748,0.3811403347
6258,0,0.0087863775,0.1662607027
6259,0,0.0043563057,0.0851868449
6261,0,0.0055713086,0.1151188329
6263,0,0.0017589189,0.0326212003
6265,0,0.0039483680,0.0898579911
6266,0,0.0061436063,0.1350087949
6268,0,0.0019179353,0.0475924742
6269,0,0.0024695411,0.0580947366
6270,0,0.0023951091,0.0583620198
6271,0,0.0047911119,0.0983938032
6273,0,0.0247630559,0.4029151200
6274,0,0.0021876167,0.0531628203
6275,0,0.0004446208,0.0161479222
6276,0,0.0022939470,0.0589844678
6278,0,0.0024234074,0.0642973834
6279,0,0.0052714970,0.1012491553
6282,0,0.0021973410,0.0629967749
6285,0,0.0036369107,0.0818220547
6286,0,0.0064917916,0.1735360561
6287,0,0.0064850689,0.1487426125
6290,0,0.1252820809,0.7742691118
6291,0,0.0054529310,0.1205620854
6292,0,0.0024600731,0.0697164510
6294,0,0.0167928148,0.3329470960
6295,0,0.0088070658,0.2060511196
6297,0,0.0026840513,0.0689108175
6298,0,0.1283450789,0.7816400707
6302,0,0.0130608130,0.2905810141
6304,0,0.0512799087,0.6263786442
6305,0,0.0079274960,0.2010251057
6306,0,0.0032623790,0.0956213877
6308,0,0.0121292775,0.2760026262
6310,0,0.0615754158,0.6640172089
6311,0,0.0276146795,0.4302095092
6313,0,0.0080517214,0.2390095990
6314,0,0.0579529969,0.6360723594
6315,0,0.0035789190,0.1092806496
6316,0,0.0445631934,0.5696849660
6318,0,0.0233692102,0.4494231512
6319,0,0.0689939576,0.6773263308
6320,0,0.0214874470,0.4111510941
6321,0,0.0352673882,0.5851622674
6322,0,0.6125688163,0.9741300119
6323,0,0.0093258864,0.2705139911
6325,0,0.0738296617,0.7027765490
6326,0,0.0309437346,0.4958293899
6327,0,0.0149650269,0.3449966626
6329,0,0.0104609893,0.2797748219
6330,0,0.0155717375,0.3777907865
6331,0,0.0102868935,0.2621746867
6332,0,0.0736629312,0.7665300210
6333,0,0.0149631245,0.3341254504
6334,0,0.0006829189,0.0297619598
6335,0,0.0152989573,0.3745621503
6336,0,0.0194558193,0.4609122873
6337,0,0.0916300909,0.7671023774
6338,0,0.0237291261,0.4619074889
6339,0,0.0105973652,0.2889997465
6341,1,0.0254232353,0.5703871202
6342,0,0.0042801447,0.0965746510
6343,0,0.0013453927,0.0346158141
6345,0,0.0024763848,0.0666039790
6346,0,0.0008629011,0.0234616267
6347,0,0.0606978872,0.5710884469
6350,0,0.0009365591,0.0250246057
6351,0,0.0065576867,0.1205964393
6352,0,0.0372170054,0.4408969625
6353,0,0.0015175132,0.0427041453
6354,0,0.0021910769,0.0662194960
6357,0,0.0077607991,0.1605315417
6358,0,0.0589712485,0.5385888328
6360,0,0.1340224260,0.7260665497
6362,0,0.0468253206,0.5528603455
6364,0,0.0028041905,0.0822313195
6366,0,0.1052561266,0.7101472563
6367,0,0.0050817378,0.1059399436
6369,0,0.0111399796,0.2596146214
6373,0,0.0025864387,0.0666025084
6374,0,0.0021214364,0.0671237242
6375,0,0.0045251768,0.1251376884
6376,0,0.0018203263,0.0715630627
6377,0,0.0032292296,0.0864039025
6378,0,0.0047814554,0.1311438855
6379,0,0.0316282629,0.4618518276
6380,0,0.0307528002,0.4499974066
6381,0,0.1865585329,0.8419007293
6383,0,0.0099004843,0.1984220847
6384,0,0.0104520444,0.2584895598
6385,0,0.0090973501,0.2544439138
6386,0,0.0304645376,0.4369203007
6387,0,0.0111715979,0.2160442117
6389,0,0.0322153316,0.5534574657
6391,0,0.3035580779,0.9109057419
6392,0,0.0065452248,0.2006622280
6393,0,0.0187631481,0.3510210069
6394,0,0.0079648809,0.2020965806
6395,0,0.0083132702,0.2408649745
6396,0,0.0539263803,0.6448122195
6397,0,0.0959597016,0.7178744742
6399,0,0.2790680699,0.9112379540
6400,0,0.0057240029,0.1873935357
6401,0,0.0151493594,0.3311362150
6403,0,0.0127263765,0.3250762530
6404,0,0.0155688124,0.3053291678
6405,0,0.0988636205,0.7861215861
6407,0,0.1055367059,0.7519155526
6408,0,0.0017917937,0.0684133703
6409,0,0.0062177095,0.1853382131
6410,0,0.0538245996,0.6139245530
6411,0,0.0510939273,0.5898710751
6412,0,0.0474489271,0.5921593912
6413,0,0.0298717626,0.4996663447
6414,0,0.0162192462,0.3391149652
6415,0,0.0019576544,0.0802620959
6417,0,0.0059433362,0.2018332875
6418,0,0.0419911193,0.5819641785
6419,0,0.1110360493,0.8151102272
6420,1,0.0202995804,0.4724511756
6422,0,0.0038548558,0.0673884430
6423,0,0.0371096130,0.4321008335
6424,0,0.0010517637,0.0258022639
6425,0,0.0012251702,0.0347816972
6426,0,0.0592564351,0.5462938823
6427,0,0.0004422711,0.0145194072
6428,0,0.0127608588,0.2286172361
6429,0,0.0002548091,0.0087473855
6430,0,0.0039421918,0.0998431148
6434,0,0.0010370997,0.0296763100
6436,0,0.0033059889,0.0778894675
6437,0,0.0019258801,0.0475965391
6440,0,0.0027240898,0.0543792795
6441,0,0.0017929536,0.0366994289
6442,0,0.0022277435,0.0583406938
6443,0,0.0339847917,0.4653683279
6444,0,0.0013325088,0.0382611564
6445,0,0.0535967471,0.5649118659
6446,0,0.0063814014,0.1387713621
6447,0,0.0021620533,0.0573375739
6448,0,0.0034963416,0.0815106790
6449,0,0.0030240887,0.0806921673
6454,0,0.0031669652,0.0811423117
6455,0,0.0024912394,0.0734655475
6456,0,0.0132866107,0.2720400612
6458,0,0.0207248998,0.3761265716
6459,0,0.2156068601,0.8829843210
6460,0,0.0784872671,0.6743244243
6461,0,0.0347374199,0.5061368732
6462,0,0.0024246333,0.0623037930
6463,0,0.0101538500,0.2948296740
6465,0,0.0023786014,0.0791497399
6466,0,0.0196606408,0.3727076389
6467,0,0.0162728875,0.3227901674
6468,0,0.0036673693,0.1086906296
6469,0,0.0249118462,0.4332113099
6470,0,0.0026448989,0.0870040247
6471,0,0.1518170458,0.8199335641
6472,0,0.0122826465,0.2904462776
6473,0,0.0023553494,0.0920388379
6474,0,0.1817404539,0.8745324100
6476,0,0.0025183877,0.0885877501
6477,0,0.0442912865,0.6039377461
6478,0,0.0129523835,0.2921226120
6479,1,0.0055044209,0.1624870251
6481,0,0.0091350597,0.2041251452
6482,0,0.0639741366,0.6721085364
6483,0,0.0364741678,0.5200200908
6484,0,0.0290070652,0.4807907250
6485,0,0.0080092243,0.2344787811
6486,0,0.0470114581,0.6089242756
6487,0,0.0215596811,0.3923414764
6488,0,0.0067413789,0.2621477703
6489,0,0.1572151540,0.8619183849
6491,0,0.0241208122,0.4826664899
6492,0,0.3884415684,0.9444173275
6493,0,0.0331260987,0.5512778695
6494,0,0.1780674254,0.8799635775
6495,0,0.0183184081,0.4186588098
6500,0,0.0082683838,0.2514708586
6501,0,0.0355330022,0.5834879314
6503,0,0.9244407411,0.9947026012
6506,0,0.0236634862,0.5133411547
6508,0,0.0006426769,0.0149164351
6509,0,0.0025493061,0.0862514512
6511,0,0.1222095422,0.7155498352
6512,0,0.0279838231,0.3706216212
6513,0,0.0114520442,0.2524672194
6515,0,0.0056976626,0.1530363456
6516,0,0.0116041153,0.2390681998
6517,0,0.0019132959,0.0647017593
6518,0,0.0038015827,0.1003085125
6519,0,0.1696099396,0.8454690975
6521,0,0.0049615288,0.1284530326
6522,0,0.0008514880,0.0294107780
6524,0,0.0050912546,0.1376185687
6526,1,0.8547321681,0.9884131304
6528,0,0.0237830466,0.3787711141
6529,0,0.0081697203,0.1565188935
6530,0,0.0046783151,0.1238796185
6531,0,0.0013323206,0.0547436973
6533,0,0.0139676635,0.3489252680
6534,0,0.0552173655,0.5840690810
6536,0,0.0069779882,0.1999179737
6538,0,0.0032875892,0.0940549228
6540,0,0.1496805174,0.8066432413
6542,0,0.0068245056,0.1744417329
6544,0,0.0056461138,0.1419252793
6545,0,0.0251799475,0.4348652447
6546,0,0.0066987731,0.1594150677
6548,0,0.0093404265,0.2118884694
6553,0,0.0062314133,0.1370599580
6557,0,0.0052123121,0.1523332689
6560,0,0.0086064161,0.3007325867
6561,0,0.0261533221,0.4341857884
6562,0,0.0172404993,0.3671253743
6567,0,0.0343810103,0.4979370191
6568,0,0.0047828619,0.1704589383
6570,0,0.0062235608,0.2157955284
6571,0,0.0106433374,0.2829897035
6572,0,0.0440118608,0.5959006492
6577,0,0.0442874664,0.6173623803
6578,0,0.0423305432,0.6232016989
6579,0,0.0680405860,0.7031494429
6580,0,0.0548058363,0.6695180022
6581,0,0.0309229942,0.5456912828
6582,0,0.0238194488,0.4917117350
6583,0,0.0200030085,0.4455651804
6585,0,0.0269835760,0.5398135283
6586,0,0.0080102977,0.2508469395
6588,0,0.0160080464,0.3718540915
6589,0,0.0373413819,0.5948411545
6590,0,0.0019729173,0.0641920674
6592,0,0.0060231646,0.0946532915
6593,0,0.0107789215,0.2136630837
6594,0,0.0018353030,0.0494896833
6595,0,0.0179913907,0.2868834111
6596,0,0.0008000877,0.0242583723
6597,0,0.0012272917,0.0390311287
6599,0,0.0320978269,0.4015460824
6600,0,0.0038189582,0.0995594133
6601,0,0.0080939694,0.1915185203
6603,0,0.0078666996,0.1821861413
6604,0,0.0069373418,0.1752860014
6605,0,0.0036863569,0.0955892047
6607,0,0.0150192630,0.3735169139
6608,0,0.0099118010,0.2195915775
6609,0,0.0046186336,0.1186698598
6611,0,0.0018148006,0.0623798492
6612,0,0.0018709677,0.0643303522
6614,0,0.0136924740,0.2957268845
6615,0,0.0019703103,0.0653279313
6618,0,0.2346555249,0.8821104831
6620,0,0.0019082444,0.0713819039
6621,0,0.0020482995,0.0609527535
6622,0,0.0020359178,0.0613957883
6623,0,0.1490866672,0.8166260798
6624,0,0.0037994101,0.1127174891
6627,0,0.0712628538,0.6739173381
6630,0,0.0525074349,0.6295950023
6632,0,0.1299006525,0.8348561046
6633,0,0.0324602983,0.5265903459
6634,0,0.0056678085,0.1531110725
6635,0,0.0165953217,0.3672073215
6636,0,0.0195838017,0.3937712513
6637,0,0.0040639803,0.1391381456
6638,0,0.0395763786,0.6421143756
6639,0,0.0328868926,0.5290052885
6641,0,0.0071640100,0.2229380628
6642,0,0.0070676406,0.1735233294
6644,0,0.2676114135,0.9136757842
6645,0,0.1086116612,0.7797034727
6647,0,0.0038979358,0.1362952754
6649,0,0.0257879060,0.4611688786
6650,0,0.1453880683,0.8688679758
6652,0,0.0622745021,0.6990483728
6654,0,0.0032244551,0.1353601427
6655,0,0.1581895136,0.8349064334
6656,0,0.0177948580,0.3736012958
6658,0,0.0578848910,0.6818857976
6659,0,0.2391475232,0.9059725375
6660,0,0.0108139932,0.2719694168
6661,0,0.0187440564,0.5366485674
6662,0,0.0194868587,0.4215535636
6663,0,0.0586034613,0.6450169962
6664,0,0.2119531732,0.8892437271
6665,0,0.0328734199,0.5622868244
6666,0,0.0292125156,0.5326252458
6667,0,0.2521216487,0.9132316522
6670,0,0.0187543038,0.4357466387
6671,0,0.0465806181,0.5776473232
6672,0,0.0140253875,0.3886780030
6673,0,0.3023111056,0.9305622703
6674,1,0.2429902899,0.9122897780
6676,0,0.0041200890,0.1629910504
6678,0,0.0135818714,0.3771581566
6679,1,0.1784240455,0.8330907923
6681,0,0.0151628461,0.2321991086
6682,0,0.0053651503,0.1222151995
6683,0,0.0028607393,0.0711579005
6684,0,0.0067595017,0.1473575517
6686,0,0.0172920249,0.2853321239
6688,0,0.0012740687,0.0261975250
6689,0,0.0075193637,0.1552227692
6690,0,0.0154851895,0.2625418006
6691,0,0.0079809731,0.1755973726
6692,0,0.0217475014,0.3372233501
6693,0,0.0014112779,0.0347914300
6695,0,0.1229636127,0.7492186638
6696,0,0.0253946994,0.4016422398
6697,0,0.0017555833,0.0511254713
6698,0,0.0062667080,0.1398808158
6699,0,0.0083655556,0.1894966813
6700,0,0.0042779586,0.1178250898
6701,0,0.0161697303,0.3719477149
6702,0,0.0050667722,0.1239213595
6703,0,0.0023258337,0.0659848728
6706,0,0.1443525119,0.8032013884
6707,0,0.0089182222,0.1894702364
6709,0,0.0012890047,0.0446408011
6710,0,0.0038071894,0.1089406917
6711,0,0.0165300413,0.3299018657
6712,0,0.0189552536,0.3564823879
6714,0,0.0134752200,0.2856302668
6716,0,0.0017104840,0.0545365220
6717,0,0.1045410967,0.7495345515
6718,0,0.0397780251,0.5633653371
6721,0,0.0534822968,0.6024926948
6722,0,0.1966517684,0.8605653941
6723,0,0.0031377383,0.0952614289
6724,0,0.0045754476,0.1408974430
6725,0,0.0101352057,0.2396273792
6726,0,0.0099826265,0.2813716887
6727,0,0.0167420672,0.3396478694
6729,0,0.0085582350,0.1651888792
6732,0,0.0776431898,0.7027214040
6733,0,0.0585992444,0.6414810026
6734,0,0.0069198433,0.2217957130
6735,0,0.0241285376,0.4539043937
6736,0,0.0121054627,0.2596503222
6737,0,0.0384797809,0.5191366588
6738,0,0.0028893897,0.1066659541
6739,0,0.0903134770,0.7463038160
6740,0,0.0365253418,0.5329323598
6742,0,0.0111021809,0.2894378805
6746,0,0.0160977642,0.3860993976
6747,0,0.0386341030,0.5448667037
6748,0,0.0033763937,0.1271935119
6749,0,0.0154240618,0.4079152566
6750,0,0.0280570991,0.4823003650
6752,0,0.0104059717,0.3039755121
6754,0,0.1329170744,0.8348286383
6755,0,0.0120574668,0.2975116405
6756,0,0.0165075004,0.3910154869
6757,0,0.0376909822,0.5521090368
6759,0,0.0270259564,0.4826210159
6760,1,0.0577523548,0.6708349449
6761,0,0.0018755034,0.0476182631
6762,0,0.0178267150,0.2797173782
6764,0,0.0010963629,0.0296129996
6766,0,0.0010237676,0.0277507603
6767,0,0.0012381490,0.0376512401
6770,0,0.0201395999,0.3180612439
6771,0,0.0020154493,0.0521247725
6772,0,0.0027598894,0.0677862616
6773,0,0.0060743092,0.1337997582
6774,0,0.0103014022,0.2055670585
6775,0,0.0010254340,0.0301734877
6776,0,0.0021762234,0.0568831494
6777,0,0.0220261117,0.3513751743
6778,0,0.0043877436,0.0934002226
6779,0,0.0022724532,0.0563345119
6780,0,0.0276892933,0.3975150643
6782,0,0.0008030362,0.0272668067
6783,0,0.1886496520,0.8183445109
6784,0,0.0225213754,0.3612773349
6785,0,0.0260145907,0.3929356021
6787,0,0.0470333445,0.5483413947
6788,0,0.1273931289,0.8324991292
6790,0,0.0017265841,0.0557837571
6791,0,0.0204331854,0.3068389192
6792,0,0.0149786254,0.2523142414
6793,0,0.0025714546,0.0556359410
6795,0,0.1622321566,0.8104704139
6796,0,0.0944338922,0.7123831211
6797,0,0.0601962872,0.6187968370
6798,0,0.0036948317,0.0951698920
6805,0,0.0048751817,0.1296391462
6807,0,0.0048309422,0.1268766460
6808,0,0.0238104307,0.3890658071
6809,0,0.0106121501,0.2390271462
6811,0,0.0305939869,0.4289954167
6812,0,0.0622466293,0.6310764550
6813,0,0.0812884249,0.6881375640
6814,0,0.0058437557,0.1654399716
6815,0,0.0087226959,0.2309448004
6819,0,0.0033034755,0.0933885678
6821,0,0.0056082939,0.1483927207
6823,0,0.0050795864,0.1512029027
6826,0,0.0102170260,0.2258247130
6827,0,0.0037465106,0.1039812323
6828,0,0.0177897591,0.3624294564
6829,0,0.1405963425,0.7987339585
6830,0,0.0013925611,0.0550202614
6831,0,0.0700588092,0.6643457357
6832,0,0.5155229502,0.9592987954
6833,0,0.0054691377,0.1484790315
6834,0,0.1437656476,0.8062515695
6835,0,0.0964447861,0.7411239870
6836,0,0.0170336970,0.3125375331
6837,0,0.0476738036,0.6662927093
6838,0,0.0032318689,0.1167323668
6840,0,0.0106807374,0.2408206316
6843,0,0.0071990416,0.1878641522
6844,0,0.0500681776,0.5883038099
6845,0,0.0058612145,0.1635909964
6847,0,0.0087534812,0.1482827914
6848,0,0.0012275752,0.0244045146
6850,0,0.0007281260,0.0130166506
6851,0,0.0004427142,0.0102299631
6852,0,0.0004697123,0.0112063496
6853,0,0.0002478050,0.0072512748
6854,0,0.0007124842,0.0173586363
6856,0,0.0004736265,0.0124927544
6857,0,0.0005309585,0.0112127841
6858,0,0.0034957444,0.0682052119
6859,0,0.0087482176,0.1532773053
6860,0,0.0010909216,0.0215309296
6862,0,0.0048526367,0.0853021185
6863,0,0.0064766731,0.1346071248
6865,0,0.0505241119,0.4929003959
6866,0,0.0030181840,0.0629481850
6867,0,0.0016302342,0.0409077412
6869,0,0.0037507086,0.0814634062
6870,0,0.0018315080,0.0435915474
6871,0,0.0026951305,0.0645625326
6873,0,0.0008044077,0.0210627713
6875,0,0.0274003188,0.3998681206
6877,0,0.0823512961,0.6071654745
6879,0,0.0007235977,0.0219984491
6880,0,0.0146097639,0.2118322197
6881,0,0.0012652411,0.0327423253
6883,0,0.0182422517,0.2423169169
6884,0,0.0032367964,0.0610356202
6887,0,0.0049627108,0.1141233331
6889,0,0.0068106152,0.1487675046
6891,0,0.0077803773,0.1639229943
6894,0,0.0105686409,0.1914305023
6896,0,0.0037070139,0.0923497901
6897,0,0.0023125737,0.0547008768
6898,0,0.4454298807,0.9348530032
6899,0,0.0069663474,0.1564327700
6900,0,0.0082234528,0.1563745809
6901,0,0.0051306566,0.0971747412
6903,0,0.0053451325,0.1078417689
6904,0,0.0053439190,0.1114584054
6905,0,0.0041880830,0.0996278253
6906,0,0.0021807502,0.0625011330
6907,0,0.0232452149,0.3717685749
6908,0,0.0059828160,0.1491196902
6910,0,0.0232567572,0.3724668925
6913,0,0.0044707210,0.1151916718
6915,0,0.0016611823,0.0556954874
6917,0,0.0029386372,0.0901372017
6918,0,0.0053016301,0.1243155325
6922,0,0.0769424196,0.6398753058
6923,0,0.1158869535,0.7263302127
6924,0,0.0832378099,0.6766457894
6925,1,0.2820390916,0.8898656950
6926,0,0.0418831939,0.5229371690
6927,0,0.0105148482,0.1695738523
6928,0,0.0038239073,0.0657238447
6930,0,0.0042862058,0.0714384892
6933,1,0.2082691945,0.7787924447
6935,0,0.0030839988,0.0542273157
6936,0,0.0018464575,0.0329805555
6937,0,0.0011223357,0.0233545760
6938,0,0.0005081133,0.0158165593
6939,0,0.0037802049,0.0701252020
6941,0,0.0018895065,0.0519602338
6942,0,0.0286093425,0.3112795148
6944,0,0.0007754903,0.0177054599
6947,0,0.0122679555,0.1665140166
6948,0,0.0011395540,0.0266295146
6949,0,0.0322301577,0.3697484892
6950,0,0.0008672974,0.0209310430
6951,0,0.0114665094,0.1947028037
6954,0,0.0033557710,0.0714943059
6956,0,0.0080497885,0.1429933284
6958,0,0.0134874916,0.2092388401
6959,0,0.0084647788,0.1333351536
6960,0,0.0015770945,0.0372736089
6963,0,0.0088418761,0.1849754881
6964,0,0.0018792103,0.0451321915
6965,0,0.0054093022,0.1180692214
6966,0,0.0161812698,0.2583703067
6967,0,0.0046151314,0.0737125950
6968,0,0.0162758264,0.2983959026
6969,0,0.0030484524,0.0699008035
6970,0,0.0010962123,0.0332298357
6971,0,0.0116936295,0.2281905427
6973,0,0.0246619569,0.3686659933
6974,0,0.0073436997,0.1517416402
6976,0,0.0224843573,0.3427569308
6977,0,0.0076853205,0.1767951854
6978,0,0.1012406004,0.5807897123
6979,0,0.0504960562,0.5472048842
6981,0,0.0354818463,0.4207499728
6983,0,0.0101002858,0.1966061553
6984,0,0.0263187197,0.4029215521
6985,0,0.0010728023,0.0296975214
6986,0,0.0007922126,0.0319556983
6989,0,0.0554002997,0.5521499419
6990,0,0.0059118804,0.1490171530
6991,1,0.3073322789,0.8419678208
6992,0,0.0018547208,0.0480154654
6993,0,0.0158440818,0.2898481754
6994,0,0.0019090505,0.0564499968
6995,0,0.1122899652,0.7464769621
6996,0,0.0082347248,0.2085187141
6997,0,0.0051127141,0.1448984647
6998,0,0.0124548061,0.2887371242
6999,0,0.0059452467,0.1841935920
7002,0,0.0257958949,0.4318308721
7004,0,0.1700273558,0.8277538835
7005,0,0.0216244943,0.3469853829
7006,0,0.0050287435,0.0914032930
7007,0,0.0003427595,0.0101267886
7008,0,0.0051687775,0.0963177104
7009,0,0.0052149733,0.0991256276
7013,0,0.0515126625,0.5087977323
7014,0,0.0005992746,0.0174878240
7015,0,0.0018006655,0.0504438622
7019,0,0.0025949497,0.0647357461
7020,0,0.0015731928,0.0352178657
7022,0,0.0009524929,0.0330361096
7023,0,0.0008804213,0.0244645455
7025,0,0.0141267753,0.2088754614
7026,0,0.0021497796,0.0615550558
7029,0,0.0109180375,0.2246994283
7030,0,0.0017816351,0.0460373139
7031,0,0.0023098616,0.0500284838
7032,0,0.0407073876,0.4664199840
7033,0,0.0042993022,0.0870085856
7034,0,0.0083601450,0.1597186527
7035,0,0.0023755759,0.0739591012
7036,0,0.0024811292,0.0624800351
7037,0,0.1972638875,0.8168438356
7038,0,0.0052522116,0.1173015776
7039,0,0.0072922171,0.1548547071
7040,0,0.0014361954,0.0462317684
7041,0,0.0043426072,0.0830692787
7043,0,0.0021832814,0.0587225422
7045,0,0.0010313555,0.0303348089
7048,0,0.0056075334,0.1467280357
7049,0,0.0114101107,0.2166243655
7051,0,0.0438308892,0.5414062258
7053,0,0.0112939077,0.3208962633
7054,0,0.0074251689,0.1916295980
7055,0,0.0093968687,0.2340189824
7058,0,0.0289760510,0.4243518954
7059,0,0.0706587451,0.6389698800
7061,0,0.0012332764,0.0491428243
7064,0,0.0185300938,0.3796025944
7065,0,0.0046127819,0.1371901803
7066,0,0.1247115524,0.7786411132
7068,0,0.0031304559,0.0974519147
7069,0,0.0203379032,0.3893692398
7070,0,0.0206492014,0.3686456789
7072,0,0.0095441697,0.2553567405
7074,0,0.0373082761,0.5072934130
7075,0,0.0081302335,0.2311990544
7076,0,0.1942902126,0.8568511922
7077,0,0.0188299502,0.3120472191
7078,0,0.0036126717,0.1107165620
7080,0,0.0176052618,0.3800091090
7082,0,0.1594910283,0.8438160430
7083,0,0.0159476232,0.3784830757
7086,0,0.0322611462,0.5202645116
7090,0,0.0019913759,0.0465557958
7092,0,0.0079619125,0.1611134321
7093,0,0.0005654194,0.0172820825
7096,0,0.0464991580,0.5042172867
7097,0,0.0218137691,0.3188589371
7098,0,0.0023037952,0.0640952360
7099,0,0.0023099156,0.0577000682
7100,0,0.0015579517,0.0476091604
7102,0,0.0014842271,0.0390035854
7103,0,0.0038149052,0.0901275285
7104,0,0.0027861949,0.0855148946
7105,0,0.0057975752,0.1333654325
7106,0,0.0010091633,0.0305229697
7108,0,0.0032535853,0.1091107584
7109,0,0.0009305271,0.0258481188
7110,0,0.0191811279,0.3122327659
7111,0,0.0010155197,0.0284702865
7113,0,0.0156761317,0.2913288566
7114,0,0.0016212256,0.0484572172
7117,0,0.0032899497,0.0888380690
7118,0,0.0155918473,0.2862905584
7119,0,0.0036722399,0.0957080817
7120,0,0.0057262619,0.1456900622
7121,0,0.0572749146,0.4655098118
7122,0,0.0032600742,0.1076670262
7124,0,0.0110665181,0.2464796403
7125,0,0.0050622437,0.1198084798
7126,0,0.0549075009,0.6207336105
7127,0,0.0016615751,0.0603928621
7128,0,0.1671412001,0.8144776213
7129,0,0.0039260742,0.0970661847
7130,0,0.0039569781,0.1152173302
7131,0,0.0452433574,0.5778172638
7132,0,0.0078521420,0.2241717041
7133,0,0.0361060071,0.5137805711
7135,0,0.0328424753,0.5235145655
7136,0,0.0545933189,0.6147302951
7137,0,0.3793843981,0.9344736577
7138,0,0.0088277769,0.2411538180
7139,0,0.0176080714,0.3578003314
7140,0,0.0219237430,0.4044084192
7141,0,0.0211498020,0.4097785818
7142,0,0.0039614179,0.1252605056
7143,0,0.0061353246,0.2274637223
7144,0,0.0014557773,0.0735752106
7146,0,0.0203076049,0.4036763593
7147,0,0.0016775202,0.0621294561
7148,0,0.0157404859,0.3404987525
7149,0,0.0337223862,0.5024424278
7153,0,0.0147951433,0.3157130610
7154,0,0.0973167291,0.7374503336
7156,0,0.0023433184,0.0769237064
7157,0,0.0047814769,0.1463870668
7158,0,0.0146208195,0.2990384988
7159,0,0.2028654551,0.8654303517
7160,0,0.0288053410,0.4794704447
7161,0,0.0101149152,0.2736196298
7162,0,0.0177613866,0.3700347487
7165,0,0.0336601640,0.5342424503
7166,0,0.0529968554,0.6307761085
7167,0,0.0264573902,0.4835193603
7168,1,0.5326929904,0.9618265145
7171,0,0.0003599759,0.0115000587
7172,0,0.0113861685,0.1825198153
7173,0,0.0021455276,0.0464265178
7179,0,0.0005074130,0.0132668546
7180,0,0.0061096912,0.1202288317
7182,0,0.0083938473,0.1344429962
7184,0,0.0250590866,0.3272190691
7185,0,0.0011707023,0.0313715717
7186,0,0.0010323159,0.0242177423
7189,0,0.0197059062,0.3089707993
7191,0,0.0034816543,0.0823986616
7192,0,0.0028586782,0.0652500721
7194,0,0.2060947400,0.8256512417
7195,0,0.0309861497,0.4125684297
7196,0,0.0130743620,0.2247370149
7197,0,0.0015925961,0.0477879555
7198,0,0.0055864841,0.1238245833
7199,0,0.0008201857,0.0268548895
7201,0,0.0028584141,0.0713703583
7202,0,0.0038192056,0.0806330231
7203,0,0.2308883791,0.8559568584
7205,0,0.0100452948,0.2098169265
7206,0,0.0039190600,0.1011440194
7208,0,0.0011581389,0.0327277579
7209,0,0.0027897202,0.0704382280
7210,0,0.0051529302,0.1197584702
7212,0,0.0026555740,0.0622331686
7213,0,0.0016504000,0.0515224620
7214,0,0.0051562203,0.1238504195
7215,0,0.0228891132,0.3527877951
7216,0,0.0410560269,0.5054774271
7217,0,0.0007863417,0.0245940401
7218,0,0.0034556138,0.0878294371
7222,0,0.0250513765,0.4808791343
7223,0,0.2328387530,0.8920650801
7225,0,0.0023015559,0.0586040785
7228,0,0.0031887671,0.0736656344
7229,0,0.0074388592,0.2174408223
7230,0,0.0333896591,0.4475596063
7233,0,0.0428847506,0.5267437678
7234,0,0.0291418671,0.4580127662
7235,0,0.0207501115,0.3878240262
7236,0,0.0950774834,0.7068715361
7237,0,0.0022953997,0.0766098537
7238,0,0.0052810012,0.1431870963
7239,0,0.0360081797,0.4915082392
7240,0,0.0363192370,0.4892413501
7241,0,0.1458784631,0.8153998264
7242,0,0.0155018961,0.3350972976
7244,0,0.0378226974,0.5227402289
7245,0,0.0077134908,0.1894917517
7247,0,0.0065790796,0.1744063861
7250,0,0.0216256333,0.3877048819
7251,0,0.0060292569,0.1721995783
7252,0,0.0091073981,0.2469201000
7255,0,0.0142445589,0.3050721610
7256,0,0.0073710825,0.2091748641
7258,0,0.0022339768,0.0455524845
7260,0,0.0023380661,0.0471760542
7261,0,0.0523303147,0.4006937645
7265,0,0.0024990410,0.0563382424
7267,0,0.0007914679,0.0188660893
7268,0,0.0007224944,0.0173724990
7270,0,0.0003321329,0.0084126274
7272,0,0.0015427222,0.0442027170
7273,0,0.0206988227,0.3181357812
7274,0,0.0008459818,0.0226217862
7275,0,0.0007691650,0.0192515290
7276,0,0.0027398271,0.0621106052
7277,0,0.0033512114,0.0808486300
7278,0,0.0985279519,0.6518669785
7282,0,0.0012076036,0.0288016255
7283,0,0.0010902471,0.0276327296
7285,0,0.0328112711,0.4424649454
7292,0,0.0092105795,0.1563938076
7295,0,0.0018383006,0.0419505740
7296,0,0.0398199798,0.4867862107
7297,0,0.0013301419,0.0420195659
7299,0,0.0024632261,0.0618178421
7300,0,0.0876580141,0.6586512986
7301,0,0.0045902811,0.1076378158
7302,0,0.0079159028,0.1402679000
7303,0,0.0157132716,0.2568022572
7304,0,0.0053004291,0.1139419254
7305,0,0.0057619815,0.1323665266
7307,0,0.0055680101,0.1250653766
7308,0,0.0203628387,0.3271633420
7309,0,0.0109122486,0.1996355619
7312,0,0.0021382660,0.0632647159
7316,0,0.0817036400,0.6345695481
7317,0,0.0452306055,0.5032012815
7318,0,0.0020702108,0.0586952284
7320,0,0.0061440619,0.1204082574
7321,0,0.0259010530,0.5083708425
7322,0,0.0110876199,0.2160628872
7323,0,0.0016669865,0.0542366187
7324,0,0.0482843349,0.5571241628
7326,0,0.0192537247,0.3298669223
7328,0,0.0122134238,0.2586361596
7330,0,0.0035971341,0.1071731493
7331,0,0.0038593872,0.1163096678
7332,0,0.0044278757,0.1107379834
7333,0,0.0026307439,0.0738829406
7334,0,0.0711531948,0.6972751111
7335,0,0.0077161745,0.1531158667
7337,0,0.0275593480,0.4354671187
7338,0,0.0028785330,0.0871337671
7339,0,0.0085924957,0.2068915611
7344,0,0.0075816937,0.1172179816
7345,0,0.0053214542,0.0930037587
7347,0,0.0076144930,0.1223250521
7348,0,0.0022697501,0.0419532636
7349,0,0.0002917730,0.0080800079
7350,0,0.0027703217,0.0519736801
7351,0,0.0009901614,0.0212504137
7352,0,0.0026802838,0.0535943998
7354,0,0.0008602792,0.0179517071
7355,0,0.0034455846,0.0668824937
7356,0,0.0009776914,0.0204372760
7357,0,0.0058755375,0.1070880830
7358,0,0.0029686812,0.0588469595
7359,0,0.0005648314,0.0140369165
7360,0,0.0026600061,0.0586510088
7361,0,0.0014508670,0.0316993380
7362,0,0.0015395157,0.0353921629
7365,0,0.0191718302,0.2487040887
7366,0,0.0076313050,0.1193557916
7368,0,0.0843950204,0.6187552106
7369,0,0.0003250631,0.0079351299
7370,0,0.0004375490,0.0107224497
7371,0,0.0050989214,0.1122629220
7373,0,0.0040692513,0.0810536110
7375,0,0.0135187429,0.2020632994
7376,0,0.0041213501,0.0840487465
7377,0,0.0070374073,0.1408615063
7378,0,0.0207464387,0.3109186463
7379,0,0.0299491627,0.3861231412
7380,0,0.0045315711,0.1094839759
7381,0,0.0009318897,0.0235429842
7384,0,0.0026140585,0.0563153900
7387,0,0.0004886127,0.0127194155
7388,0,0.0027283833,0.0800615393
7389,0,0.0021290491,0.0517662973
7390,0,0.0052113429,0.0839238057
7391,0,0.0032571549,0.0681794606
7392,0,0.0032207921,0.0618024792
7393,0,0.0019934067,0.0502199153
7394,0,0.0024639738,0.0626052381
7395,0,0.0019425623,0.0390437132
7397,0,0.0050929254,0.1057906055
7400,0,0.0061237471,0.1008355376
7402,0,0.0495632670,0.5016578854
7404,0,0.0155360152,0.2608955852
7406,0,0.0014450673,0.0411104618
7411,0,0.0033598553,0.0603872384
7413,0,0.0082301221,0.1442215985
7414,0,0.0045683898,0.1075709245
7415,0,0.0055084497,0.1208467575
7417,0,0.0072136063,0.1500365597
7418,0,0.0057805717,0.1339891702
7420,0,0.0059255945,0.1069268130
7423,0,0.0069001683,0.1349797400
7426,0,0.0016690509,0.0405945156
7428,0,0.0003303419,0.0053549270
7429,0,0.0002511384,0.0038235048
7430,0,0.0003518821,0.0061252635
7431,0,0.0006249199,0.0116454226
7433,0,0.0015002312,0.0232634036
7434,0,0.0003718651,0.0057352688
7435,0,0.0005738036,0.0100578537
7437,0,0.0010713438,0.0177875860
7438,0,0.0005529432,0.0065963238
7440,0,0.0010648431,0.0171095640
7441,0,0.0002637848,0.0044433573
7444,0,0.0007531692,0.0144027929
7445,0,0.0064914504,0.0950510340
7446,0,0.0023765367,0.0327371784
7448,0,0.0003865920,0.0073019810
7451,0,0.0008740584,0.0149402500
7452,0,0.0028357040,0.0397766643
7454,0,0.0018462220,0.0341359180
7455,0,0.0053987414,0.0696239423
7456,0,0.0018993039,0.0302940562
7457,0,0.0042814285,0.0712801871
7458,0,0.0007090077,0.0105553265
7461,0,0.0012786136,0.0214317222
7463,0,0.0014784659,0.0273314347
7465,0,0.0063020018,0.0939524896
7466,0,0.0102952754,0.1578926691
7467,0,0.0003272332,0.0071500698
7468,0,0.0011696954,0.0314429574
7470,0,0.0016001431,0.0278822952
7472,0,0.0188317396,0.2386204283
7474,0,0.0998465962,0.6730533615
7476,0,0.0082014545,0.1454949918
7479,0,0.0026337955,0.0569108986
7480,0,0.0006837244,0.0167768636
7482,0,0.0006566829,0.0187807957
7483,0,0.0242023004,0.2994785818
7484,0,0.0013232826,0.0288614235
7485,0,0.0126700609,0.2181647720
7486,0,0.0117998961,0.1655242019
7487,0,0.0023053551,0.0446418818
7488,0,0.0085172351,0.1383833089
7489,0,0.0195964696,0.2785320004
7490,0,0.0024268208,0.0468051331
7492,0,0.0724232232,0.5674039628
7494,0,0.1089762056,0.6542248359
7495,0,0.0202667003,0.2656455920
7496,0,0.0030277885,0.0508741282
7498,0,0.0078947949,0.1415660663
7501,0,0.0468775893,0.4527868413
7502,0,0.0023360606,0.0524796515
7504,0,0.0010127435,0.0262335001
7505,0,0.0330330523,0.4107381604
7507,0,0.0208645436,0.2706533658
7508,0,0.0053928070,0.1099992611
7509,0,0.0015819711,0.0368297772
7510,1,0.3869578348,0.9147985094
7511,1,0.0095916244,0.1747474210
7513,0,0.0003490148,0.0062062642
7515,0,0.0004370645,0.0072616752
7516,0,0.0088139260,0.1057130883
7518,0,0.0038560138,0.0554815554
7520,0,0.0013294857,0.0183072886
7521,0,0.0002776643,0.0038564979
7522,0,0.0004525016,0.0088671593
7523,0,0.0065137491,0.0881982640
7524,0,0.0005308121,0.0107811944
7525,0,0.0004512248,0.0078742598
7529,0,0.0002595712,0.0046858241
7530,0,0.0002078317,0.0033532215
7531,0,0.0020903474,0.0349111050
7535,0,0.0041489433,0.0667524992
7537,1,0.1754741799,0.6220678809
7538,0,0.1514445328,0.7185220348
7539,0,0.0004099671,0.0098685477
7540,0,0.0007139277,0.0145009056
7542,0,0.0018371814,0.0348739673
7543,0,0.0048390654,0.0806976262
7544,0,0.0048233032,0.0842515878
7545,0,0.0025409075,0.0399594989
7546,0,0.0017810862,0.0313658824
7547,0,0.0012123148,0.0279106553
7548,0,0.0013469592,0.0277177161
7549,0,0.0065591124,0.1112679616
7550,0,0.0065661882,0.1063629055
7552,0,0.0007351222,0.0173742066
7553,0,0.0045263248,0.0717700031
7555,0,0.0068061089,0.1315262307
7557,0,0.0011133538,0.0259379177
7560,0,0.0315617486,0.3645904048
7561,0,0.0195449325,0.2807495663
7563,0,0.0882418634,0.6800280039
7564,0,0.0010953091,0.0247083877
7565,1,0.3654352823,0.9012730046
7566,0,0.0011397825,0.0257693101
7567,0,0.0057083133,0.1092440256
7568,0,0.0565296660,0.4721488914
7570,1,0.7332157407,0.9771746620
7571,0,0.0024231049,0.0608889968
7572,0,0.0020028416,0.0473858551
7573,0,0.0019141399,0.0385607953
7576,0,0.0317364183,0.4108701627
7578,0,0.0014825120,0.0362385137
7579,0,0.0029107823,0.0712672099
7580,0,0.2771859909,0.8809260556
7582,0,0.0855180699,0.6715259727
7583,0,0.0164028778,0.2934273985
7585,0,0.0035475720,0.0856009625
7586,0,0.0748636153,0.6197638207
7588,0,0.1571087702,0.7911751004
7589,0,0.0197557212,0.2980974763
7590,0,0.0115667262,0.2039545401
7591,0,0.0250619423,0.4043887741
7592,1,0.1566053260,0.8112637611
7593,0,0.0053047068,0.1425350273
7594,1,0.7118672814,0.9755138254
7595,0,0.0013027384,0.0237296096
7596,0,0.0007539875,0.0171200148
7597,0,0.0009963181,0.0191740325
7598,0,0.0022259417,0.0258798211
7599,0,0.0023283058,0.0418405582
7600,0,0.0014212357,0.0262583347
7601,0,0.0005750279,0.0114663863
7602,0,0.0873896523,0.5406660171
7605,0,0.0011051009,0.0189060206
7607,0,0.0120883679,0.1655117655
7608,0,0.0008199929,0.0160203553
7609,0,0.0002613366,0.0055919223
7610,0,0.0019074397,0.0344692236
7611,0,0.0027735883,0.0534580609
7614,0,0.0090127877,0.1416663869
7615,0,0.0073033101,0.1186208940
7616,0,0.0058446092,0.0943993935
7617,0,0.0008055652,0.0176572117
7620,0,0.0089940136,0.1372463404
7621,0,0.0053552721,0.0870699587
7623,0,0.0000795030,0.0022165465
7624,0,0.0018870652,0.0326212848
7625,0,0.0092533506,0.1342539095
7627,0,0.0066702152,0.1420783534
7628,0,0.0039423241,0.0629027716
7629,0,0.0012652024,0.0248062059
7633,0,0.0011345061,0.0201726863
7634,0,0.0049930587,0.0891876550
7636,0,0.0026626309,0.0532105952
7639,0,0.0073355546,0.1260330836
7640,0,0.0043143866,0.0883818802
7641,0,0.0035584383,0.0725979108
7644,0,0.0137706690,0.2681380776
7645,0,0.0056601374,0.0965131939
7646,0,0.0015052079,0.0342273153
7647,0,0.0088061694,0.1240608638
7648,0,0.0069294965,0.1094887240
7650,0,0.0005857007,0.0163263246
7651,0,0.0915328353,0.6297773388
7653,0,0.0171585123,0.2755031325
7655,0,0.0069136734,0.1347298596
7657,0,0.0823770256,0.5762061508
7658,0,0.0019716135,0.0366522888
7659,0,0.0507931673,0.4999694829
7661,0,0.0062631570,0.1228902845
7662,0,0.0020629408,0.0495442696
7664,0,0.0918242151,0.6690952218
7666,0,0.0086357789,0.1670049327
7667,0,0.0461850426,0.4907328881
7668,0,0.0299759352,0.3777432645
7669,0,0.0048550038,0.1067076921
7670,1,0.1712489404,0.7853710377
7671,0,0.0076064752,0.1359838269
7672,0,0.0621253224,0.5815340275
7673,0,0.0104673835,0.1644727995
7674,0,0.0045335446,0.1028944791
7675,0,0.0735155678,0.5976778087
7676,0,0.0226436345,0.3327234586
7677,0,0.0606462919,0.5616278113
7679,0,0.0326263650,0.4353325607
7680,0,0.0063224366,0.1230026074
7682,0,0.0164305097,0.2709952149
7684,0,0.0393588808,0.4971002750
7686,0,0.0172455300,0.2873009004
7687,0,0.0040106888,0.0949285547
7688,1,0.0226294184,0.3387673012
7689,0,0.0018261197,0.0286338123
7690,0,0.0002256625,0.0042608104
7692,0,0.0080303258,0.1193988177
7693,0,0.0001679361,0.0045523450
7696,0,0.0060753403,0.0812548820
7697,0,0.0135691103,0.2074547404
7699,0,0.0003040822,0.0052327594
7701,0,0.0577619098,0.4864975497
7704,0,0.0005691242,0.0116227769
7705,0,0.0004100559,0.0081284574
7706,0,0.0032234794,0.0588261404
7707,0,0.0019865439,0.0353800729
7708,0,0.0002511133,0.0075533378
7709,0,0.0027899839,0.0483428906
7711,0,0.0084373317,0.1301447180
7714,0,0.0023315890,0.0369613945
7716,0,0.0031182831,0.0588774806
7717,0,0.0027800440,0.0533393440
7719,0,0.0013542972,0.0302196497
7722,0,0.0024962300,0.0516842738
7724,0,0.0029024382,0.0536244364
7726,0,0.0015212132,0.0270709013
7727,0,0.0020001721,0.0365014979
7728,0,0.0008206706,0.0177402522
7729,0,0.0100282950,0.1508400943
7730,0,0.0522879502,0.5977869019
7732,0,0.0004815334,0.0103521718
7734,0,0.0035508415,0.0688438081
7735,0,0.0011098071,0.0184708992
7736,0,0.0625175469,0.5060000157
7738,0,0.0024102941,0.0393324526
7739,0,0.0438593776,0.4491655086
7741,0,0.0088950329,0.1308906853
7742,0,0.0023589527,0.0498395791
7744,0,0.0018039281,0.0304562281
7745,0,0.0978483757,0.6423859467
7746,0,0.0028267363,0.0634571533
7747,0,0.0189091723,0.2668810423
7748,0,0.0316605061,0.4001445994
7750,0,0.0084698165,0.1325955028
7751,0,0.0788921179,0.5672296080
7752,0,0.0024729978,0.0625311696
7753,0,0.0030529813,0.0591276347
7755,0,0.0029740927,0.0731666140
7756,0,0.0061073043,0.1139634676
7757,1,0.2261290926,0.8098090416
7758,0,0.0022051800,0.0530195635
7759,0,0.0070274149,0.1116381884
7761,0,0.0008746511,0.0264793689
7762,0,0.0043542159,0.1022464550
7763,0,0.0003038974,0.0061981126
7764,1,0.2987200504,0.8131944969
7765,0,0.0005643029,0.0089677350
7766,0,0.0115521362,0.1770169576
7767,0,0.0040738583,0.0625846295
7768,0,0.0032776058,0.0714019474
7769,0,0.0006292532,0.0096512282
7771,0,0.0002543678,0.0050262681
7772,0,0.0006253165,0.0107179672
7773,0,0.0002940506,0.0065162125
7774,0,0.0003075408,0.0054668829
7777,0,0.0027079839,0.0461055471
7778,0,0.0002724620,0.0053756913
7779,0,0.0011922799,0.0207768947
7781,0,0.0005671540,0.0104274856
7782,0,0.0013314367,0.0214543471
7784,0,0.0005456467,0.0105993646
7785,0,0.0946439644,0.5778533734
7790,0,0.0008738309,0.0135549563
7793,0,0.0008072852,0.0219074256
7794,0,0.0009919290,0.0184743233
7795,0,0.0294632223,0.3152840009
7796,0,0.0003404266,0.0077688746
7798,0,0.0012330680,0.0245983830
7799,0,0.0028630725,0.0438022991
7800,0,0.0008136584,0.0157083637
7801,0,0.0020621103,0.0364798416
7802,0,0.0084875213,0.1311519348
7803,0,0.1321059634,0.6514580003
7804,0,0.0020819310,0.0354885632
7805,0,0.0039634624,0.0716642435
7807,0,0.0048326757,0.0842655119
7809,0,0.0048070802,0.0698128744
7811,0,0.0215612609,0.2297328137
7812,0,0.0009068553,0.0183756430
7813,0,0.0018625416,0.0285060728
7814,0,0.0030075589,0.0576287438
7817,0,0.0018310524,0.0337596660
7818,0,0.0007307850,0.0201189892
7819,0,0.0076504766,0.0882880464
7820,0,0.0049728484,0.0969246338
7821,0,0.0012903518,0.0301992938
7822,0,0.0019726912,0.0372657318
7824,0,0.1361151175,0.7026651914
7825,0,0.0039009786,0.0803412962
7826,0,0.0015579826,0.0349703134
7827,0,0.3147870647,0.8774537720
7828,0,0.0058948348,0.1261712840
7829,0,0.0020840569,0.0434490847
7830,0,0.0017976506,0.0343303253
7831,0,0.0008602120,0.0229404059
7832,0,0.0104488936,0.1898685342
7833,0,0.0028644767,0.0555225388
7834,0,0.0134679460,0.1928435189
7836,0,0.0028668858,0.0649167208
7837,0,0.0062483795,0.1251048952
7839,0,0.0266095892,0.3264277236
7841,0,0.0022811679,0.0493013068
7842,0,0.0391809122,0.4422463178
7844,0,0.0142684465,0.2599257705
7846,0,0.0023369136,0.0507546197
7847,0,0.0043855458,0.1018661822
7848,0,0.0204076942,0.3343617181
7849,0,0.0041655778,0.1164028708
7851,0,0.0000963488,0.0020902323
7854,0,0.0101114737,0.1273993725
7855,0,0.0004431043,0.0066981573
7856,0,0.0001381898,0.0023495014
7857,0,0.0005635114,0.0076139339
7860,0,0.0004599428,0.0090655220
7861,0,0.0010255919,0.0160641619
7863,0,0.0054279684,0.0697401812
7864,0,0.0020383645,0.0318118397
7865,0,0.0290618372,0.2604243249
7867,0,0.0051947310,0.0678513257
7869,0,0.0010480297,0.0189488475
7870,0,0.0005040695,0.0084391287
7871,0,0.0016277344,0.0259170786
7876,0,0.0011380937,0.0128938307
7879,0,0.0071644620,0.1025287038
7880,0,0.0012541542,0.0211011134
7882,0,0.0010761231,0.0167677060
7883,0,0.0001316638,0.0027898320
7884,0,0.0017877357,0.0402145355
7887,0,0.0063191943,0.0815623945
7888,0,0.0031311039,0.0504222531
7889,0,0.0007717800,0.0127076132
7891,0,0.0009516975,0.0172272543
7892,0,0.0019460893,0.0319101595
7893,0,0.0026331965,0.0404102307
7895,0,0.0010726205,0.0205918106
7896,0,0.0132547061,0.1552678842
7897,0,0.0192095997,0.2206061148
7898,0,0.0231034787,0.2350181249
7900,0,0.0186809477,0.2260231405
7901,0,0.0014113360,0.0252791787
7902,0,0.0023034877,0.0384348017
7903,0,0.0064812244,0.1028532215
7904,0,0.0059044199,0.1045293353
7905,0,0.0009372122,0.0177642045
7906,0,0.0042332181,0.0721127940
7907,0,0.0153076728,0.2097554780
7909,0,0.0011830026,0.0221057505
7910,0,0.0074571779,0.1202009353
7911,0,0.0003554415,0.0078482009
7912,0,0.0023265470,0.0487173342
7913,0,0.0136925786,0.2038901071
7914,0,0.0022836475,0.0512559433
7915,0,0.0052351779,0.1396001681
7917,0,0.0026808945,0.0502846757
7918,0,0.0096571426,0.1719709367
7919,0,0.0085392686,0.1380203654
7922,0,0.0209657040,0.2979596293
7923,0,0.0045611212,0.0989507659
7924,0,0.0100424658,0.1941251147
7925,0,0.0069029652,0.2023265936
7926,0,0.0012618155,0.0304203929
7927,1,0.1080599791,0.6879828488
7928,0,0.0118164845,0.2125674733
7930,0,0.0030510185,0.0716473658
7931,0,0.0711242209,0.5819072809
7932,0,0.0070898943,0.1468795015
7933,0,0.0134390444,0.2337557548
7934,0,0.0088973509,0.1434734605
7935,0,0.0007213048,0.0203846857
7937,0,0.0678668647,0.6120676030
7938,0,0.0028613112,0.0667171079
7939,0,0.0092360417,0.1977536789
7942,0,0.0003868274,0.0069889560
7945,0,0.0042276585,0.0551459322
7946,0,0.0005868489,0.0101909715
7947,0,0.0005440026,0.0108687251
7949,0,0.0008544871,0.0163050646
7952,0,0.0005269338,0.0090579115
7954,0,0.0002357254,0.0047945681
7955,0,0.0013866799,0.0254117677
7958,0,0.0015362510,0.0290895684
7959,0,0.0065948591,0.1033456161
7960,0,0.0005378012,0.0107338435
7961,0,0.0014736183,0.0307436993
7962,0,0.0164073985,0.1966952335
7963,0,0.0029559310,0.0522480479
7965,0,0.0008511247,0.0171627049
7966,0,0.0002842033,0.0056390999
7969,0,0.0006457851,0.0118983080
7972,0,0.0036562862,0.0600848094
7975,0,0.0020395729,0.0348235640
7976,0,0.0014262982,0.0290266130
7977,0,0.0028643195,0.0610554471
7978,0,0.0889481092,0.5820366563
7980,0,0.0002254998,0.0053093954
7981,0,0.0016669603,0.0353520199
7982,0,0.0005891382,0.0133244290
7984,0,0.0014924984,0.0300927127
7985,0,0.0013563341,0.0274032469
7988,0,0.0014916013,0.0408659991
7989,0,0.0007640648,0.0166420283
7990,0,0.0008872586,0.0203290631
7991,0,0.0009463191,0.0183214403
7992,0,0.0045923037,0.0840082460
7996,0,0.0048939005,0.0832544560
7997,0,0.0037389199,0.0689438566
7999,0,0.0226267633,0.3190565241
8000,0,0.0008104564,0.0196394028
8001,0,0.0592183681,0.5635889911
8002,0,0.0193645039,0.2640391454
8003,0,0.0018024828,0.0349556429
8005,0,0.0312605013,0.3485239275
8007,0,0.0191511998,0.2613467473
8008,0,0.0009308053,0.0238453133
8009,0,0.0032665248,0.0776963106
8011,0,0.2744233666,0.8694286730
8012,0,0.0092436064,0.1815411118
8013,0,0.0743941760,0.5926743444
8014,0,0.0262676243,0.3483348905
8017,0,0.0041292850,0.1055047084
8018,0,0.0101097881,0.1880411077
8019,0,0.0101272888,0.1851556381
8021,0,0.0017434652,0.0499999820
8023,0,0.0213423570,0.3011323848
8025,0,0.0078327954,0.1583103832
8027,1,0.0599911671,0.5718769711
8033,0,0.0014357871,0.0219579921
8034,0,0.0003942192,0.0067597451
8035,0,0.0008681873,0.0149440675
8037,0,0.0037609760,0.0574064224
8038,0,0.0006614745,0.0114529603
8039,0,0.0067966161,0.0917837643
8041,0,0.0010956884,0.0194719105
8042,0,0.0016295390,0.0307959529
8043,0,0.0038488832,0.0583964424
8044,0,0.0002481439,0.0046772207
8045,0,0.0003037507,0.0059455155
8047,0,0.0012555902,0.0216118463
8048,0,0.0004680899,0.0086350598
8049,0,0.0005333960,0.0095193944
8050,0,0.0001512415,0.0041307944
8052,0,0.0002655737,0.0055656619
8053,0,0.0023544413,0.0401640637
8054,0,0.0005613990,0.0070367184
8056,0,0.0006185994,0.0126165023
8057,0,0.0034231197,0.0528707139
8060,0,0.0011256755,0.0164213990
8061,0,0.0010922879,0.0279027807
8062,0,0.0009090628,0.0179352064
8064,0,0.0006474482,0.0128426367
8065,0,0.0015752438,0.0293727508
8066,0,0.0002037144,0.0049047796
8067,0,0.0007949176,0.0121560259
8068,0,0.0008759579,0.0170162876
8069,0,0.0023461338,0.0410316271
8070,0,0.0007882805,0.0137177630
8072,0,0.0007160262,0.0122863093
8073,0,0.0007340155,0.0172132637
8074,0,0.0020741689,0.0381720731
8075,0,0.0026253162,0.0428382164
8076,0,0.0010753243,0.0184513489
8077,0,0.0050297764,0.0781085372
8081,0,0.0019014062,0.0516337943
8082,0,0.0262565345,0.3159393928
8083,0,0.0032147270,0.0732055801
8084,0,0.0034321024,0.0716416800
8087,0,0.0014931354,0.0327652937
8088,0,0.0026631575,0.0535137815
8089,0,0.0038126907,0.0747524569
8090,0,0.0025727901,0.0547268345
8093,0,0.0037431145,0.0684466861
8094,0,0.0019546695,0.0372347356
8095,0,0.0007381138,0.0193716568
8097,0,0.0019157272,0.0405417628
8098,0,0.0044158302,0.0788180417
8099,0,0.0042018942,0.0807369229
8100,0,0.0010999012,0.0208776881
8101,0,0.0017361744,0.0393055145
8102,0,0.0083031288,0.1250194213
8104,0,0.0021887568,0.0524747542
8105,0,0.0051263879,0.0943878656
8109,0,0.0036317570,0.0722696394
8110,0,0.0062865748,0.0997783909
8112,1,0.0009543412,0.0248010790
8114,0,0.0019678155,0.0289788510
8115,0,0.0183375934,0.1739941925
8117,0,0.0010771484,0.0144720368
8118,0,0.0022120684,0.0331999920
8119,0,0.0002349109,0.0041938146
8120,0,0.0081911558,0.1034557595
8121,0,0.0003495296,0.0053433460
8122,0,0.0008542236,0.0117824038
8123,0,0.0041117765,0.0582693003
8124,0,0.0002468388,0.0054616195
8125,0,0.0026100697,0.0383093639
8126,0,0.0057631592,0.0832259253
8128,0,0.0006473936,0.0113042793
8129,0,0.0003710617,0.0052906757
8131,0,0.0004097054,0.0112330031
8132,0,0.0019366218,0.0474715451
8134,0,0.0057220078,0.0898688886
8137,0,0.0005883192,0.0111120331
8138,0,0.0002142305,0.0050657501
8139,0,0.0187136874,0.2318811395
8140,0,0.0022671299,0.0384809681
8141,0,0.0003685153,0.0070248945
8142,0,0.0085825316,0.1332726384
8143,0,0.0078187914,0.1127068655
8144,0,0.0017016982,0.0319672712
8145,0,0.0025541301,0.0476813947
8147,0,0.0002615512,0.0046604383
8148,0,0.0016088570,0.0330811146
8149,0,0.0010757714,0.0253675997
8153,0,0.0058729179,0.0997256666
8154,0,0.0055072033,0.0933731676
8155,0,0.0235950340,0.2801061686
8156,0,0.0064941887,0.1024613947
8157,0,0.0013255953,0.0265288349
8159,0,0.0013096016,0.0307210972
8162,0,0.0012088462,0.0319225847
8164,0,0.0029240301,0.0536417337
8167,0,0.0010929492,0.0246092376
8168,0,0.0021801421,0.0601801681
8169,0,0.0027426092,0.0509168367
8171,0,0.0247026987,0.2862905586
8173,0,0.0006583614,0.0144881648
8174,0,0.0009415840,0.0308285641
8176,0,0.0022053931,0.0453583109
8177,0,0.0102827075,0.1533819327
8178,0,0.0097836544,0.1641715925
8179,0,0.0264978889,0.3435361942
8180,0,0.0027013654,0.0485001674
8182,0,0.0025176188,0.0410671182
8183,0,0.0025328732,0.0577898783
8184,0,0.0368998191,0.3995838967
8185,0,0.0205135104,0.2264007457
8186,0,0.0156008864,0.2234101887
8187,0,0.0078089956,0.1230468250
8188,0,0.0228687283,0.3119169408
8189,0,0.0046257455,0.0929902969
8190,0,0.0122057501,0.1891117919
8191,0,0.0094600350,0.1937059980
8192,0,0.0019580037,0.0471900126
8193,1,0.2496547627,0.8544052314
8196,1,0.0798961632,0.6197815762
8198,0,0.0364768096,0.4444473992
8199,0,0.0153715538,0.2878461973
8201,0,0.0005085386,0.0087539657
8202,0,0.0002414074,0.0035773429
8203,0,0.0004995463,0.0074687265
8204,0,0.0002967849,0.0058092141
8209,0,0.0020182479,0.0314007170
8211,0,0.0000873644,0.0021009675
8213,0,0.0008115295,0.0170673920
8214,0,0.0001821905,0.0042719984
8215,0,0.0012100899,0.0210271065
8216,0,0.0013202584,0.0236898629
8217,0,0.0851879376,0.5286155326
8218,0,0.0010967770,0.0189147789
8219,0,0.0005226654,0.0104508108
8220,0,0.0002748928,0.0057115570
8221,0,0.0002773738,0.0053096601
8223,0,0.0007606904,0.0135177671
8224,0,0.0106722876,0.1472179845
8226,0,0.0007747924,0.0152952529
8227,0,0.1154008732,0.6174501036
8228,0,0.0262431236,0.2982190545
8230,0,0.0007692904,0.0136454101
8232,0,0.0069978425,0.1078826525
8234,0,0.0011923972,0.0234978451
8235,0,0.0023784927,0.0430471745
8236,0,0.0108336272,0.1633047356
8237,0,0.0023229836,0.0388534685
8238,0,0.0010973248,0.0202523045
8239,0,0.0107012595,0.1570820472
8240,0,0.0040687971,0.0619826777
8241,0,0.0023989839,0.0425687477
8242,0,0.0045541747,0.0739885808
8243,0,0.0006897674,0.0163057426
8244,0,0.0108969601,0.1809202206
8247,0,0.0047697591,0.0884294468
8249,0,0.0050414795,0.0827920772
8252,0,0.0038042963,0.0642004852
8253,0,0.0018610474,0.0307030950
8254,0,0.0016399025,0.0351635548
8255,0,0.0032159629,0.0619043237
8256,0,0.0009166548,0.0209749590
8257,0,0.0198508892,0.2807062951
8258,0,0.0007283685,0.0156998510
8259,0,0.0115468929,0.1566516067
8260,0,0.0019462021,0.0382086605
8261,0,0.0020977737,0.0580660533
8262,0,0.0095016824,0.1756591876
8264,0,0.0017050255,0.0493891511
8265,0,0.0111667633,0.2032603408
8267,0,0.0023134408,0.0485118441
8268,0,0.0028940112,0.0575649665
8269,0,0.0018946530,0.0416337085
8271,0,0.0015468123,0.0345271142
8272,0,0.0161661671,0.2303578325
8273,0,0.0344208519,0.3804875013
8275,0,0.0013279641,0.0324304350
8279,0,0.0326309449,0.3572262862
8281,0,0.0150632150,0.2172262293
8282,0,0.0030736595,0.0760778382
8283,0,0.0033279426,0.0769021028
8284,0,0.0014732314,0.0419952647
8285,0,0.0003331274,0.0036503383
8288,0,0.0007126742,0.0080270187
8290,0,0.0005832324,0.0098295881
8292,0,0.0001668015,0.0020697412
8293,0,0.0001520806,0.0033430894
8295,0,0.0003396129,0.0057109440
8297,0,0.0003476952,0.0071416676
8298,0,0.0002146684,0.0040621943
8300,0,0.0005641053,0.0101880371
8304,0,0.0017589570,0.0311745235
8306,0,0.0004604471,0.0113167809
8307,0,0.0022061518,0.0368249419
8309,0,0.0017841789,0.0313334648
8311,0,0.0011161724,0.0235093368
8313,0,0.0009357474,0.0206242633
8316,0,0.0005367333,0.0146109927
8317,0,0.0014716954,0.0309449004
8319,0,0.0019336422,0.0468034903
8320,0,0.0038545993,0.0808889507
8323,0,0.0024188256,0.0532111632
8326,0,0.0016743375,0.0438714722
8328,0,0.0154840948,0.2739549304
8329,0,0.0155153858,0.2480260144
8330,0,0.0233695626,0.3419016179
8332,0,0.0082395148,0.1713549606
8333,0,0.0177933289,0.2436287036
8334,0,0.0239929368,0.3497171529
8335,0,0.0096013351,0.1799480791
8336,0,0.0172688876,0.2323631962
8337,0,0.0323439711,0.4304978568
8338,0,0.0023720800,0.0634708913
8339,0,0.0035814476,0.0813992280
8341,0,0.0011655066,0.0314639123
8342,0,0.0059895201,0.1256179376
8343,0,0.0076047782,0.1461030431
8344,0,0.0107174331,0.2318194482
8347,0,0.0066214483,0.1433978448
8348,0,0.0038383674,0.0748342089
8350,0,0.0007777344,0.0284510289
8351,0,0.0148647246,0.2851918038
8353,0,0.0028197869,0.0767030095
8356,0,0.0569103867,0.5772258299
8357,0,0.2014179414,0.8400003942
8358,1,0.0137500317,0.2530828291
8360,0,0.0011371742,0.0195063065
8361,0,0.0004223544,0.0080424295
8363,0,0.0604771798,0.4635355942
8364,0,0.0094032906,0.1286192031
8366,0,0.0004020846,0.0090921021
8369,0,0.0028664591,0.0481587731
8370,0,0.0008301209,0.0140681979
8371,0,0.0010473637,0.0196478408
8373,0,0.0013392658,0.0255934360
8374,0,0.0022790145,0.0415073316
8375,0,0.0389928883,0.4102552130
8376,0,0.0017922345,0.0408797715
8377,0,0.0023405148,0.0363096165
8378,0,0.0034678070,0.0625098184
8380,0,0.0007310182,0.0146835319
8381,0,0.0005706842,0.0104849248
8383,0,0.0005754123,0.0121690956
8385,0,0.0023641141,0.0455851925
8386,0,0.0009068551,0.0215234028
8387,0,0.0004524632,0.0101981824
8388,0,0.0021039773,0.0409756622
8389,0,0.0026314771,0.0547272227
8392,0,0.0016775106,0.0291111452
8393,0,0.0009667941,0.0209004194
8394,0,0.0026442951,0.0566384842
8395,0,0.0018478773,0.0441723334
8396,0,0.0042575364,0.0837318034
8397,0,0.0005153395,0.0142705790
8398,0,0.0006329365,0.0106682473
8400,0,0.0496425243,0.4960281806
8401,0,0.0050304820,0.0921379125
8402,0,0.0011497007,0.0303684436
8403,0,0.0207625714,0.2852317791
8404,0,0.0078492717,0.1453331498
8405,0,0.0020554331,0.0424771161
8407,0,0.0013422893,0.0338914841
8409,0,0.0006171186,0.0152626544
8410,0,0.0058080236,0.1055942505
8412,0,0.0017595097,0.0414221966
8413,0,0.0043257997,0.0989270363
8415,0,0.0008250524,0.0201147168
8416,0,0.0370622324,0.4369914624
8417,0,0.0005079937,0.0127062096
8418,0,0.0016175287,0.0398834782
8419,0,0.0091836904,0.1493489907
8421,0,0.0033049933,0.0555341924
8423,0,0.0762754918,0.7101090583
8424,0,0.0139700933,0.2346775997
8425,0,0.0051761103,0.0925856552
8426,0,0.0088456105,0.1393096626
8428,0,0.0289236019,0.3852204833
8431,0,0.0686685998,0.5922672959
8432,0,0.0287418413,0.5057319796
8433,0,0.0094130684,0.1894277584
8434,0,0.0293008979,0.3883518792
8435,0,0.0008809145,0.0237953233
8436,0,0.0044173483,0.0996270878
8439,0,0.0125045622,0.2118710049
8440,0,0.0081852077,0.1733716902
8442,0,0.0002289456,0.0040753866
8443,0,0.0004341846,0.0073464595
8444,0,0.0003337725,0.0066717314
8445,0,0.0002375289,0.0040116918
8447,0,0.0009892221,0.0160438619
8449,0,0.0010536868,0.0177456339
8450,0,0.0003928648,0.0067837132
8452,0,0.0008329499,0.0148354717
8454,0,0.0008636552,0.0148471031
8455,0,0.0011985828,0.0196526139
8456,0,0.0385511374,0.3234214552
8457,0,0.0012659044,0.0213106080
8458,0,0.0012794648,0.0224611330
8459,0,0.0005827811,0.0104748694
8460,0,0.0003071068,0.0059685710
8462,0,0.0013431697,0.0243912763
8464,0,0.0010445173,0.0205349998
8467,0,0.0006189061,0.0129868901
8468,0,0.0005072705,0.0076266070
8469,0,0.0004101794,0.0123109636
8471,0,0.0005622570,0.0096263399
8474,0,0.0011546565,0.0272155157
8476,0,0.0011709057,0.0257609810
8478,0,0.0004641897,0.0142483684
8479,0,0.0766157993,0.5985398302
8480,0,0.0017965938,0.0353488487
8481,0,0.0005519267,0.0135188113
8482,0,0.0001878003,0.0046544148
8485,0,0.0142577853,0.2238982440
8487,0,0.0021075800,0.0501671447
8488,0,0.0151245835,0.2302569941
8490,0,0.0126328628,0.1996230230
8491,0,0.0565937858,0.5022347241
8492,0,0.0065366364,0.1161593656
8493,0,0.0019297141,0.0462306183
8494,0,0.0017140536,0.0352972932
8495,0,0.0024935948,0.0500323721
8496,0,0.0007399244,0.0188600491
8498,0,0.0005711665,0.0140575146
8503,0,0.0120631142,0.2282137731
8504,0,0.0036254769,0.0811266469
8509,0,0.0046299060,0.0934875066
8510,0,0.0015074774,0.0326779776
8512,0,0.0128231144,0.2039212380
8513,0,0.0016485238,0.0464850187
8515,0,0.0239114272,0.3561592428
8516,0,0.0150061282,0.2347478694
8517,0,0.0006345813,0.0187526523
8518,0,0.1293010203,0.7441128101
8519,0,0.0009225471,0.0281635142
8522,0,0.0304852252,0.4426503549
8523,0,0.0000861832,0.0021841279
8524,0,0.0009347965,0.0196625280
8527,0,0.0072194645,0.0885112717
8528,0,0.0008402710,0.0167460541
8529,0,0.0003847997,0.0087358599
8530,0,0.0059004003,0.0914516653
8531,0,0.0002214985,0.0056775127
8533,0,0.0106489300,0.1630724950
8535,0,0.0006275395,0.0153883353
8536,0,0.0075500805,0.0944153927
8539,0,0.0014873222,0.0298994281
8541,0,0.0007704375,0.0159795262
8543,0,0.0002339295,0.0064473964
8545,0,0.0015624210,0.0318822149
8546,0,0.0021583771,0.0391335972
8547,0,0.0009055376,0.0201487854
8548,0,0.0000770054,0.0018101365
8549,0,0.0015217208,0.0247700953
8551,0,0.0060516780,0.1129523179
8552,0,0.0086511099,0.1582292128
8553,0,0.0049715264,0.0904433031
8554,0,0.0041083072,0.0750886665
8555,0,0.0013028525,0.0277346381
8556,0,0.0037451099,0.0769684589
8558,0,0.0185079713,0.2704529719
8559,0,0.0025045526,0.0567277464
8560,0,0.0036042148,0.0757445082
8562,0,0.0014548741,0.0373365256
8563,0,0.0167042636,0.2737557047
8564,0,0.0011892520,0.0307094040
8565,0,0.0005739934,0.0179224334
8566,0,0.0011654073,0.0281019760
8567,0,0.0009516647,0.0250298372
8569,0,0.0021422681,0.0482336332
8572,0,0.0373212757,0.3719584955
8574,0,0.0021320812,0.0532705171
8575,0,0.0839414944,0.6191345812
8576,0,0.0006776327,0.0184930869
8577,0,0.0052686235,0.1231577068
8578,0,0.0121197500,0.2183905259
8579,0,0.0050899531,0.0980600586
8580,0,0.0009892164,0.0272434225
8582,0,0.0078642334,0.1988161898
8585,0,0.0161326952,0.2731520157
8586,0,0.0066566826,0.1846338151
8587,0,0.0011471995,0.0485464441
8588,0,0.0039556545,0.1176404927
8589,0,0.0082279437,0.1950283738
8590,0,0.0447626906,0.5359530064
8591,0,0.0051926263,0.1276458175
8592,0,0.0053094734,0.1291766942
8593,0,0.0083409746,0.1865273613
8594,0,0.0036404631,0.0999709393
8595,0,0.0422109013,0.5195848705
8596,0,0.0023145120,0.0701462539
8597,0,0.1014119114,0.7322991250
8598,0,0.0196740285,0.3654780180
8599,0,0.0142181239,0.2711489170
8600,0,0.0065556893,0.1508082277
8602,0,0.0062914860,0.1763991923
8603,0,0.0165704148,0.2940747423
8605,0,0.0379705962,0.5035050423
8606,0,0.0107138939,0.2109081083
8607,0,0.0045139084,0.1256539615
8609,1,0.0408548366,0.5021593152
8610,1,0.0105347173,0.2220259529
8611,0,0.0009625305,0.0191557377
8614,0,0.0026034104,0.0440661625
8615,0,0.0008356237,0.0152743923
8617,0,0.0009099474,0.0175047506
8618,0,0.0062224576,0.0967584357
8622,0,0.0082577152,0.1214370387
8624,0,0.0024474863,0.0445070143
8625,0,0.0004731620,0.0139649645
8627,0,0.0062571256,0.1133253353
8628,0,0.0010943173,0.0230146353
8629,0,0.0018510255,0.0363834735
8630,0,0.0009439452,0.0256356626
8631,0,0.0316699340,0.3441287387
8632,0,0.0003067568,0.0084544424
8633,0,0.0013292208,0.0280008846
8635,0,0.0013464884,0.0278358873
8636,0,0.0005964715,0.0136701848
8638,0,0.0010539904,0.0241821195
8641,0,0.0036170244,0.0682808294
8642,0,0.0020484635,0.0447884656
8644,0,0.0551944501,0.4543363888
8645,0,0.0004261875,0.0130196627
8647,0,0.0060738119,0.1130530214
8652,0,0.0008534489,0.0227576231
8654,0,0.0405756182,0.4804082371
8656,0,0.0571806324,0.5447713949
8657,0,0.0005020471,0.0121373920
8658,0,0.0067882379,0.1280599970
8659,0,0.0010200835,0.0199859618
8660,0,0.0608711422,0.5214247148
8662,0,0.0031209349,0.0701599837
8663,0,0.0018488787,0.0411969959
8664,0,0.0013539109,0.0331039494
8665,0,0.0513988493,0.5410122888
8666,0,0.0144553249,0.2329328929
8668,0,0.0080539032,0.1557137580
8670,0,0.0503749993,0.5193416480
8673,0,0.0075061496,0.1580596216
8674,0,0.0084998948,0.1700606752
8675,0,0.0002372058,0.0077185224
8676,0,0.0008231992,0.0244959949
8677,0,0.0070746360,0.1599714330
8679,0,0.0215257816,0.3105354510
8680,0,0.1756286022,0.7822706933
8681,0,0.0043484725,0.0819221773
8682,0,0.0016208763,0.0391167776
8684,0,0.0239772339,0.3677450955
8685,0,0.0173492551,0.2882115524
8686,0,0.0057469089,0.1412549778
8687,0,0.0014973190,0.0357806957
8688,0,0.0031598280,0.0868610369
8690,0,0.0107428516,0.1960102604
8692,0,0.0003012344,0.0039300045
8693,0,0.0002004481,0.0039757565
8695,0,0.0002959092,0.0051797098
8697,0,0.0033741142,0.0532252870
8698,0,0.0001279211,0.0029887001
8700,0,0.0004751110,0.0097600064
8701,0,0.0006617737,0.0116249912
8702,0,0.0002000329,0.0048508311
8703,0,0.0001437128,0.0027725123
8704,0,0.0008225294,0.0147716610
8706,0,0.0140453463,0.1841922655
8707,0,0.0052760622,0.0862757555
8711,0,0.0012172454,0.0224537447
8712,0,0.0006964358,0.0122770654
8713,0,0.0007071802,0.0127281124
8714,0,0.0017434630,0.0271084504
8716,0,0.0002099343,0.0034372790
8717,0,0.0007289000,0.0124547389
8718,0,0.0014157796,0.0241022708
8719,0,0.0009547319,0.0176051017
8720,0,0.0015718490,0.0296311808
8721,0,0.0007895896,0.0145566256
8722,0,0.0007153259,0.0141619690
8725,0,0.0005949647,0.0124637826
8726,0,0.0018094575,0.0375345618
8727,0,0.0003921919,0.0064780467
8728,0,0.0010230133,0.0214114693
8729,0,0.0001680263,0.0037577550
8732,0,0.0040892550,0.0864375822
8733,0,0.0015419464,0.0276277230
8734,0,0.0021751224,0.0496597174
8736,0,0.0036060252,0.0699028887
8737,0,0.0020659243,0.0448776283
8740,0,0.0002968418,0.0093703500
8741,0,0.0006357039,0.0172148006
8742,0,0.0055153391,0.0947879583
8746,0,0.0066515371,0.1366469590
8747,0,0.0159969191,0.2370183941
8748,0,0.0063657523,0.1300915206
8751,0,0.0075297864,0.1259926645
8753,0,0.1432507274,0.7597314242
8755,0,0.0018498273,0.0409330780
8756,0,0.0004896696,0.0131278236
8757,0,0.0023953778,0.0508924386
8758,0,0.0030168000,0.0713282594
8759,0,0.0669363736,0.5939289767
8762,0,0.0260129205,0.3788646259
8764,0,0.0077337403,0.1432000360
8765,0,0.0045984503,0.0887042216
8768,0,0.0870285202,0.6526525687
8769,0,0.0229019596,0.3599744940
8770,0,0.0033458394,0.0959870704
8771,0,0.0069383530,0.1524426935
8773,0,0.0001574915,0.0032755590
8774,0,0.0008144360,0.0107034825
8775,0,0.0034302087,0.0543520492
8776,0,0.0003785677,0.0099452290
8777,0,0.0043814552,0.0567616484
8778,0,0.0001389193,0.0037178601
8779,0,0.0016947824,0.0228396362
8780,0,0.0021461383,0.0385138790
8781,0,0.0018120614,0.0334636387
8782,0,0.0031604577,0.0508661898
8783,0,0.0019154512,0.0326625496
8784,0,0.0001819655,0.0042147381
8786,0,0.0002819598,0.0064443244
8787,0,0.0022464735,0.0352658083
8789,0,0.0106550036,0.1639008383
8790,0,0.0027549202,0.0517760554
8791,0,0.0012678175,0.0273489673
8792,0,0.0010168906,0.0208404328
8795,0,0.0002961232,0.0064186327
8796,0,0.0007492460,0.0156115472
8798,0,0.0002523306,0.0059645239
8799,0,0.0058118834,0.0980654470
8801,0,0.0081736128,0.1089189829
8804,0,0.0161469420,0.2333940634
8806,0,0.0011454847,0.0241391741
8807,0,0.0031316397,0.0447759552
8808,0,0.0004353602,0.0093793135
8810,0,0.0047495717,0.0823715600
8811,0,0.0006526495,0.0169647017
8814,0,0.0010956716,0.0216963173
8815,0,0.0275014287,0.3238630910
8816,0,0.0275494269,0.4000429426
8818,0,0.0131520076,0.2705596342
8819,0,0.0099063397,0.1519341853
8820,0,0.0021400023,0.0529974298
8821,0,0.0044622798,0.0874183944
8822,0,0.0010241927,0.0271287551
8823,0,0.0236047636,0.2948321437
8824,0,0.0693326875,0.5541126146
8825,0,0.0005895810,0.0119220535
8826,0,0.0041251826,0.0725066594
8829,0,0.0030026344,0.0587895266
8830,0,0.0050077780,0.1007834512
8831,0,0.0017352763,0.0473120580
8833,0,0.0056215575,0.0990046481
8834,0,0.0075966037,0.1496092766
8836,0,0.0090432263,0.2009315944
8837,0,0.0023860409,0.0482034638
8838,0,0.0034710164,0.0733784249
8840,0,0.0005070567,0.0147094780
8841,0,0.0022880244,0.0496508094
8842,0,0.0046564636,0.0856204746
8844,0,0.0023835253,0.0658458521
8846,0,0.1020995112,0.7037085643
8848,0,0.0005566974,0.0098107717
8851,0,0.0011735015,0.0145901905
8853,0,0.0020496284,0.0342040460
8854,0,0.0006315127,0.0115556363
8855,0,0.0003220725,0.0059728049
8857,0,0.0412962341,0.3924774414
8858,0,0.0003505706,0.0064758206
8859,0,0.0001810411,0.0038741145
8860,0,0.0018035627,0.0306588133
8861,0,0.0002360552,0.0058561859
8862,0,0.0007345600,0.0134565520
8863,0,0.0018001794,0.0348638971
8867,0,0.0002160292,0.0067166455
8868,0,0.0044863964,0.0605765337
8869,0,0.0044310451,0.0614576442
8870,0,0.0008078280,0.0164302479
8872,0,0.0012335392,0.0223437325
8874,0,0.0005509998,0.0158534321
8875,0,0.0031230965,0.0553129826
8876,0,0.0024124986,0.0531119726
8877,0,0.0003080053,0.0072344179
8878,0,0.0033005100,0.0589004870
8879,0,0.0016506187,0.0332041551
8880,0,0.0022155131,0.0452757939
8881,0,0.0011752474,0.0261801760
8882,0,0.0006777373,0.0198107087
8883,0,0.0070367359,0.1178137039
8886,0,0.0011389539,0.0252613274
8887,0,0.0025921540,0.0555113091
8889,0,0.0015600687,0.0384484831
8890,0,0.0034246160,0.0585986302
8891,0,0.0021197036,0.0479781336
8892,0,0.0004491182,0.0102344146
8895,0,0.0017017356,0.0350205887
8898,0,0.0011398775,0.0252355347
8899,0,0.0033518019,0.0753417510
8901,0,0.0003298838,0.0094012690
8903,0,0.0121223332,0.2193292384
8904,0,0.0092786501,0.1809421639
8905,0,0.0059063008,0.0950835358
8906,0,0.0751199072,0.5837082443
8907,0,0.0021633156,0.0385254078
8910,0,0.0069127300,0.1285198053
8911,0,0.0033083021,0.0605719752
8913,0,0.0070229306,0.1339168748
8914,0,0.0155667845,0.2778233121
8916,0,0.0778467407,0.6354888246
8917,0,0.0561116814,0.4946886283
8918,0,0.0030329495,0.0694257699
8919,0,0.0417744650,0.4784185188
8920,0,0.0020099474,0.0539451261
8921,0,0.0302309291,0.3731636677
8922,0,0.0051267916,0.0994284357
8923,0,0.0039760437,0.1067986366
8924,0,0.0051540809,0.1344702318
8925,0,0.0092150922,0.2344755237
8928,0,0.0028641111,0.0679067931
8929,0,0.0286963360,0.4009329924
8930,0,0.0108634582,0.2301322225
8931,0,0.0011979126,0.0157497926
8932,0,0.0004079830,0.0085985878
8933,0,0.0011099434,0.0211012726
8936,0,0.0005940552,0.0113085595
8937,0,0.0010451680,0.0199930011
8938,0,0.0023304182,0.0418950410
8939,0,0.0008364164,0.0186913849
8941,0,0.0002403550,0.0054529826
8942,0,0.0001859057,0.0040854684
8943,0,0.0045048530,0.0603492257
8944,0,0.0010886174,0.0201023132
8946,0,0.0009841969,0.0207593818
8947,0,0.0004723794,0.0086519185
8948,0,0.0002479532,0.0057167329
8949,0,0.0011134984,0.0271308099
8950,0,0.0321627626,0.3295470538
8952,0,0.0014697368,0.0288213404
8953,0,0.0014784267,0.0303504031
8954,0,0.0007876376,0.0181830653
8955,0,0.0114993871,0.1935363508
8956,0,0.0131110683,0.2066627439
8957,0,0.0384813897,0.4304472257
8959,0,0.0005348217,0.0117939663
8960,0,0.0045066309,0.0936290174
8961,0,0.0012111490,0.0268453127
8962,0,0.0013997305,0.0335523211
8964,0,0.0009422686,0.0211678597
8966,0,0.0079870638,0.1522883841
8967,0,0.0009069398,0.0232412351
8969,0,0.0277295690,0.3723610864
8970,0,0.0119737648,0.2151473648
8971,0,0.0036461770,0.0844267671
8973,0,0.0168639311,0.3049138546
8974,0,0.0531186970,0.5264678348
8978,0,0.0004265156,0.0119949488
8979,0,0.0069787943,0.1474991851
8981,0,0.0092417911,0.1929380257
8983,0,0.1139226556,0.7212572019
8985,0,0.3181709527,0.8834474602
8988,0,0.0036820834,0.0917372636
8989,0,0.0029079545,0.0703568834
8990,0,0.0338574982,0.4023440932
8991,0,0.0031088628,0.0853137005
8993,0,0.0005779318,0.0217137021
8994,0,0.0079355190,0.1705496358
8996,0,0.0118600660,0.2417716143
8997,0,0.0042793299,0.1115990081
8999,0,0.0105796091,0.2053370257
9000,0,0.0046244736,0.1198796469
9001,0,0.0289602541,0.4197741858
9003,0,0.0021646383,0.0519473162
9004,0,0.0172450000,0.3102883397
9005,0,0.0014840624,0.0456995692
9006,0,0.1454255765,0.7851710847
9007,0,0.0051422842,0.1443025638
9008,0,0.0134972901,0.2952270082
9011,0,0.0048842365,0.1407264638
9012,0,0.0017497073,0.0542780251
9013,0,0.0028604370,0.0734938283
9015,1,0.1703160308,0.8258280873
9019,1,0.0119927830,0.2210645547
9021,0,0.0002569920,0.0053411300
9022,0,0.0001849322,0.0039964256
9023,0,0.0066458580,0.1010579480
9027,0,0.0001460030,0.0028698859
9028,0,0.0007088025,0.0172088366
9029,0,0.0030561539,0.0438164578
9030,0,0.0006140455,0.0140582036
9033,0,0.0006718255,0.0146252858
9034,0,0.0004623788,0.0105827762
9035,0,0.0086001667,0.1722169243
9036,0,0.0003395134,0.0074481700
9037,0,0.0006865566,0.0148535232
9040,0,0.0028237230,0.0546758317
9041,0,0.0009316946,0.0197013244
9042,0,0.0533873562,0.4802591277
9045,0,0.0003930658,0.0106026623
9046,0,0.0010300392,0.0164492761
9047,0,0.0004098637,0.0102556437
9048,0,0.0006929955,0.0147999232
9049,0,0.0037519502,0.0798751688
9050,0,0.0005751613,0.0121079943
9051,0,0.0001956568,0.0054651146
9052,0,0.0007820049,0.0114149899
9053,0,0.0006875310,0.0158564133
9054,0,0.0006798545,0.0141451073
9057,0,0.0017593959,0.0427124685
9058,0,0.0025383959,0.0541991334
9059,0,0.0156721514,0.2413433836
9060,0,0.0015347410,0.0327886995
9061,0,0.0032478245,0.0862796064
9062,0,0.0021353663,0.0388042803
9063,0,0.0018161375,0.0388765107
9064,0,0.0009152416,0.0181242993
9065,0,0.0017458063,0.0267153564
9066,0,0.0071586640,0.1415913514
9069,0,0.0025688715,0.0622704573
9071,0,0.0062320413,0.1064110617
9073,0,0.0013762055,0.0433498762
9074,0,0.0040275559,0.0850350316
9075,0,0.0069255236,0.1597873747
9078,0,0.0027393688,0.0629743261
9079,0,0.0033842469,0.0679258473
9082,0,0.0025694830,0.0663062104
9085,1,0.9277704469,0.9947218502
9086,0,0.0317867274,0.4764407384
9088,0,0.0018975881,0.0563109855
9091,0,0.0040936325,0.1035029052
9093,0,0.0041201867,0.1153715262
9094,0,0.0042499842,0.1216764058
9095,0,0.1710619139,0.8331594113
9096,0,0.0282937900,0.4152243875
9097,0,0.0081266480,0.1493570954
9098,0,0.0189589494,0.3460001650
9099,0,0.0078811199,0.0945772111
9100,0,0.0082272606,0.1585778259
9101,0,0.0215627857,0.2618660598
9102,0,0.0002398230,0.0068427067
9103,0,0.0003667969,0.0079525176
9104,0,0.0010933111,0.0229572096
9106,0,0.0010486616,0.0227415162
9107,0,0.0004792162,0.0095553281
9108,0,0.0002250357,0.0043659032
9111,0,0.0021562272,0.0458662290
9112,0,0.0034072647,0.0626978277
9113,0,0.0003598939,0.0094270604
9114,0,0.0008303673,0.0173092118
9116,0,0.0032833264,0.0672816515
9117,0,0.0002991969,0.0075296249
9118,0,0.0035000019,0.0692882292
9119,0,0.0039007089,0.0725699932
9120,0,0.0003180738,0.0066345660
9121,0,0.0012646340,0.0264371797
9122,0,0.0024264500,0.0521417486
9124,0,0.0021683052,0.0454862143
9125,0,0.0112200719,0.1741800022
9126,0,0.0006696341,0.0145511356
9129,0,0.0043243844,0.0868399278
9130,0,0.0008474115,0.0201283237
9132,0,0.0038072581,0.0868862845
9133,0,0.0058564679,0.1053618449
9134,0,0.0083355437,0.1390208063
9135,0,0.0014191451,0.0347648984
9139,0,0.0013643466,0.0249506164
9140,0,0.0017886882,0.0420564304
9142,0,0.0033460897,0.0668474981
9143,0,0.0050027120,0.1016744642
9144,0,0.0038323905,0.0881730627
9145,0,0.0015473448,0.0429432138
9146,0,0.0033315140,0.0586509912
9149,0,0.0011765503,0.0286929768
9150,0,0.0113665563,0.1971172055
9151,0,0.0323762466,0.3816319553
9152,0,0.0088238230,0.1563894326
9153,0,0.0098581184,0.1938092064
9154,0,0.0012416046,0.0290608025
9156,0,0.0803956039,0.6054248901
9157,0,0.0314227652,0.3958437671
9158,0,0.0828342043,0.6032474655
9159,0,0.0102741497,0.2133258550
9162,0,0.0007343340,0.0243363472
9163,0,0.0034753805,0.0769011617
9164,0,0.0159568153,0.2862767731
9165,0,0.1117802611,0.6671184378
9166,0,0.2615404856,0.8789205697
9167,0,0.0386152960,0.4979648806
9168,0,0.0014526383,0.0422815284
9169,0,0.0019916920,0.0621217382
9170,0,0.0119768892,0.1895707993
9173,0,0.0023682709,0.0617962255
9174,0,0.0026080420,0.0700627240
9176,1,0.1171195662,0.6074861968
9177,0,0.0009617847,0.0166726828
9179,0,0.0112700610,0.1232266826
9180,0,0.0003631501,0.0084356399
9181,0,0.0003625020,0.0076036085
9183,0,0.0042165815,0.0688415961
9184,0,0.0005451260,0.0100163921
9185,0,0.0017989024,0.0286467295
9186,0,0.0059643152,0.0878417376
9187,0,0.0002090447,0.0048105086
9188,0,0.0021130684,0.0397532902
9189,0,0.0012645349,0.0243526299
9191,0,0.0002289670,0.0061939718
9194,0,0.0012285284,0.0265761220
9195,0,0.0003908730,0.0068987302
9196,0,0.0008029780,0.0123747131
9197,0,0.0023287679,0.0338515386
9198,0,0.0062051598,0.1042659627
9199,0,0.0007479164,0.0154689209
9201,0,0.0003125770,0.0069184866
9202,0,0.0017645872,0.0361359683
9203,0,0.0013197858,0.0281894914
9204,0,0.0009165324,0.0190016544
9206,0,0.0006697713,0.0153993124
9207,0,0.0045043212,0.0801154628
9209,0,0.0009346309,0.0236856302
9210,0,0.0233847703,0.2872689856
9211,0,0.0407456545,0.3239653905
9212,0,0.0053139501,0.1093134044
9214,0,0.0023102253,0.0444548176
9215,0,0.0010858573,0.0200283792
9216,0,0.0021636003,0.0466477208
9217,0,0.0020461524,0.0562424941
9218,0,0.0140570377,0.2254024595
9219,0,0.0070569229,0.1241254671
9220,0,0.0301862231,0.3878669818
9221,0,0.0298250310,0.3737808127
9222,0,0.0006933303,0.0182109603
9223,0,0.0014495571,0.0374642780
9224,0,0.0021689796,0.0465253634
9225,0,0.0106225053,0.1849606253
9228,0,0.0075694039,0.1455148514
9229,0,0.0024679578,0.0510559026
9231,0,0.0038400005,0.0773743862
9234,0,0.0061425900,0.1385386286
9238,0,0.0025632826,0.0646792750
9240,0,0.0319736080,0.4812921982
9241,0,0.0111693512,0.2181534910
9242,0,0.0032529543,0.0788033824
9243,0,0.0834959798,0.6689743265
9245,0,0.0053192072,0.1317677628
9246,0,0.0030262062,0.0749570576
9247,0,0.0162058137,0.2704776021
9248,0,0.0060203134,0.1459624181
9250,0,0.0074246940,0.1540751311
9252,0,0.0013663438,0.0352451062
9253,0,0.0025740591,0.0635932615
9254,0,0.0067295838,0.1749714428
9255,0,0.0040992984,0.0968297057
9256,0,0.0058332937,0.1314692733
9258,0,0.1183035071,0.7665747168
9259,0,0.0002923443,0.0076682498
9261,0,0.0222010319,0.2673379928
9262,0,0.0002476786,0.0065867559
9263,0,0.0010923041,0.0254306538
9264,0,0.0031887004,0.0561912587
9265,0,0.0003564119,0.0075805981
9266,0,0.0024934415,0.0574754713
9267,0,0.0002870562,0.0064405321
9268,0,0.0324876251,0.3268907411
9271,0,0.0418017655,0.3937762566
9272,0,0.0024719038,0.0447094564
9274,0,0.0003414461,0.0102553581
9275,0,0.0464741888,0.4202311623
9276,0,0.0002821730,0.0074865685
9278,0,0.0088647006,0.1577300842
9279,0,0.0030160895,0.0789980546
9280,0,0.0002086908,0.0050488225
9281,0,0.0018930080,0.0560906653
9282,0,0.0011481176,0.0222159642
9284,0,0.0013056283,0.0303879880
9285,0,0.0020570289,0.0420537765
9286,0,0.0035754704,0.0688422803
9288,0,0.0011587970,0.0255149914
9289,0,0.0434600556,0.4512569424
9290,0,0.0020494377,0.0481859211
9291,0,0.0030916785,0.0637827528
9293,0,0.0028449923,0.0569420159
9294,0,0.0008012960,0.0194592994
9295,0,0.0004201595,0.0109988236
9298,0,0.0036601521,0.0880124100
9299,0,0.0068772289,0.1202624713
9300,0,0.0051874104,0.1226052261
9303,0,0.0009150315,0.0216176334
9304,0,0.0021720811,0.0541811659
9305,0,0.0134973835,0.2199231905
9306,0,0.0007327656,0.0224707679
9307,0,0.0026690338,0.0539631688
9311,0,0.0098837493,0.1748006909
9315,0,0.0008397711,0.0226056627
9316,0,0.0139108467,0.2042789714
9319,0,0.0050241695,0.1114012438
9322,0,0.0409886320,0.5016505505
9323,0,0.0035734964,0.0941477223
9324,0,0.0044126990,0.1138986061
9326,0,0.0068535356,0.1732521292
9327,0,0.0064102318,0.1388117686
9328,0,0.0020161246,0.0550710124
9329,0,0.0065495566,0.1582900355
9330,0,0.0109669251,0.2450880826
9331,0,0.0022362357,0.0698841882
9334,0,0.0083973073,0.1960575429
9335,0,0.0154742916,0.3046732000
9336,0,0.2122990666,0.8505302180
9337,0,0.0188001216,0.3077014586
9341,0,0.0003288730,0.0090892687
9342,0,0.0006453571,0.0139165988
9343,0,0.0006259448,0.0173339249
9344,0,0.0036639220,0.0764380984
9345,0,0.0009763798,0.0203948047
9346,0,0.0041628677,0.0741251673
9347,0,0.0035040628,0.0600770445
9349,0,0.0080312872,0.1339700023
9350,0,0.0009572096,0.0238709173
9351,0,0.0070938886,0.0754395961
9352,0,0.0004807984,0.0115243483
9353,0,0.0017130293,0.0347494848
9358,0,0.0001137759,0.0028919396
9359,0,0.0030608725,0.0669945686
9360,0,0.0207269914,0.2794512782
9361,0,0.0047088239,0.0905938323
9362,0,0.0010367530,0.0252740885
9364,0,0.0004548912,0.0088357476
9365,0,0.0006034387,0.0107408706
9366,0,0.0053542889,0.1037332958
9368,0,0.0066715995,0.1308418146
9369,0,0.0014763206,0.0342000316
9371,0,0.0113632229,0.2103477627
9374,0,0.0067080293,0.1312507884
9375,0,0.0031028596,0.0672966488
9376,0,0.0011775624,0.0367927838
9377,0,0.0007405030,0.0214751142
9378,0,0.0016647677,0.0488042451
9379,0,0.0053235328,0.1079191286
9380,0,0.0134047426,0.2020083206
9381,0,0.0076320745,0.1474240515
9383,0,0.0021916738,0.0561753278
9384,0,0.0020704340,0.0605606647
9385,0,0.0571653124,0.5710669676
9388,0,0.0221386677,0.4466695224
9389,0,0.0035118778,0.1017667576
9391,0,0.0050523465,0.1228448347
9392,0,0.0043991394,0.1059876154
9393,0,0.0163238236,0.3108641359
9397,0,0.0581637090,0.5812535742
9398,0,0.0371310356,0.5186599146
9399,0,0.0052722008,0.1502469788
9400,0,0.0235728286,0.3509799877
9401,0,0.0131416203,0.2402169848
9402,0,0.0012045655,0.0431362680
9404,0,0.0058483818,0.1418339043
9406,0,0.0320171015,0.4738833097
9407,0,0.0291038378,0.4122674529
9408,0,0.0908678871,0.7013633425
9409,0,0.0060087319,0.1893318577
9410,0,0.0039765431,0.1040653120
9416,0,0.0003672526,0.0083615965
9417,0,0.0016866487,0.0413720768
9418,0,0.0020795637,0.0574892502
9419,0,0.0023300481,0.0503566866
9421,0,0.0017074133,0.0383956800
9424,0,0.0006679585,0.0110452405
9425,0,0.0002576123,0.0075127550
9426,0,0.0017614803,0.0374800949
9427,0,0.0167642222,0.2073238749
9429,0,0.0014822578,0.0327519600
9430,0,0.0004408889,0.0080857910
9431,0,0.0004393855,0.0104268657
9433,0,0.0072906573,0.1236027437
9434,0,0.0096933261,0.1567047903
9435,0,0.0010245376,0.0231820297
9436,0,0.0096008102,0.1594102145
9437,0,0.0030421391,0.0657630683
9438,0,0.0034396714,0.0686960577
9440,0,0.0048772078,0.0890377687
9442,0,0.0024710278,0.0516724326
9444,0,0.0115936344,0.2130206413
9446,0,0.0035992707,0.0816861743
9448,0,0.0050285506,0.1075162483
9450,0,0.0012547822,0.0314715257
9452,0,0.0015892064,0.0441502634
9454,0,0.0274528762,0.4313207517
9456,0,0.0045486111,0.0814879388
9461,0,0.0031445011,0.0772580742
9462,0,0.0054125137,0.1287146417
9463,0,0.0094296752,0.1494137915
9464,0,0.0015145207,0.0377317427
9465,0,0.0237925507,0.3326177453
9467,0,0.0310654946,0.4070531222
9468,0,0.0015842047,0.0319035535
9470,0,0.0072701434,0.1198346897
9471,0,0.0078255628,0.1867415171
9474,0,0.0039504167,0.0909370138
9475,0,0.0136959702,0.2633026888
9478,0,0.0065651761,0.1308921570
9479,0,0.0103022887,0.1741038686
9480,0,0.0022342872,0.0825786078
9481,0,0.0070341722,0.1794100867
9482,0,0.0389359306,0.4742234024
9484,0,0.0023970292,0.0861176154
9486,0,0.0056554390,0.1191121279
9488,0,0.0364655139,0.4563524877
9491,0,0.0105616061,0.2201983851
9492,0,0.0084125351,0.2140572566
9494,1,0.2063345383,0.8630450800
9495,0,0.0248003380,0.3778761073
9496,0,0.0047259672,0.1533650784
9497,0,0.0267739413,0.4528399629
9498,0,0.0002443033,0.0068141350
9499,0,0.0001472305,0.0037550723
9500,0,0.0006382915,0.0093742698
9501,0,0.0005405494,0.0073024418
9503,0,0.0094541607,0.1294506696
9505,0,0.0031189322,0.0494684450
9506,0,0.0003852226,0.0060369755
9508,0,0.0006284977,0.0113846357
9509,0,0.0014069450,0.0245915376
9511,0,0.0017181596,0.0326668528
9513,0,0.0015301317,0.0277052706
9514,0,0.0003626541,0.0082963475
9515,0,0.0024290715,0.0425801210
9517,0,0.0098647515,0.1393588920
9519,0,0.0055398194,0.0711564763
9520,0,0.0007423569,0.0159780001
9521,0,0.0039480745,0.0582365109
9522,0,0.0006832255,0.0137415456
9523,0,0.0006246455,0.0132272907
9524,0,0.0015443551,0.0235970544
9525,0,0.0001452397,0.0037290072
9526,0,0.0011782630,0.0251614838
9527,0,0.0204727884,0.2679529890
9528,0,0.0088447719,0.1302125528
9529,0,0.0083002323,0.1287268837
9532,0,0.0040846689,0.0747161596
9533,0,0.0056589375,0.0830058486
9536,0,0.0003499061,0.0076799658
9538,0,0.0014872995,0.0284995126
9540,0,0.0076242126,0.1183434931
9541,0,0.0064596737,0.1102049939
9544,0,0.0033252068,0.0634160942
9545,0,0.0026144372,0.0488014921
9546,0,0.0007180392,0.0134161590
9547,0,0.0093977424,0.1510186824
9550,0,0.0018260889,0.0328447083
9551,0,0.0030225084,0.0589099789
9552,0,0.0110635854,0.1866487283
9553,0,0.0024042277,0.0475075898
9554,0,0.0028643220,0.0600205047
9557,0,0.0097666879,0.1800994061
9558,0,0.0030521019,0.0597411978
9560,0,0.0026586179,0.0482745304
9561,0,0.0088710898,0.1607393653
9563,0,0.0215824436,0.2890000978
9565,0,0.0035861038,0.0727606806
9566,0,0.0019475074,0.0488083910
9567,0,0.0047339236,0.0825803367
9570,0,0.0020838847,0.0443675447
9572,0,0.0076228779,0.1464175357
9573,0,0.0133673350,0.2590228980
9575,0,0.0116486066,0.3054691576
9576,0,0.0066603886,0.1359867005
9577,1,0.0117722859,0.2071791244
9578,0,0.0011342679,0.0192961472
9580,0,0.0002843635,0.0038860768
9581,0,0.0137152457,0.1745281109
9582,0,0.0107701618,0.1152851433
9583,0,0.0013052589,0.0245527272
9585,0,0.0016772872,0.0268501563
9586,0,0.0017691556,0.0281630322
9589,0,0.0027195514,0.0597646212
9591,0,0.0022440790,0.0405514152
9592,0,0.0013864526,0.0248347306
9593,0,0.0017285204,0.0301475874
9594,0,0.0072648078,0.0949737357
9595,0,0.0008409232,0.0153610373
9597,0,0.0019737529,0.0284266712
9598,0,0.0009651741,0.0191613235
9600,0,0.0005029152,0.0115085759
9601,0,0.0070321123,0.1150413455
9603,0,0.0021059554,0.0364561091
9604,0,0.0014245589,0.0264477021
9606,0,0.0004868288,0.0121406158
9607,0,0.0019755672,0.0400672604
9608,0,0.0015853556,0.0287740883
9609,0,0.0018032819,0.0352181633
9610,0,0.0017150099,0.0361947056
9611,0,0.0034436309,0.0663441028
9612,0,0.0015341390,0.0255951875
9614,1,0.2126681985,0.8018846452
9615,0,0.0019986220,0.0445341002
9617,0,0.0028247081,0.0499313144
9618,0,0.0008426063,0.0193397915
9619,0,0.0032624506,0.0676578373
9620,0,0.0073988012,0.1443269475
9622,0,0.0039968140,0.0662398715
9623,0,0.0027808972,0.0488766723
9624,0,0.0048772641,0.0966555576
9629,0,0.0007941481,0.0219165074
9630,0,0.0039918380,0.0912077168
9631,0,0.0035339212,0.0766533245
9632,0,0.0050717174,0.1046611301
9633,0,0.0567563967,0.5541037228
9635,0,0.0639712911,0.5599337219
9638,0,0.0024692191,0.0609452189
9639,0,0.0029366274,0.0880634594
9640,0,0.0025729890,0.0515007350
9641,0,0.0025477781,0.0572367127
9643,0,0.0080089336,0.1542967218
9645,0,0.0039041902,0.0892222680
9646,0,0.0058641371,0.1046891624
9647,0,0.0020601473,0.0548925867
9648,0,0.0301074474,0.3949394989
9650,0,0.0039747772,0.1285653364
9652,0,0.0044992372,0.1148482786
9654,1,0.1478309909,0.7845889609
9655,1,0.2076736397,0.8298157450
9658,0,0.0069349249,0.1667105128
9659,0,0.0041875039,0.0935546696
9660,1,0.2688187443,0.8948365197
9662,0,0.0141639337,0.2967131834
9664,1,0.0566670874,0.6060988119
9667,0,0.0028344931,0.0695367971
9669,0,0.0144835383,0.2549882169
9670,0,0.0050416571,0.1145745388
9671,0,0.0088638756,0.1649938039
9673,0,0.0005431663,0.0101373603
9676,0,0.0052047796,0.0806767409
9678,0,0.0011301244,0.0162830783
9679,0,0.0001909702,0.0034301868
9681,0,0.0009790471,0.0119786731
9682,0,0.0007443615,0.0140129967
9683,0,0.0020599067,0.0373878291
9684,0,0.0084398682,0.1252501550
9685,0,0.0017989963,0.0390086524
9687,0,0.0011600156,0.0176854182
9688,0,0.0004363484,0.0101210277
9689,0,0.0014698094,0.0301726304
9690,0,0.0615196842,0.4999315867
9691,0,0.0003073947,0.0076684649
9692,0,0.0004299490,0.0098385312
9693,0,0.0003563044,0.0083368300
9694,0,0.0006650723,0.0127894709
9695,0,0.0004028503,0.0066214271
9696,0,0.0005949095,0.0130137362
9697,0,0.0005406576,0.0118707671
9698,0,0.0017421031,0.0393907841
9699,0,0.0004662085,0.0108957969
9700,0,0.0006236875,0.0108269052
9701,0,0.0097540996,0.1693113321
9702,0,0.0032323447,0.0631025791
9703,0,0.0007900053,0.0173708534
9704,0,0.0022992705,0.0470688831
9706,0,0.0020792087,0.0393722646
9707,0,0.0009027495,0.0174808951
9708,0,0.0031237477,0.0546093903
9709,0,0.0008789013,0.0195481192
9710,0,0.0002921769,0.0069311985
9711,0,0.1025209876,0.6417791589
9712,0,0.0013141767,0.0407164640
9713,0,0.0093047778,0.1614135598
9715,0,0.0012025088,0.0227799218
9716,0,0.0485053889,0.4604997655
9717,0,0.0018496037,0.0586283437
9719,0,0.0016491976,0.0359319892
9720,0,0.0320235553,0.4062843816
9721,0,0.0210403352,0.3173977087
9722,0,0.0039877648,0.0781664940
9723,0,0.0012129591,0.0336410012
9724,0,0.0018574797,0.0341895653
9726,0,0.0002916558,0.0079037265
9727,0,0.0039139639,0.0863450292
9729,0,0.0014697396,0.0290961949
9730,0,0.0019284037,0.0446459589
9731,0,0.0022504080,0.0524534679
9732,0,0.0158597127,0.2619856905
9733,0,0.0338167092,0.3006958154
9735,0,0.0051341006,0.1463656357
9736,0,0.0229918895,0.3034361263
9738,0,0.0051763250,0.1060239144
9739,0,0.0037097577,0.0732532417
9740,0,0.0152997496,0.2436575584
9741,0,0.0020593032,0.0442429798
9746,0,0.0026259646,0.0643279013
9747,0,0.0104168596,0.2041981214
9748,0,0.0342421845,0.4351464717
9749,0,0.0030316672,0.0824301859
9750,0,0.0092585619,0.2051990659
9751,0,0.0016001157,0.0341137859
9754,0,0.0057850084,0.1285052552
9755,0,0.0017583429,0.0536663098
9757,0,0.0078696996,0.1723254735
9758,0,0.0013129385,0.0331222114
9759,1,0.0788353260,0.5916908342
9761,0,0.0027714538,0.0482625910
9762,0,0.0001896058,0.0036103559
9765,1,0.1217351834,0.6156372494
9767,0,0.0005365328,0.0123293940
9768,0,0.0006282995,0.0124964571
9769,0,0.0009500472,0.0132940269
9770,0,0.0035782372,0.0629712623
9771,0,0.0001452451,0.0041715181
9772,0,0.0048636774,0.0778567894
9773,0,0.0005939696,0.0117551701
9774,0,0.0011852023,0.0230836341
9775,0,0.0002229732,0.0063531729
9776,0,0.0002142411,0.0054091286
9777,0,0.0103573555,0.1530425423
9778,0,0.0480789416,0.4012096464
9780,0,0.0006383861,0.0133254832
9781,0,0.0041883656,0.0800532804
9784,0,0.0018293304,0.0467084239
9785,0,0.0051367986,0.0957618735
9786,0,0.0005807194,0.0167295895
9787,0,0.0006011198,0.0144919106
9788,0,0.0056846079,0.1184807217
9789,0,0.0018763463,0.0437459325
9790,0,0.0012224146,0.0262853079
9791,0,0.0047158131,0.0756331341
9792,0,0.0010195896,0.0223617897
9793,0,0.0009323592,0.0254102369
9794,0,0.0034177140,0.0811051541
9795,0,0.0015082868,0.0279991009
9796,0,0.0020857436,0.0494037367
9798,0,0.0010059693,0.0249117889
9799,0,0.0101131046,0.1775788576
9801,0,0.0154756634,0.3352880389
9803,0,0.0016511111,0.0408591097
9805,0,0.0068416743,0.1519196853
9806,0,0.0013270118,0.0325460041
9807,0,0.3389225384,0.8949970840
9808,0,0.0962956968,0.6689822389
9810,0,0.0106709299,0.2263336900
9812,0,0.0024353995,0.0577673381
9813,0,0.0059877353,0.1408461480
9814,0,0.0472083419,0.5262122487
9815,0,0.0019498062,0.0741841335
9818,0,0.0039498769,0.0983132724
9819,0,0.0064405803,0.1647995122
9821,0,0.0039427832,0.0999339644
9823,1,0.3158116163,0.9053300575
9824,0,0.0126397966,0.2341547582
9825,0,0.0071631512,0.1407141045
9826,0,0.0045362090,0.1070459632
9830,0,0.0040589494,0.1119728292
9832,0,0.0065193900,0.1426184880
9833,0,0.0256672695,0.3125045678
9834,0,0.0136125701,0.2680571289
9835,0,0.0002973097,0.0058961019
9836,0,0.0007498945,0.0145139827
9837,0,0.0056545884,0.0867798998
9839,0,0.0018547292,0.0339711537
9840,0,0.0117241731,0.1644627678
9841,0,0.0008307870,0.0189661228
9842,0,0.0022374181,0.0474620782
9843,0,0.0027169007,0.0509059062
9845,0,0.0002238641,0.0061125115
9846,0,0.0038362896,0.0677299540
9847,0,0.0301469786,0.3507171462
9848,0,0.0012734040,0.0284174259
9849,0,0.0019560003,0.0504598246
9850,0,0.0222537378,0.2344685264
9853,0,0.0044448447,0.0705564726
9854,0,0.0012850034,0.0285751743
9857,0,0.0031321577,0.0584763487
9860,0,0.0005099229,0.0130082936
9861,0,0.0003818508,0.0098113679
9863,0,0.0031313000,0.0686251473
9864,0,0.0721600635,0.5311703975
9865,0,0.0006674127,0.0159733282
9866,0,0.0656355604,0.4688542572
9867,0,0.0022735719,0.0482874853
9870,0,0.0007286214,0.0162343797
9871,0,0.0021678762,0.0475173341
9873,0,0.0174462885,0.2503319972
9874,0,0.0042187404,0.0682170327
9876,0,0.0081674229,0.1636233553
9877,0,0.0588827197,0.5763893834
9878,0,0.1151663140,0.6901874047
9879,0,0.0624862529,0.5423484103
9881,0,0.0019377984,0.0331241319
9883,0,0.0022245191,0.0357112473
9884,0,0.0027371021,0.0790202185
9885,0,0.0028835313,0.0683137707
9889,0,0.0017035497,0.0495454324
9891,0,0.0051816583,0.1116628779
9892,0,0.0138337760,0.2706235542
9893,0,0.0118885727,0.2470512970
9895,0,0.0045329694,0.1031505464
9896,0,0.0987187175,0.7089947972
9897,0,0.0054094281,0.1461844837
9898,0,0.0118779299,0.2640137418
9899,0,0.0100422469,0.2341054331
9900,0,0.0025838704,0.0784140724
9901,0,0.0058367502,0.2048325518
9902,0,0.0379191215,0.5222980157
9903,0,0.0074337147,0.2002515285
9904,0,0.0212517795,0.3915903316
9906,0,0.0296313961,0.4641874520
9907,0,0.0067063212,0.1679749338
9908,0,0.0172396876,0.3594683676
9909,0,0.0052806898,0.0741602736
9910,0,0.0006869547,0.0149266468
9911,0,0.0054730153,0.0975926275
9912,0,0.0007532158,0.0190779078
9914,0,0.0003636454,0.0089133166
9915,0,0.0004354634,0.0106520250
9916,0,0.0002244251,0.0055291980
9917,0,0.0003785233,0.0090436235
9918,0,0.0004737468,0.0137323805
9919,0,0.0319129245,0.3823560918
9921,0,0.0014744857,0.0465158080
9922,0,0.0020167456,0.0480648476
9923,0,0.0017066264,0.0442392565
9924,0,0.0006699848,0.0160473700
9926,0,0.0018447240,0.0535218239
9927,0,0.0006121082,0.0175888736
9928,0,0.0015209739,0.0408544388
9929,0,0.0001275233,0.0048749434
9930,0,0.0009225591,0.0298212617
9931,0,0.0069745117,0.1555436635
9932,0,0.0111381399,0.2202266056
9934,0,0.0014533063,0.0383108681
9935,0,0.0089308176,0.1937579658
9936,0,0.0226200119,0.3607185997
9937,0,0.0003087564,0.0128459128
9940,0,0.3724281992,0.9035947796
9942,0,0.0044968481,0.1297669600
9943,0,0.0263169734,0.4284115633
9944,0,0.0012865794,0.0374481938
9945,0,0.0182257450,0.3570446669
9948,0,0.0020697331,0.0759038711
9949,0,0.0038646045,0.1085228394
9953,0,0.0233960566,0.4238320737
9954,0,0.0049768595,0.1342831823
9956,0,0.0021886175,0.0734136896
9958,0,0.0049309855,0.1352755713
9959,0,0.0023350483,0.0880998764
9960,0,0.0282059803,0.4586788989
9962,0,0.1618179793,0.8360107789
9963,0,0.0580091542,0.6039848155
9964,0,0.0056595658,0.1641070424
9965,0,0.0070177884,0.1818718882
9966,0,0.0056334795,0.1622703795
9967,0,0.0173625234,0.3251231091
9968,0,0.0023465495,0.0785006135
9969,0,0.0058156949,0.1726836346
9971,0,0.0069132947,0.1994266377
9972,0,0.0421518809,0.6047261063
9973,0,0.0915592422,0.7547402890
9974,0,0.0091480371,0.2579866196
9975,1,0.8768831235,0.9930530914
9976,0,0.0050758918,0.1743293439
9977,0,0.0037058440,0.1001700213
9978,0,0.0072736819,0.1892335362
9981,0,0.0146897316,0.3249993862
9986,0,0.0075646756,0.2693554030
9990,0,0.0002961809,0.0104566859
9991,0,0.0007770730,0.0155563400
9992,0,0.0010446944,0.0239504035
9993,0,0.0015277458,0.0419865540
9994,0,0.0055141547,0.1253067924
9996,0,0.0002947543,0.0086814352
9997,0,0.0006827480,0.0268591991
9999,0,0.0043754340,0.1333827390
10000,0,0.0013302513,0.0433001389
