source_udi,target,standard_logistic_probability,random_forest_probability,xgboost_probability
1,0,0.0022287599,0.0000000000,0.0005835367
3,0,0.0143528749,0.0033333333,0.0004543441
4,0,0.0005205735,0.0033333333,0.0060820980
7,0,0.0056625671,0.0000000000,0.0002740402
9,0,0.0001968834,0.0033333333,0.0003933980
11,0,0.0002170679,0.0000000000,0.0006407690
13,0,0.0025970420,0.0000000000,0.0022810162
15,0,0.0026247142,0.0000000000,0.0048648473
16,0,0.0260342576,0.0033333333,0.0022457542
18,0,0.0018625783,0.0000000000,0.0066714995
19,0,0.0069121650,0.0133333333,0.0193656757
20,0,0.0007007305,0.0000000000,0.0004138000
24,0,0.0011737031,0.0000000000,0.0027904424
25,0,0.0013501429,0.0000000000,0.0015414600
26,0,0.0017062087,0.0000000000,0.0034659589
27,0,0.0027026276,0.0000000000,0.0025636347
29,0,0.0056561659,0.0100000000,0.0767214075
30,0,0.0016902369,0.0000000000,0.0035190631
31,0,0.0028387672,0.0033333333,0.0064229211
32,0,0.0019937411,0.0000000000,0.0024961769
33,0,0.0127810415,0.0000000000,0.0123648569
34,0,0.0033642489,0.0000000000,0.0009200291
35,0,0.0010699764,0.0000000000,0.0009067411
37,0,0.0021238724,0.0000000000,0.0009676910
38,0,0.0018830611,0.0033333333,0.0180901643
40,0,0.0252094597,0.0000000000,0.0188305341
41,0,0.0046717020,0.0033333333,0.0181863680
42,0,0.0207775188,0.0000000000,0.0220107343
44,0,0.0066927668,0.0100000000,0.0332480818
45,0,0.0204905562,0.0000000000,0.0018004084
46,0,0.0616663556,0.0000000000,0.0017937194
47,0,0.0035921335,0.0033333333,0.0012105729
48,0,0.0142520056,0.0000000000,0.0084277447
49,0,0.0656903032,0.0033333333,0.0154677341
50,0,0.0047351917,0.0000000000,0.0031875703
51,1,0.6759576355,0.7866666667,0.9828176498
52,0,0.1096273146,0.0000000000,0.0220663529
53,0,0.0092011165,0.0000000000,0.0019560887
54,0,0.0049278105,0.0000000000,0.0009448860
55,0,0.0047109934,0.0000000000,0.0014053509
58,0,0.0127146963,0.0000000000,0.0008387519
59,0,0.0018840243,0.0000000000,0.0017219852
60,0,0.1034595293,0.0066666667,0.0259797852
61,0,0.0799685867,0.0000000000,0.0187535007
63,0,0.0053665512,0.0000000000,0.0022059032
64,0,0.0049016178,0.0000000000,0.0036264982
65,0,0.0106386849,0.0000000000,0.0025709451
67,0,0.0033712773,0.0766666667,0.0264370237
69,0,0.0025802657,0.0033333333,0.0041297828
70,1,0.8858875229,0.4366666667,0.9954056740
71,0,0.0092901969,0.0100000000,0.0036152010
72,0,0.0383208120,0.0033333333,0.0211046282
73,0,0.0140690308,0.0200000000,0.0547803454
74,0,0.0109891515,0.0000000000,0.0034739296
76,0,0.0239115129,0.2866666667,0.6187196970
78,1,0.0199543320,0.0300000000,0.0375521965
79,0,0.0129851049,0.0066666667,0.0152979111
80,0,0.0003349565,0.0066666667,0.0059041660
83,0,0.0013253298,0.0066666667,0.0039182389
84,0,0.0013656558,0.0000000000,0.0007608570
85,0,0.0059462751,0.0000000000,0.0153801600
86,0,0.0009602464,0.0000000000,0.0005033269
87,0,0.0014328590,0.0066666667,0.0048879096
88,0,0.0004453758,0.0000000000,0.0011954483
89,0,0.0020947985,0.0000000000,0.0059259124
90,0,0.0010292274,0.0000000000,0.0007749087
91,0,0.0010245490,0.0000000000,0.0018209994
92,0,0.0016178172,0.0000000000,0.0007094574
94,0,0.0035719078,0.0000000000,0.0048615546
95,0,0.0014382881,0.0000000000,0.0010441551
96,0,0.0081930204,0.0000000000,0.0021912979
97,0,0.0009419706,0.0000000000,0.0016234376
99,0,0.0004929829,0.0000000000,0.0010799011
100,0,0.0129855029,0.0000000000,0.0021517456
103,0,0.0071458413,0.0000000000,0.0008966450
104,0,0.0009816404,0.0000000000,0.0214434285
105,0,0.0044016274,0.0000000000,0.0005616926
106,0,0.0007768238,0.0000000000,0.0008187048
107,0,0.0201600734,0.0133333333,0.0148598794
108,0,0.0135249376,0.0000000000,0.0022631914
110,0,0.0023435058,0.0000000000,0.0021922167
111,0,0.0027148842,0.0000000000,0.0021839766
112,0,0.0058574719,0.0000000000,0.0006507045
113,0,0.0025008765,0.0000000000,0.0006588619
114,0,0.0037602510,0.0000000000,0.0012665843
115,0,0.0027413896,0.0000000000,0.0083387317
116,0,0.0125913769,0.0000000000,0.0207331385
117,0,0.0021365113,0.0000000000,0.0016875858
118,0,0.0030689565,0.0000000000,0.0026101500
119,0,0.0014936751,0.0000000000,0.0019709226
122,0,0.0180113471,0.0000000000,0.0009705085
123,0,0.0154072968,0.0100000000,0.0099880435
124,0,0.0312276192,0.0000000000,0.0008101596
125,0,0.0053181421,0.0000000000,0.0018179113
126,0,0.0019472135,0.0000000000,0.0007857513
127,0,0.2412076316,0.0366666667,0.2725819051
128,0,0.0177764779,0.0000000000,0.0074491240
131,0,0.0096562600,0.0033333333,0.0031168747
135,0,0.0829006890,0.0033333333,0.0246135630
136,0,0.0029187076,0.0033333333,0.0019190129
138,0,0.0589148408,0.0100000000,0.0186222680
139,0,0.0450508456,0.0066666667,0.0109826997
140,0,0.0631611938,0.0000000000,0.0266162492
142,0,0.0049724859,0.0000000000,0.0022814537
143,0,0.0083678575,0.0000000000,0.0013563940
145,0,0.0052459204,0.0033333333,0.0027903905
146,0,0.0027639523,0.0000000000,0.0033666380
147,0,0.0088300497,0.0000000000,0.0131043009
148,0,0.0162714341,0.0000000000,0.0063023455
150,0,0.0099272815,0.0066666667,0.0054170075
153,0,0.0366095270,0.0000000000,0.0015002241
154,0,0.0325054138,0.0033333333,0.0109453620
155,0,0.0102094213,0.0033333333,0.0091671320
156,0,0.0098086549,0.0033333333,0.0063475147
159,0,0.0176443710,0.0400000000,0.5675646663
160,0,0.1026167542,0.1266666667,0.5396455526
161,1,0.3664387095,0.7333333333,0.9930481911
162,1,0.2053370073,0.3666666667,0.8738048673
163,0,0.0009173414,0.0000000000,0.0008749319
165,0,0.0013481939,0.0100000000,0.0055332934
166,0,0.0005519687,0.0000000000,0.0008426206
169,1,0.2420517392,0.1666666667,0.7094169855
171,0,0.0011134089,0.0000000000,0.0025760490
172,0,0.0262496581,0.0000000000,0.0010343874
173,0,0.0010316362,0.0000000000,0.0026587723
174,0,0.0005907541,0.0000000000,0.0003878324
175,0,0.0353709942,0.0066666667,0.0247820150
176,0,0.0017386895,0.0000000000,0.0024757395
177,0,0.0022900222,0.0000000000,0.0007882663
178,0,0.0031728120,0.0000000000,0.0023014664
179,0,0.0188722596,0.0033333333,0.0023423834
180,0,0.0036642771,0.0000000000,0.0048475945
181,0,0.0220627827,0.0066666667,0.0003994455
182,0,0.0006108539,0.0000000000,0.0007934338
183,0,0.0020383158,0.0100000000,0.0022945886
184,0,0.0031783808,0.0033333333,0.0004275601
185,0,0.0015616354,0.0000000000,0.0025452347
186,0,0.0011037975,0.0000000000,0.0046710339
187,0,0.0209694085,0.0033333333,0.0069526485
188,0,0.0018617838,0.0000000000,0.0038834105
189,0,0.0019201465,0.0000000000,0.0011302393
190,0,0.0064097142,0.0000000000,0.0008257444
191,0,0.0348866804,0.0000000000,0.0007719363
192,0,0.0052174802,0.0000000000,0.0018414670
193,0,0.0144527249,0.0000000000,0.0023895907
194,0,0.0031433352,0.0000000000,0.0021086752
195,1,0.2923662344,0.4666666667,0.9868642688
196,0,0.0050817531,0.0000000000,0.0037415670
199,0,0.0025354531,0.0000000000,0.0005063460
200,0,0.0137167046,0.0000000000,0.0181906708
201,0,0.0042977926,0.0000000000,0.0017298976
202,0,0.0157267920,0.0000000000,0.0021887305
203,0,0.0047945819,0.0000000000,0.0032754974
204,0,0.0026077263,0.0000000000,0.0012814923
206,0,0.0209734484,0.0100000000,0.0093174921
207,0,0.0054483613,0.0000000000,0.0017391349
208,1,0.2578955042,0.1533333333,0.1655099094
209,0,0.0068260551,0.0000000000,0.0013764054
210,0,0.0138503419,0.0000000000,0.0013195957
212,0,0.0030797554,0.0000000000,0.0026789401
214,0,0.0068933996,0.0033333333,0.0165928826
217,0,0.0045911382,0.0000000000,0.0014779093
218,0,0.0048671130,0.0066666667,0.0017917688
219,0,0.0024543471,0.0000000000,0.0095239524
220,0,0.0121246945,0.0033333333,0.0111286649
221,0,0.0903490272,0.0133333333,0.0121073471
223,0,0.0040182095,0.0033333333,0.0048093442
224,0,0.0040355563,0.0000000000,0.0011801583
225,0,0.0010788076,0.0000000000,0.0072966791
226,0,0.0912000963,0.0133333333,0.0078855837
227,0,0.0173180977,0.0033333333,0.0082306890
228,0,0.0059705514,0.0000000000,0.0092890011
229,0,0.0117702778,0.0000000000,0.0009518869
230,0,0.0020423533,0.0000000000,0.0021517875
231,0,0.0056128435,0.0000000000,0.0017979309
232,0,0.0097281994,0.0000000000,0.0012961198
236,0,0.0111797366,0.0066666667,0.0038109061
237,0,0.0091596688,0.0000000000,0.0023909858
238,0,0.0040502316,0.0000000000,0.0012216188
239,0,0.0625305675,0.0200000000,0.0219313242
240,0,0.0047901162,0.0000000000,0.0033444469
242,0,0.0066823207,0.0033333333,0.0037759782
244,0,0.0308584723,0.0366666667,0.1133089364
248,0,0.0524836375,0.1433333333,0.5354177356
251,0,0.0010201539,0.0033333333,0.0007661544
252,0,0.0009830066,0.0100000000,0.0006437641
254,0,0.0023549638,0.0033333333,0.0066867480
256,0,0.0017483503,0.0066666667,0.0007378110
257,0,0.0796643755,0.0766666667,0.4942524731
258,0,0.0002687866,0.0100000000,0.0007002341
259,0,0.0009334888,0.0000000000,0.0010154640
260,1,0.1830954934,0.3933333333,0.7340285182
261,0,0.0150979568,0.0000000000,0.0015172145
263,0,0.0004103744,0.0000000000,0.0007795570
264,0,0.0003429762,0.0000000000,0.0009198411
265,0,0.0046301326,0.0000000000,0.0047036489
266,0,0.0005819896,0.0000000000,0.0028905072
267,0,0.0015017749,0.0133333333,0.0037862095
269,0,0.0006193488,0.0033333333,0.0005883682
270,0,0.0012360046,0.0000000000,0.0007824010
271,0,0.0015322950,0.0000000000,0.0005996390
272,0,0.0012971826,0.0000000000,0.0016795052
276,0,0.0471561012,0.0133333333,0.0045909360
277,0,0.0007921022,0.0000000000,0.0007639014
278,0,0.0280503072,0.0000000000,0.0008048445
279,0,0.0004266469,0.0000000000,0.0008855686
280,0,0.0015881700,0.0033333333,0.0023923011
281,0,0.0031810860,0.0000000000,0.0004407713
283,0,0.0099948628,0.0066666667,0.0027792223
285,0,0.0062012509,0.0000000000,0.0018692341
286,0,0.0033140144,0.0000000000,0.0023247413
287,0,0.0020760467,0.0000000000,0.0021090875
289,0,0.0009358992,0.0000000000,0.0034323740
291,0,0.0099328077,0.0066666667,0.0186546296
292,0,0.0064043718,0.0000000000,0.0006440342
293,0,0.0007476890,0.0000000000,0.0024832261
296,0,0.0027106297,0.0000000000,0.0007966419
297,0,0.0077306490,0.0133333333,0.0047795731
299,0,0.0079214172,0.0033333333,0.0015203109
300,0,0.0014724844,0.0000000000,0.0013013037
301,0,0.0130824204,0.0000000000,0.0008388390
302,0,0.0024016962,0.0000000000,0.0007065907
303,0,0.0006472169,0.0000000000,0.0016215236
304,0,0.0066523792,0.0000000000,0.0004047037
305,0,0.0027699323,0.0000000000,0.0034145422
306,0,0.0254707150,0.0066666667,0.0050471332
308,0,0.0042388762,0.0033333333,0.0008198653
309,0,0.0049794264,0.0033333333,0.0051014130
310,0,0.0019585743,0.0000000000,0.0012133117
311,0,0.0083991669,0.0000000000,0.0006321233
312,0,0.0077851988,0.0000000000,0.0027517355
313,0,0.0017913148,0.0000000000,0.0020707480
316,0,0.0646382516,0.0033333333,0.0003952846
317,0,0.0187695448,0.0000000000,0.0004244781
318,0,0.0029673185,0.0266666667,0.0432072878
320,0,0.0047028600,0.0000000000,0.0017443990
321,0,0.0054777322,0.0033333333,0.0022594139
322,0,0.0019624354,0.0000000000,0.0032483635
323,0,0.0046377125,0.0000000000,0.0019287366
325,0,0.0088877282,0.0000000000,0.0003564884
327,0,0.0190834598,0.0033333333,0.0023562126
329,0,0.0036736262,0.0533333333,0.0792283416
330,0,0.0031449836,0.0200000000,0.0314647853
332,0,0.0497696097,0.0900000000,0.1759510785
333,0,0.0008471192,0.0000000000,0.0002221091
334,0,0.0005565658,0.0000000000,0.0008343243
335,0,0.0015253543,0.0000000000,0.0005445669
336,0,0.0003451456,0.0000000000,0.0006690995
337,0,0.0009957110,0.0000000000,0.0019288742
338,0,0.0004600960,0.0000000000,0.0003048849
339,0,0.0013246395,0.0000000000,0.0005146509
340,0,0.0009221351,0.0000000000,0.0004283560
341,0,0.0005369485,0.0000000000,0.0007124541
342,0,0.0001053020,0.0000000000,0.0016096025
344,0,0.0026137175,0.0000000000,0.0021393988
345,0,0.0269236242,0.0833333333,0.9332370162
346,0,0.0005374392,0.0000000000,0.0008919218
347,0,0.0018646501,0.0066666667,0.0027360895
348,0,0.0024184631,0.0000000000,0.0006547581
349,0,0.0006488031,0.0000000000,0.0008760117
350,0,0.0007819139,0.0000000000,0.0003822777
351,0,0.0008030417,0.0000000000,0.0010660493
353,0,0.0044149734,0.0000000000,0.0005441723
356,0,0.0036523017,0.0000000000,0.0005507402
358,0,0.0004761039,0.0000000000,0.0006106258
360,0,0.0006153441,0.0000000000,0.0002122064
361,0,0.0008802218,0.0000000000,0.0003236160
362,0,0.0028619045,0.0000000000,0.0008305463
363,0,0.0004614033,0.0000000000,0.0003699681
364,0,0.0100569433,0.0166666667,0.0136988806
365,0,0.0530830739,0.0066666667,0.0025035334
367,0,0.0031329727,0.0000000000,0.0004927957
368,0,0.0016987057,0.0000000000,0.0011661113
369,0,0.0019950663,0.0000000000,0.0004729471
370,0,0.0009261201,0.0000000000,0.0007516813
371,0,0.0033685705,0.0000000000,0.0010886069
372,0,0.0053952008,0.0000000000,0.0005873263
374,0,0.0018947959,0.0000000000,0.0012387271
380,0,0.0017292034,0.0000000000,0.0022109540
382,0,0.0065272397,0.0000000000,0.0005191218
383,0,0.0049959718,0.0000000000,0.0030391612
386,0,0.0037968265,0.0000000000,0.0015010042
388,0,0.0660312882,0.0400000000,0.0121989409
390,0,0.0555051220,0.0133333333,0.0019118986
391,0,0.0163946082,0.0000000000,0.0010986950
393,0,0.0049360293,0.0000000000,0.0003251425
394,0,0.0187988563,0.0000000000,0.0015680232
395,0,0.0071082741,0.0000000000,0.0005324921
396,0,0.0065991218,0.0000000000,0.0020425897
397,0,0.0123291693,0.0000000000,0.0004205487
398,0,0.0036117875,0.0233333333,0.0026556903
400,0,0.0299700793,0.0033333333,0.0019552473
401,0,0.0089046375,0.0033333333,0.0054224078
402,0,0.0064268102,0.0000000000,0.0031091459
403,0,0.0051593660,0.0000000000,0.0018847919
404,0,0.0960913511,0.1333333333,0.0818124637
408,0,0.0306814450,0.0000000000,0.0006246408
409,0,0.0065717283,0.0000000000,0.0012685559
411,0,0.0134222014,0.0000000000,0.0013676318
412,0,0.0107184597,0.0100000000,0.0033340806
415,0,0.0031919464,0.0600000000,0.1312070638
416,0,0.0246481701,0.0233333333,0.0600330830
417,0,0.0039326275,0.1533333333,0.4704532027
423,0,0.0057818072,0.0033333333,0.0070645744
424,0,0.0020150917,0.0000000000,0.0005257304
425,0,0.0015751251,0.0000000000,0.0028209423
426,0,0.0001254137,0.0166666667,0.0010375555
428,0,0.0009692047,0.0000000000,0.0002364239
429,0,0.0006157971,0.0000000000,0.0001548221
430,0,0.0129801891,0.0533333333,0.0193487462
431,0,0.0013519904,0.0000000000,0.0002460702
433,0,0.0003820402,0.0000000000,0.0005136475
435,0,0.0020478625,0.0000000000,0.0006437476
436,0,0.0018972598,0.0000000000,0.0007805817
437,0,0.0004799502,0.0000000000,0.0005624873
438,0,0.0011561043,0.0000000000,0.0004684475
440,0,0.0002571527,0.0000000000,0.0003590293
441,0,0.0002569504,0.0000000000,0.0008916185
442,0,0.0012112026,0.0000000000,0.0020397864
444,0,0.0019374754,0.0100000000,0.0013008236
445,0,0.0017792296,0.0000000000,0.0006847712
446,0,0.0011506652,0.0000000000,0.0004424173
448,0,0.0444933788,0.0633333333,0.0171292555
449,0,0.0115505043,0.0000000000,0.0006575903
450,0,0.0041461505,0.0000000000,0.0008066964
451,0,0.0006899196,0.0033333333,0.0007819154
452,0,0.0023746157,0.0100000000,0.0044183657
453,0,0.0004767425,0.0000000000,0.0006431196
454,0,0.0007506709,0.0000000000,0.0006062193
455,0,0.0075333004,0.0000000000,0.0006556801
457,0,0.0054858469,0.0000000000,0.0005314347
458,0,0.0072144033,0.0000000000,0.0026588028
459,0,0.0036551921,0.0000000000,0.0002982185
461,0,0.0006987434,0.0000000000,0.0007942459
462,0,0.0008175977,0.0000000000,0.0025785964
463,0,0.0028689801,0.0000000000,0.0019752297
464,1,0.4334569563,0.7233333333,0.9473663568
466,0,0.0020640471,0.0000000000,0.0002741780
467,0,0.0078122405,0.0000000000,0.0004102970
468,0,0.0093954447,0.0100000000,0.0039421963
469,0,0.0010369378,0.0000000000,0.0004384646
470,0,0.0005055916,0.0000000000,0.0001440490
472,0,0.0008692441,0.0000000000,0.0016291747
474,0,0.0006847808,0.0000000000,0.0010142004
476,0,0.0010355190,0.0000000000,0.0031117762
478,0,0.0015609937,0.0000000000,0.0001428662
479,0,0.0015019009,0.0000000000,0.0018802519
480,0,0.0232709205,0.0000000000,0.0089713000
482,0,0.0023811126,0.0000000000,0.0007321237
484,0,0.0517142525,0.0400000000,0.0081421500
485,0,0.0014675732,0.0000000000,0.0003533198
486,0,0.0015391175,0.0200000000,0.0008655346
487,0,0.0019801054,0.0100000000,0.0005804842
488,0,0.0004304551,0.0000000000,0.0011852488
489,0,0.0231320131,0.0000000000,0.0003452846
490,0,0.0309077775,0.0033333333,0.0148962568
491,0,0.0014658668,0.0000000000,0.0017903493
493,0,0.0041089885,0.0033333333,0.0025361159
494,0,0.0023342528,0.0000000000,0.0008248074
495,0,0.0099483139,0.0800000000,0.0994542614
496,0,0.0263073047,0.0066666667,0.0013587601
497,0,0.0030732241,0.0100000000,0.0243117642
500,0,0.0029127366,0.0533333333,0.1092646718
502,0,0.0137322820,0.0233333333,0.0413591228
503,0,0.0051556236,0.1033333333,0.0644944236
504,0,0.0010681208,0.0000000000,0.0016384607
506,0,0.0004412989,0.0000000000,0.0003798007
507,0,0.0001757683,0.0000000000,0.0004045255
508,0,0.0012434535,0.0033333333,0.0021766247
509,0,0.0007377064,0.0000000000,0.0006134312
510,0,0.0001462616,0.0033333333,0.0004349608
511,0,0.0004622134,0.0000000000,0.0004327824
512,0,0.0003782202,0.0000000000,0.0006404867
513,0,0.0008794949,0.0000000000,0.0045567583
514,0,0.0001902704,0.0000000000,0.0018406863
515,0,0.0004205562,0.0033333333,0.0006039379
517,0,0.0005470205,0.0000000000,0.0005543042
518,0,0.0159249700,0.0166666667,0.0093538929
520,0,0.0007299862,0.0000000000,0.0021353939
522,0,0.0002326622,0.0000000000,0.0005565860
523,0,0.0004967852,0.0000000000,0.0007616949
524,0,0.0009589688,0.0033333333,0.0017456164
525,0,0.0007698859,0.0000000000,0.0005620198
526,0,0.0020164842,0.0000000000,0.0012717745
527,0,0.0036787831,0.0033333333,0.0058646183
528,0,0.0003861149,0.0000000000,0.0001684662
530,0,0.0006748707,0.0000000000,0.0008845208
532,0,0.0004293885,0.0000000000,0.0011761452
533,0,0.0020105336,0.0000000000,0.0030770341
534,0,0.0004612821,0.0000000000,0.0017354202
535,0,0.0007540115,0.0000000000,0.0005340335
536,0,0.0023799133,0.0000000000,0.0006275914
537,0,0.0003390301,0.0000000000,0.0008652964
541,0,0.0039388508,0.0000000000,0.0005568739
544,0,0.0005120364,0.0000000000,0.0004861743
545,0,0.0008452430,0.0000000000,0.0003525144
547,0,0.0007733909,0.0000000000,0.0013304853
548,0,0.0005931882,0.0000000000,0.0002605215
549,0,0.0087768708,0.0000000000,0.0139745101
550,0,0.0010257291,0.0033333333,0.0015062462
551,0,0.0010654961,0.0000000000,0.0007391354
552,0,0.0063476306,0.0033333333,0.0045031100
555,0,0.0009306788,0.0000000000,0.0038793117
557,0,0.0074630423,0.0000000000,0.0017888484
560,0,0.0026870603,0.0000000000,0.0005703002
561,0,0.0395303526,0.0066666667,0.0236046296
564,0,0.0011863132,0.0000000000,0.0003564459
565,0,0.0009735786,0.0000000000,0.0001113427
566,0,0.0009771198,0.0033333333,0.0006541674
567,0,0.0003079667,0.0000000000,0.0011365203
568,0,0.0009806058,0.0000000000,0.0053292122
570,0,0.0015770655,0.0000000000,0.0007492390
571,0,0.0041118670,0.0000000000,0.0011139775
572,0,0.0004992682,0.0100000000,0.0019277309
574,0,0.0135148740,0.0000000000,0.0012708597
575,0,0.0010842091,0.0100000000,0.0031420609
578,0,0.0062864877,0.0000000000,0.0033014729
580,0,0.0026461760,0.0066666667,0.0022631148
581,0,0.0023429687,0.0066666667,0.0214712471
582,0,0.0028375778,0.0400000000,0.0899392739
583,0,0.0106040845,0.2733333333,0.7061436772
584,0,0.0034320621,0.0166666667,0.0356070511
585,0,0.0115191495,0.1033333333,0.2350097150
588,0,0.0018930029,0.1300000000,0.3101916313
591,0,0.0035199607,0.0366666667,0.1961189955
594,0,0.0005712565,0.0266666667,0.0036617978
595,0,0.0002641368,0.0066666667,0.0024366642
596,0,0.0011271996,0.0100000000,0.0035351100
597,0,0.0001382966,0.0000000000,0.0001356075
600,0,0.0000795911,0.0000000000,0.0007019733
602,0,0.0032208976,0.0400000000,0.0144172972
603,0,0.0009419782,0.0000000000,0.0007338498
604,1,0.3082426298,0.5233333333,0.9853476286
605,0,0.0001387862,0.0000000000,0.0019180111
606,0,0.0001846532,0.0000000000,0.0007472172
607,0,0.0063144445,0.0000000000,0.0002995169
608,0,0.0001575030,0.0033333333,0.0013530775
609,0,0.0019187550,0.0100000000,0.0174286794
610,0,0.0003559164,0.0000000000,0.0007041063
611,0,0.0001996917,0.0000000000,0.0009843478
613,0,0.0002632944,0.0000000000,0.0016025177
614,0,0.0002569683,0.0000000000,0.0021239200
615,0,0.0010105544,0.0500000000,0.0154872807
617,0,0.0001826876,0.0133333333,0.0073419572
618,0,0.0003067197,0.0000000000,0.0009836251
620,0,0.0043331171,0.0000000000,0.0008745085
621,0,0.0025280815,0.0000000000,0.0020315894
622,0,0.0017839326,0.0266666667,0.0217169262
623,0,0.0009252082,0.0000000000,0.0009837248
624,0,0.0021617489,0.0033333333,0.0059588198
626,0,0.0008157585,0.0000000000,0.0005673806
628,0,0.0017343809,0.0033333333,0.0088129789
630,0,0.0096451119,0.0033333333,0.0058280048
631,0,0.0085166300,0.0000000000,0.0019089926
632,0,0.0016138505,0.0000000000,0.0028172533
634,0,0.0028167272,0.0033333333,0.0124501465
635,0,0.0033001338,0.0000000000,0.0015177600
636,0,0.0011653356,0.0000000000,0.0006180236
637,0,0.0042768818,0.0000000000,0.0004615990
639,0,0.0014215325,0.0000000000,0.0003471161
640,0,0.0147404469,0.0000000000,0.0049399678
641,0,0.0012292324,0.0000000000,0.0003331635
642,0,0.0057551759,0.0000000000,0.0031576124
643,0,0.0076465908,0.0066666667,0.0028823197
644,0,0.0005481214,0.0000000000,0.0005689798
645,0,0.0002846255,0.0000000000,0.0013159567
646,0,0.0022312700,0.0000000000,0.0011904616
647,0,0.0032816920,0.0000000000,0.0002504751
652,0,0.0032792576,0.0000000000,0.0003620245
655,0,0.0034717059,0.0000000000,0.0006266727
656,0,0.0015028548,0.0033333333,0.0017941523
658,0,0.1194432063,0.0233333333,0.0243003126
659,0,0.0049114541,0.0000000000,0.0003296901
660,0,0.0364113582,0.0000000000,0.0004878399
661,0,0.0011338607,0.0366666667,0.0010638224
662,0,0.0040602908,0.0000000000,0.0017440459
663,0,0.0015969192,0.0000000000,0.0011049875
666,0,0.0040029915,0.0000000000,0.0013213407
667,0,0.0098807973,0.0000000000,0.0009812163
669,0,0.0010109516,0.0000000000,0.0012086465
671,0,0.0043382886,0.0033333333,0.0013003406
672,0,0.0041584631,0.0166666667,0.0219589267
673,0,0.0049251838,0.0000000000,0.0192853361
674,0,0.0335665108,0.1366666667,0.2446896732
675,0,0.0005352512,0.0000000000,0.0002438682
676,0,0.0006975497,0.0000000000,0.0029411719
677,0,0.0001083564,0.0033333333,0.0000599201
679,0,0.0131549072,0.1100000000,0.1140902415
681,0,0.0003306109,0.0000000000,0.0005189817
683,0,0.0016997475,0.0033333333,0.0015932317
684,0,0.0009246265,0.0000000000,0.0003704434
687,0,0.0006364859,0.0000000000,0.0001427029
688,0,0.0014712820,0.0000000000,0.0002420075
689,0,0.0001579498,0.0000000000,0.0005378390
691,0,0.0002009548,0.0000000000,0.0007055750
692,0,0.0021048617,0.0000000000,0.0002936250
693,0,0.0016112268,0.0000000000,0.0002649682
694,0,0.0006208884,0.0000000000,0.0003277664
695,0,0.0056058024,0.0033333333,0.0019487733
696,0,0.0050524307,0.0000000000,0.0005569726
697,0,0.0004048891,0.0000000000,0.0004389208
698,0,0.0004807469,0.0000000000,0.0005080669
699,0,0.0027523629,0.0000000000,0.0005091170
700,0,0.0002404124,0.0000000000,0.0006805355
701,0,0.0007238383,0.0000000000,0.0005169137
702,0,0.0023118516,0.0000000000,0.0004452547
703,0,0.0118303208,0.0000000000,0.0003841498
706,0,0.0012337413,0.0000000000,0.0003120902
709,0,0.0019535102,0.0000000000,0.0024819802
710,0,0.0035424600,0.0000000000,0.0019940264
711,0,0.0004504710,0.0000000000,0.0004813686
712,0,0.0070779336,0.0000000000,0.0034078020
713,0,0.0007721384,0.0000000000,0.0004503933
714,0,0.0071773349,0.0000000000,0.0030148563
715,0,0.0032179966,0.0000000000,0.0007312751
719,0,0.0015215353,0.0000000000,0.0002517749
720,0,0.1896739994,0.0300000000,0.0132621890
723,0,0.0050441063,0.0000000000,0.0026039938
724,0,0.0095657524,0.0000000000,0.0005862313
725,0,0.0034491642,0.0033333333,0.0023859423
727,0,0.0039732068,0.0000000000,0.0002923565
728,0,0.0009127369,0.0000000000,0.0007500194
729,0,0.0172184379,0.0000000000,0.0006263771
730,0,0.0052138117,0.0000000000,0.0016964201
731,0,0.0296747162,0.0000000000,0.0004656971
732,0,0.0271463296,0.0000000000,0.0032921655
734,0,0.0018395750,0.0066666667,0.0010870700
737,0,0.0050535925,0.0000000000,0.0007177007
738,0,0.0013812190,0.0100000000,0.0006206361
739,0,0.0217224728,0.0000000000,0.0015435155
740,0,0.0022665536,0.0066666667,0.0032994777
741,0,0.0071856168,0.0000000000,0.0023194354
742,0,0.0046956041,0.0033333333,0.0042797588
743,0,0.0089015342,0.0000000000,0.0012249086
744,0,0.0471969517,0.2333333333,0.4164764881
746,0,0.0609631292,0.0133333333,0.0104083484
747,1,0.1895296917,0.5600000000,0.9780561924
749,0,0.0227623579,0.0133333333,0.0098280516
750,0,0.0111742817,0.1066666667,0.1759878397
751,0,0.0048889633,0.0566666667,0.4261977077
752,0,0.0028098712,0.0466666667,0.0790933892
753,0,0.0359001722,0.1300000000,0.4720344841
754,0,0.0140687819,0.0566666667,0.2404732704
756,0,0.0104889257,0.0333333333,0.0139581906
757,0,0.0288831561,0.0400000000,0.0807951391
758,0,0.0032462998,0.0366666667,0.1318704188
759,0,0.0162131594,0.0633333333,0.0229110885
760,0,0.0022697292,0.0733333333,0.0923116207
761,0,0.0105749362,0.0533333333,0.0563478805
762,0,0.0136895953,0.0900000000,0.1562623531
763,0,0.0082375677,0.0833333333,0.0171671081
764,0,0.0019889608,0.0133333333,0.0082686376
765,0,0.0095313111,0.0066666667,0.0081464406
766,0,0.0034536405,0.0033333333,0.0080361180
767,0,0.0008652067,0.0000000000,0.0008890603
768,0,0.0001304306,0.0000000000,0.0024322371
770,0,0.0004002723,0.0000000000,0.0017344673
771,0,0.0106647993,0.0000000000,0.0043379539
772,0,0.0070839551,0.0166666667,0.0141456630
773,0,0.0053292469,0.0000000000,0.0017669742
775,0,0.0055041873,0.0000000000,0.0034483219
776,0,0.0033256152,0.0000000000,0.0039316686
777,0,0.0004865172,0.0000000000,0.0006727191
778,0,0.0019833909,0.0000000000,0.0056599053
779,0,0.0002241838,0.0000000000,0.0004607893
781,0,0.0037374669,0.0000000000,0.0013455695
782,0,0.0004051819,0.0000000000,0.0006930924
783,0,0.0010133273,0.0000000000,0.0009642131
784,0,0.0002302443,0.0066666667,0.0013069609
785,0,0.0007580808,0.0000000000,0.0017710001
786,0,0.0027182913,0.0000000000,0.0013635461
791,0,0.0028770914,0.0000000000,0.0072406428
793,0,0.0009097629,0.0000000000,0.0026283993
794,0,0.0008007478,0.0000000000,0.0005289632
796,0,0.0027825624,0.0000000000,0.0007370074
797,0,0.0014430671,0.0100000000,0.0067445519
799,0,0.0007388313,0.0000000000,0.0011744676
802,0,0.0060586167,0.0066666667,0.0023887600
803,0,0.0015229542,0.0000000000,0.0063313064
805,0,0.0015083499,0.0000000000,0.0071104360
806,0,0.0050930386,0.0000000000,0.0024589286
807,0,0.0239992583,0.0133333333,0.0045202817
809,0,0.0036816658,0.0000000000,0.0023559390
810,0,0.0104454384,0.0033333333,0.0073046861
814,0,0.0044462126,0.0000000000,0.0013531774
815,0,0.0094457035,0.0000000000,0.0010805792
816,0,0.0012613508,0.0000000000,0.0006093096
817,0,0.0199569218,0.0000000000,0.0026861287
818,0,0.0277483544,0.0033333333,0.0078175720
819,0,0.0055984487,0.0200000000,0.0037738197
820,0,0.0085221257,0.0033333333,0.0056277374
821,0,0.0024511437,0.0000000000,0.0044907224
822,0,0.0055228189,0.0033333333,0.0012625152
823,0,0.0013058967,0.0000000000,0.0037998073
825,0,0.0062616920,0.0000000000,0.0018497435
827,0,0.0033560701,0.0000000000,0.0008814750
828,0,0.0093057262,0.0000000000,0.0010993473
829,0,0.0061454882,0.0000000000,0.0070742844
830,0,0.0029698998,0.0000000000,0.0060270145
831,0,0.0084701597,0.0000000000,0.0019724756
832,0,0.0144906629,0.0000000000,0.0007936441
833,0,0.0060197125,0.0000000000,0.0041582240
835,0,0.0078291885,0.0033333333,0.0021888597
836,0,0.0005847120,0.0000000000,0.0054965108
837,0,0.0069345504,0.0000000000,0.0249578804
838,0,0.0422149298,0.0000000000,0.0033376841
840,0,0.0271620479,0.0033333333,0.0008763995
846,0,0.0063844822,0.0966666667,0.3019447327
848,1,0.7932612085,0.4233333333,0.8888835311
849,0,0.0333547163,0.0733333333,0.0632659346
850,0,0.0002651471,0.0033333333,0.0027970313
852,0,0.0012437513,0.0200000000,0.0037698436
854,0,0.0046425722,0.0000000000,0.0033818667
855,0,0.0007258422,0.0000000000,0.0003775296
856,0,0.0001811686,0.0166666667,0.0025404778
858,0,0.0036676697,0.0300000000,0.0039298930
859,0,0.0003492165,0.0000000000,0.0011938700
860,0,0.0010510743,0.0000000000,0.0014660626
862,0,0.0014479260,0.0000000000,0.0070677726
863,0,0.0003181002,0.0000000000,0.0017460354
864,0,0.0016097042,0.0000000000,0.0010513008
865,0,0.0029660904,0.0000000000,0.0023958702
868,0,0.0003539943,0.0000000000,0.0022408520
869,0,0.0006526420,0.0000000000,0.0035558881
870,0,0.0036050193,0.0033333333,0.0049749161
873,0,0.0042396551,0.0200000000,0.0044238353
877,0,0.0024220750,0.0000000000,0.0099155558
878,0,0.0006702556,0.0000000000,0.0028090829
879,0,0.0028308299,0.0066666667,0.0027121310
880,0,0.0200719864,0.0000000000,0.0125138592
881,1,0.5862822901,0.3800000000,0.8522499800
883,0,0.0005161772,0.0000000000,0.0023407727
884,0,0.0004930689,0.0000000000,0.0032000763
886,0,0.0239654415,0.0033333333,0.0082349991
887,0,0.0022426100,0.0100000000,0.0017522664
888,0,0.0047794149,0.0000000000,0.0019340577
890,0,0.0054229077,0.0033333333,0.0079210130
891,0,0.0257658682,0.0000000000,0.0127409585
892,0,0.0124225663,0.0000000000,0.0070255641
893,0,0.0338667521,0.0033333333,0.0094454577
894,0,0.0018891755,0.0000000000,0.0017162478
895,0,0.0166201530,0.0000000000,0.0069063785
899,0,0.0319126194,0.0066666667,0.0088752219
901,0,0.0025921763,0.0100000000,0.0031986390
902,0,0.0629019891,0.0700000000,0.0718486607
903,0,0.0148067572,0.0000000000,0.0123043554
904,1,0.0302827374,0.0566666667,0.0108901886
906,0,0.0062546227,0.0000000000,0.0012507895
907,0,0.0203425689,0.0000000000,0.0020453287
908,0,0.0015894456,0.0033333333,0.0083424114
909,0,0.0018648362,0.0000000000,0.0011642505
910,0,0.0030099151,0.0000000000,0.0043801758
911,0,0.0043478222,0.0000000000,0.0132060340
912,0,0.0084825045,0.0000000000,0.0011638891
913,0,0.0175925908,0.0000000000,0.0035844031
916,0,0.0028297307,0.0000000000,0.0046215313
918,0,0.1256425457,0.0000000000,0.0090859514
919,0,0.0018050393,0.0033333333,0.0038343389
920,0,0.0677592141,0.0133333333,0.0154486569
921,0,0.0298687652,0.0000000000,0.0019999917
924,0,0.0155303093,0.0300000000,0.0990407690
926,0,0.0021463070,0.2200000000,0.2658513188
928,0,0.0041217172,0.0133333333,0.0049826382
930,0,0.0083521014,0.0033333333,0.0053181094
931,0,0.0027006966,0.0000000000,0.0028229323
932,0,0.0005524150,0.0033333333,0.0008077407
933,0,0.0042818034,0.0000000000,0.0061051613
934,0,0.0014513931,0.0033333333,0.0021886316
935,0,0.0016917746,0.0300000000,0.0036645443
936,0,0.0010883355,0.0000000000,0.0009935986
937,0,0.0012041046,0.0033333333,0.0021846397
938,0,0.0337069110,0.0666666667,0.1978430748
939,0,0.0008030687,0.0033333333,0.0018624106
943,0,0.0016341102,0.0000000000,0.0005877138
945,0,0.0003867385,0.0000000000,0.0007731307
947,0,0.0084061424,0.0066666667,0.0033824809
949,0,0.0017332675,0.0000000000,0.0056472155
950,0,0.0011019089,0.0000000000,0.0013945784
951,0,0.0011975223,0.0000000000,0.0022897155
953,0,0.0109870701,0.0000000000,0.0015835238
954,0,0.0013933563,0.0000000000,0.0017382477
955,0,0.0007121704,0.0000000000,0.0021079448
956,0,0.0009496187,0.0000000000,0.0014925885
958,0,0.0003783485,0.0000000000,0.0019870752
961,0,0.0020021535,0.0000000000,0.0027341258
962,0,0.0024067641,0.0033333333,0.0006697656
964,0,0.0009717367,0.0033333333,0.0034066052
965,0,0.0008487929,0.0000000000,0.0038698872
966,0,0.0163188243,0.0000000000,0.0011687096
968,0,0.0016375661,0.0000000000,0.0004983491
969,0,0.0063100961,0.0000000000,0.0015720131
970,0,0.0014387994,0.0033333333,0.0018990880
971,0,0.0017827317,0.0000000000,0.0027464372
972,0,0.0082030283,0.0000000000,0.0010366974
973,0,0.0041949642,0.0000000000,0.0043928786
976,0,0.0043269814,0.0000000000,0.0022715556
981,0,0.0035933324,0.0000000000,0.0015711857
982,0,0.0022895104,0.0000000000,0.0010097870
984,0,0.0016684889,0.0000000000,0.0038700011
988,0,0.0008625714,0.0000000000,0.0070901215
989,0,0.0013613396,0.0000000000,0.0056250030
991,0,0.0198512172,0.0000000000,0.0072799050
993,0,0.0083626015,0.0033333333,0.0023568561
994,0,0.0008660834,0.0033333333,0.0008494310
995,0,0.0520816725,0.2700000000,0.4024641514
996,0,0.0037056302,0.0000000000,0.0015722257
997,0,0.0083947679,0.0866666667,0.0029785961
999,0,0.0091062060,0.0000000000,0.0050677750
1000,0,0.0029345902,0.0000000000,0.0065196482
1001,0,0.0029612550,0.0000000000,0.0116245747
1002,0,0.0093528194,0.0000000000,0.0046152994
1003,0,0.0133644948,0.0000000000,0.0048424904
1005,0,0.0029152604,0.0166666667,0.0051471237
1006,0,0.0504481766,0.1400000000,0.1309956461
1007,0,0.1076163178,0.2633333333,0.6883367300
1009,0,0.0007148835,0.0000000000,0.0027420865
1013,0,0.0001265378,0.0000000000,0.0030399284
1014,0,0.0000924587,0.0000000000,0.0026008699
1015,0,0.0008603985,0.0033333333,0.0030391105
1016,0,0.0005175900,0.0000000000,0.0025879522
1017,1,0.1291949180,0.4866666667,0.9944139719
1018,0,0.0005524661,0.0000000000,0.0026275769
1019,0,0.0158206518,0.0166666667,0.0165048242
1021,0,0.0260199640,0.0033333333,0.0229014624
1022,0,0.0007498666,0.0033333333,0.0006668361
1023,0,0.0004236006,0.0000000000,0.0007076848
1024,0,0.0012238926,0.0000000000,0.0082922066
1026,0,0.0003553649,0.0000000000,0.0010963326
1027,0,0.0004742712,0.0000000000,0.0010904139
1028,0,0.0018393338,0.0166666667,0.0022856211
1030,0,0.0001463820,0.0000000000,0.0004603921
1031,0,0.0008648077,0.0000000000,0.0009055867
1034,0,0.0007190584,0.0033333333,0.0005559460
1035,0,0.0006018677,0.0000000000,0.0063813515
1042,0,0.0010790223,0.0000000000,0.0016789162
1043,0,0.0016600568,0.0000000000,0.0019240039
1045,0,0.0058397312,0.0000000000,0.0005040010
1047,0,0.0025193804,0.0033333333,0.0058257785
1048,0,0.0328028089,0.0033333333,0.0008007338
1049,0,0.0011704753,0.0000000000,0.0005460167
1050,0,0.0027814016,0.0000000000,0.0018990880
1052,0,0.0026044967,0.0000000000,0.0059286971
1054,0,0.0004344058,0.0066666667,0.0034609064
1055,0,0.0003797914,0.0033333333,0.0014193199
1057,0,0.0056241702,0.0000000000,0.0007901054
1058,0,0.0029595151,0.0000000000,0.0034889721
1059,0,0.0010319040,0.0000000000,0.0020159418
1061,0,0.0262145518,0.0000000000,0.0016677942
1063,0,0.0092830985,0.0033333333,0.0048930524
1064,0,0.0020320970,0.0000000000,0.0005727469
1066,0,0.0009785350,0.0000000000,0.0008106375
1067,0,0.0048023091,0.0000000000,0.0007809247
1069,0,0.0111570844,0.0033333333,0.0081097167
1071,0,0.0011984924,0.0000000000,0.0056272889
1072,0,0.0254464245,0.0000000000,0.0077735307
1074,0,0.0178682739,0.0000000000,0.0058748745
1076,0,0.0209038805,0.0200000000,0.0038695030
1077,0,0.0123747499,0.0033333333,0.0028504571
1078,0,0.0041762524,0.0000000000,0.0031588825
1079,0,0.0017490474,0.0166666667,0.0036473505
1080,0,0.0046197175,0.0000000000,0.0020820810
1081,0,0.0077845270,0.0033333333,0.0052270438
1082,0,0.0115559579,0.0033333333,0.0021363380
1087,0,0.0800884986,0.0366666667,0.0860102773
1088,1,0.0025394735,0.0166666667,0.1025979146
1091,0,0.0007377499,0.0000000000,0.0007622405
1095,0,0.0007040112,0.0133333333,0.0081264069
1096,1,0.1916581737,0.6433333333,0.9817637801
1098,0,0.0017595792,0.0066666667,0.0049057966
1099,0,0.0005666381,0.0000000000,0.0004446306
1101,0,0.0003727594,0.0000000000,0.0023937011
1102,0,0.0002375694,0.0066666667,0.0005479029
1103,0,0.0132176439,0.0033333333,0.0111499317
1104,0,0.0008165336,0.0000000000,0.0015941679
1106,0,0.0002844075,0.0000000000,0.0009378417
1107,0,0.0014930533,0.0000000000,0.0007477372
1111,0,0.0044246242,0.0033333333,0.0046235938
1112,0,0.0042117068,0.0000000000,0.0058741309
1113,0,0.0118182090,0.0233333333,0.0062050926
1114,0,0.0005957557,0.0000000000,0.0006665854
1115,0,0.0005038994,0.0000000000,0.0007840400
1116,0,0.0028500782,0.0000000000,0.0047965986
1117,0,0.0008050301,0.0000000000,0.0016570425
1118,0,0.0030589316,0.0000000000,0.0009422286
1120,0,0.0629440287,0.0066666667,0.0471669585
1121,0,0.0005069980,0.0066666667,0.0017234078
1122,0,0.0014187131,0.0000000000,0.0009880550
1123,0,0.0021938169,0.0000000000,0.0012573950
1125,1,0.2359413854,0.5366666667,0.9850264192
1126,0,0.0075448536,0.0066666667,0.0018443862
1127,0,0.0019048668,0.0000000000,0.0004100384
1129,0,0.0015798098,0.0000000000,0.0006593365
1131,0,0.0062220426,0.0000000000,0.0026117866
1132,0,0.0004626054,0.0033333333,0.0033032794
1133,0,0.0701874963,0.1566666667,0.0356551036
1134,0,0.0060035705,0.0000000000,0.0039469041
1135,0,0.0128072479,0.0033333333,0.0052478649
1136,0,0.0040578480,0.0000000000,0.0006132737
1137,0,0.0042088351,0.0000000000,0.0009080553
1138,0,0.0012136741,0.0000000000,0.0009034920
1139,0,0.0029142951,0.0000000000,0.0045947577
1140,0,0.0006379875,0.0000000000,0.0018451342
1141,0,0.0017297588,0.0033333333,0.0025347809
1142,0,0.0023539139,0.0000000000,0.0030044031
1143,0,0.0048994065,0.0000000000,0.0025925152
1144,0,0.0030245871,0.0000000000,0.0019487613
1145,1,0.5643515106,0.5733333333,0.9838406444
1146,0,0.0014340724,0.0000000000,0.0023761922
1147,0,0.0151927419,0.0000000000,0.0003517483
1148,0,0.0005251821,0.0033333333,0.0020344423
1149,0,0.1325418529,0.0300000000,0.0408728942
1150,0,0.0019215751,0.0000000000,0.0011186934
1152,0,0.0089193167,0.0133333333,0.0067980434
1154,0,0.0076218160,0.0033333333,0.0044181682
1157,0,0.0015002999,0.0066666667,0.0033957567
1158,0,0.0094867387,0.0000000000,0.0013437464
1159,0,0.0299445701,0.0000000000,0.0112707531
1160,0,0.0085836971,0.0000000000,0.0014859905
1161,0,0.0028502361,0.0066666667,0.0037178986
1162,1,0.2483808893,0.5033333333,0.9743930101
1163,1,0.2258994818,0.1733333333,0.4775006473
1164,0,0.0129063167,0.1166666667,0.6252621412
1167,0,0.0020204519,0.0333333333,0.4180040061
1168,1,0.0516915122,0.3233333333,0.6504264474
1169,0,0.0090338983,0.2700000000,0.5692567825
1171,0,0.0031593892,0.0333333333,0.1147437096
1172,0,0.0062670480,0.0733333333,0.1838376522
1173,0,0.0026456989,0.1566666667,0.5351344943
1174,0,0.0061856286,0.1166666667,0.5608667135
1175,0,0.0002625170,0.0033333333,0.0030490798
1176,0,0.0005501027,0.0000000000,0.0006420054
1177,0,0.0003279622,0.0000000000,0.0011396713
1178,0,0.0011256137,0.0000000000,0.0001663784
1179,0,0.0677053392,0.0733333333,0.3989259303
1180,0,0.0007790654,0.0000000000,0.0007862722
1181,0,0.0001644690,0.0000000000,0.0004163823
1183,0,0.0031050538,0.0000000000,0.0025492313
1185,0,0.0062177361,0.0000000000,0.0007161775
1186,0,0.0048703537,0.0000000000,0.0004093930
1187,0,0.0025629262,0.0000000000,0.0014624811
1189,0,0.0045478404,0.0000000000,0.0050391033
1190,0,0.0005145370,0.0000000000,0.0013041259
1191,0,0.0009588228,0.0000000000,0.0002718927
1192,0,0.0005567519,0.0000000000,0.0002814649
1193,0,0.0008516682,0.0000000000,0.0012768813
1194,0,0.0039275294,0.0066666667,0.0032965622
1195,0,0.0018090533,0.0000000000,0.0003105936
1196,0,0.0023492481,0.0033333333,0.0024934285
1197,0,0.0001722195,0.0000000000,0.0005362705
1198,0,0.0034157523,0.0000000000,0.0022949763
1200,0,0.0008831772,0.0000000000,0.0021091588
1202,0,0.0138186285,0.0000000000,0.0007847916
1204,0,0.0022208423,0.0000000000,0.0037484909
1206,0,0.0216694647,0.0066666667,0.0081525082
1207,0,0.0047703837,0.0066666667,0.0031625198
1208,0,0.0006423346,0.0000000000,0.0006046368
1209,0,0.0056466404,0.0000000000,0.0008270177
1210,0,0.0888372868,0.3033333333,0.9154874682
1212,0,0.0025644338,0.0000000000,0.0035507760
1214,0,0.0016337274,0.0000000000,0.0025048808
1215,0,0.0017281474,0.0000000000,0.0023271823
1216,0,0.0012473993,0.0066666667,0.0023394490
1217,0,0.0046217197,0.0000000000,0.0004722074
1219,0,0.0009825554,0.0000000000,0.0008454705
1220,0,0.0004011199,0.0066666667,0.0015788543
1221,0,0.0004361438,0.0000000000,0.0010790084
1222,0,0.0035294791,0.0000000000,0.0033019120
1223,0,0.1641660352,0.0800000000,0.1053643003
1226,0,0.0021189832,0.0000000000,0.0002192302
1227,0,0.0056479212,0.0000000000,0.0009089499
1228,0,0.0029495846,0.0000000000,0.0012169749
1229,0,0.0041562635,0.0066666667,0.0004279980
1230,0,0.0183461812,0.0333333333,0.0050528762
1231,0,0.0021630776,0.0000000000,0.0029894940
1233,0,0.0018526383,0.0000000000,0.0012026345
1234,0,0.0460966752,0.0100000000,0.0042450204
1235,0,0.0638157793,0.0366666667,0.2626344562
1237,0,0.0029458253,0.0033333333,0.0017966758
1238,0,0.0010378748,0.0033333333,0.0011517127
1241,0,0.0021965972,0.0033333333,0.0010845357
1243,0,0.0145904446,0.0033333333,0.0022453887
1244,0,0.0767322148,0.0100000000,0.0067053619
1245,0,0.0036760328,0.0000000000,0.0023877646
1246,0,0.0026852493,0.0600000000,0.0891536996
1247,0,0.0024572223,0.0500000000,0.0613443404
1249,0,0.0069522180,0.0433333333,0.0997288600
1250,0,0.0022570117,0.1300000000,0.5533018708
1251,0,0.0039980202,0.1566666667,0.4175471067
1253,0,0.0286096861,0.0666666667,0.0233650133
1254,0,0.0075351489,0.0233333333,0.0058897622
1255,0,0.0010453115,0.0000000000,0.0002529228
1256,0,0.0022023190,0.0000000000,0.0014139445
1257,0,0.0003013753,0.0000000000,0.0002480813
1258,0,0.0009154940,0.0000000000,0.0002574719
1259,0,0.0050384558,0.0000000000,0.0025716997
1260,0,0.0003037828,0.0033333333,0.0013908645
1261,0,0.0001913735,0.0000000000,0.0003072371
1262,0,0.0005493880,0.0000000000,0.0002418862
1264,0,0.0314947433,0.0200000000,0.0164059941
1265,0,0.0033984096,0.0100000000,0.1134451255
1267,0,0.0007890925,0.0000000000,0.0001838159
1268,0,0.0005732908,0.0000000000,0.0006109681
1269,0,0.0040976433,0.0000000000,0.0016194808
1270,0,0.0009961466,0.0000000000,0.0002460995
1271,0,0.0629216855,0.3433333333,0.6465014219
1272,0,0.0005663730,0.0000000000,0.0008632894
1276,0,0.0011716996,0.0000000000,0.0041059656
1278,0,0.0016894430,0.0000000000,0.0085173575
1279,0,0.0170861800,0.0033333333,0.0031736679
1281,0,0.0004852683,0.0000000000,0.0025453386
1284,0,0.0018317611,0.0066666667,0.0092864865
1285,1,0.0038121532,0.0000000000,0.0035841251
1286,0,0.0020922991,0.0000000000,0.0012352025
1288,0,0.0015469458,0.0000000000,0.0066589257
1289,0,0.0075657857,0.0000000000,0.0185350776
1290,0,0.0009173936,0.0000000000,0.0008801642
1292,0,0.0005897064,0.0000000000,0.0172685236
1293,0,0.0017738554,0.0000000000,0.0033159524
1294,0,0.0006876864,0.0000000000,0.0018832093
1295,0,0.0032788493,0.0000000000,0.0044642603
1296,0,0.0585301286,0.0100000000,0.0129999593
1297,0,0.0027824366,0.0000000000,0.0045518447
1298,0,0.0031327363,0.0033333333,0.0134164728
1299,0,0.0114531530,0.0066666667,0.0290738381
1303,0,0.0189953571,0.0000000000,0.0065382086
1305,0,0.0163428303,0.0133333333,0.0838342607
1306,0,0.0019502479,0.0033333333,0.0067500006
1307,0,0.0055888567,0.0000000000,0.0019834295
1310,0,0.0023142003,0.0000000000,0.0021130785
1312,0,0.0008062900,0.0000000000,0.0025047269
1313,0,0.0076418853,0.0000000000,0.0017907993
1316,0,0.0247373161,0.0000000000,0.0051393332
1317,0,0.0024653951,0.0000000000,0.0041261134
1320,0,0.0149101475,0.0233333333,0.0232120175
1322,0,0.0442920780,0.0200000000,0.0852130875
1323,0,0.0263469089,0.0033333333,0.0140608372
1324,0,0.0374002581,0.1433333333,0.1540352702
1325,1,0.6550789982,0.2633333333,0.8730357885
1328,0,0.0063823317,0.0100000000,0.0470189862
1329,0,0.0029360115,0.0400000000,0.1710245758
1330,0,0.0020248188,0.0366666667,0.1665575355
1331,0,0.0052184636,0.0166666667,0.3357928693
1333,0,0.0071009595,0.1000000000,0.4829800427
1334,0,0.0021167015,0.0133333333,0.2683214545
1335,1,0.0257969230,0.2800000000,0.6986689568
1336,1,0.0997823619,0.8366666667,0.9907318950
1337,0,0.0051570279,0.0100000000,0.3596246839
1340,0,0.0002231131,0.0000000000,0.0007171705
1341,0,0.0005694113,0.0000000000,0.0014226544
1343,0,0.0001465960,0.0000000000,0.0006708055
1347,0,0.0002090647,0.0000000000,0.0011847973
1348,0,0.0003002873,0.0000000000,0.0018722535
1351,0,0.0025466146,0.0033333333,0.0099763051
1352,0,0.0025969607,0.0000000000,0.0004551074
1353,0,0.0002222871,0.0000000000,0.0013899879
1355,0,0.0015238506,0.0133333333,0.0507268794
1356,0,0.0012467320,0.0000000000,0.0023337100
1357,0,0.0016155279,0.0000000000,0.0017973601
1358,0,0.0035791069,0.0033333333,0.0046325866
1359,0,0.0005663344,0.0000000000,0.0006429728
1360,0,0.0055012108,0.0033333333,0.0146972667
1361,0,0.0001508942,0.0000000000,0.0002242115
1363,0,0.0019706821,0.0000000000,0.0019001502
1366,0,0.0018187529,0.0000000000,0.0019223903
1367,0,0.0198288039,0.0100000000,0.0433247089
1368,0,0.0011300947,0.0000000000,0.0027748381
1370,0,0.0009767445,0.0000000000,0.0008714832
1372,0,0.0005952397,0.0000000000,0.0012795804
1373,0,0.0037795938,0.0000000000,0.0009500984
1374,0,0.0392768731,0.0033333333,0.0384928696
1375,0,0.0012405065,0.0000000000,0.0021294714
1376,0,0.0007315351,0.0000000000,0.0008538890
1377,0,0.0001609062,0.0100000000,0.0023775753
1378,0,0.0088746691,0.0000000000,0.0028433099
1382,0,0.0011943311,0.0000000000,0.0023795338
1383,0,0.0009517412,0.0000000000,0.0010054173
1384,0,0.0029116906,0.0066666667,0.0328131653
1386,0,0.0020356434,0.0000000000,0.0022230230
1387,0,0.0016880995,0.0000000000,0.0068796030
1388,0,0.0030988417,0.0000000000,0.0038795590
1389,0,0.0067872390,0.0100000000,0.0029063453
1390,0,0.0109986010,0.0000000000,0.0015845100
1393,0,0.0094639736,0.0033333333,0.0022227385
1394,0,0.0019477724,0.0000000000,0.0048457845
1395,0,0.0191147291,0.0000000000,0.0006351855
1396,0,0.0020435056,0.0000000000,0.0043346188
1397,0,0.0029193698,0.0000000000,0.0035869004
1398,0,0.0062405263,0.0000000000,0.0029391786
1399,0,0.0208040056,0.0033333333,0.0071163396
1400,0,0.0183656157,0.0000000000,0.0023971985
1401,0,0.2077709437,0.2000000000,0.8072942495
1402,0,0.0019824023,0.0000000000,0.0077624088
1405,0,0.0077621435,0.0000000000,0.0017774868
1408,0,0.0027354110,0.0000000000,0.0032759751
1409,0,0.0432266039,0.0033333333,0.0375577211
1410,0,0.0117663718,0.0000000000,0.0018047264
1411,0,0.0954992890,0.0033333333,0.0037663567
1412,0,0.0170822320,0.0333333333,0.0333750322
1413,0,0.0575037978,0.0166666667,0.0260003284
1414,0,0.0028185848,0.0000000000,0.0056109647
1416,0,0.0040631100,0.0000000000,0.1082429737
1417,0,0.0113821720,0.1300000000,0.7560304403
1418,0,0.0089134600,0.0466666667,0.4919927418
1420,1,0.0670738281,0.5666666667,0.9519942999
1421,0,0.0009962879,0.0066666667,0.3112220764
1423,0,0.0003717468,0.0033333333,0.0044779866
1424,0,0.0001409548,0.0000000000,0.0004733367
1425,0,0.0042196171,0.0000000000,0.0030528088
1431,0,0.0022292253,0.0200000000,0.0322531350
1432,0,0.0002605579,0.0066666667,0.0110719930
1433,0,0.0008447671,0.0000000000,0.0012484257
1435,0,0.0021306013,0.0066666667,0.0400503837
1436,0,0.0008055229,0.0000000000,0.0001775925
1437,0,0.0013684781,0.0000000000,0.0002069315
1438,1,0.0008009569,0.0000000000,0.0028877971
1439,0,0.0008445811,0.0000000000,0.0031117734
1440,0,0.0004679495,0.0000000000,0.0016384756
1441,0,0.0004315970,0.0000000000,0.0014417822
1442,0,0.0015693556,0.0000000000,0.0077965101
1443,0,0.0004049470,0.0000000000,0.0019180495
1446,0,0.0002564330,0.0033333333,0.0102365743
1447,0,0.0012334846,0.0000000000,0.0009142529
1448,0,0.0009651279,0.0000000000,0.0008397027
1451,0,0.0005123530,0.0000000000,0.0011019795
1452,0,0.0012132596,0.0000000000,0.0016045116
1453,0,0.0009728481,0.0000000000,0.0006416726
1454,0,0.0012711843,0.0000000000,0.0008398572
1455,0,0.0059269303,0.0000000000,0.0120033240
1456,0,0.0174639637,0.0033333333,0.0230340492
1457,0,0.0042139492,0.0000000000,0.0013943067
1458,0,0.0026996738,0.0000000000,0.0017312783
1459,0,0.0167109439,0.0500000000,0.0447305478
1460,0,0.0005607104,0.0000000000,0.0018314709
1461,0,0.0089297486,0.0100000000,0.0237995125
1462,0,0.0085005655,0.0000000000,0.0038623638
1464,0,0.0071869879,0.0000000000,0.0020850503
1465,0,0.0050146379,0.0033333333,0.0165704023
1466,0,0.0061594140,0.0000000000,0.0012765294
1467,0,0.0109997930,0.0033333333,0.0821651518
1468,0,0.0003154864,0.0000000000,0.0035770228
1470,0,0.0040248453,0.0000000000,0.0032636328
1471,0,0.0027237459,0.0066666667,0.0072460268
1473,0,0.0032803025,0.0000000000,0.0061609754
1474,0,0.0030926949,0.0033333333,0.0051407572
1475,0,0.1440625205,0.2033333333,0.8208950758
1477,0,0.0015607806,0.0000000000,0.0041908715
1478,0,0.0026107248,0.0000000000,0.0024133460
1479,0,0.0024809147,0.0000000000,0.0007782584
1480,0,0.0022824549,0.0000000000,0.0043052891
1484,0,0.0036285608,0.0000000000,0.0013461354
1485,0,0.0047390133,0.0000000000,0.0007703160
1486,0,0.0023012171,0.0000000000,0.0021990582
1487,0,0.0009866602,0.0000000000,0.0019260444
1488,0,0.0252523101,0.0100000000,0.0097972909
1489,0,0.0051619758,0.0000000000,0.0034572540
1491,0,0.0031413571,0.0000000000,0.0017962799
1492,0,0.0044137236,0.0000000000,0.0033113430
1494,0,0.0274142006,0.0000000000,0.0013775803
1495,0,0.0121855474,0.0033333333,0.0047771940
1496,0,0.0043553744,0.0000000000,0.0058148107
1497,1,0.6349660244,0.6133333333,0.9972198009
1498,0,0.0094013222,0.0000000000,0.0024598364
1499,0,0.0067841385,0.0000000000,0.0011750456
1500,0,0.0331114129,0.0233333333,0.0166334063
1501,0,0.0108698733,0.0033333333,0.0034169510
1504,0,0.0056206767,0.0100000000,0.0936420932
1506,0,0.0276137822,0.0200000000,0.0428847112
1507,0,0.0078312749,0.0400000000,0.0667748451
1508,0,0.0856507995,0.0400000000,0.1075936183
1510,1,0.0031048237,0.1133333333,0.3185020387
1511,0,0.0006926708,0.0000000000,0.0010134469
1512,0,0.0003666541,0.0000000000,0.0008295841
1513,0,0.0001037739,0.0000000000,0.0000980671
1514,0,0.0003701558,0.0000000000,0.0004638822
1515,0,0.0011156102,0.0000000000,0.0001721474
1516,0,0.0006993211,0.0033333333,0.0006817274
1517,0,0.0043418265,0.0166666667,0.0052322457
1518,0,0.0001365827,0.0033333333,0.0010742996
1520,0,0.0004765595,0.0000000000,0.0002034631
1521,0,0.0007481645,0.0000000000,0.0002194123
1522,0,0.0004046675,0.0000000000,0.0008863182
1523,0,0.0007096577,0.0000000000,0.0015009450
1524,0,0.0006637976,0.0000000000,0.0002612476
1526,0,0.0539825426,0.2666666667,0.9505595565
1527,0,0.0011080595,0.0000000000,0.0002587543
1529,0,0.0006657365,0.0000000000,0.0004111398
1531,0,0.0020274949,0.0000000000,0.0003214120
1532,0,0.0006205082,0.0033333333,0.0216572825
1533,0,0.0002926711,0.0000000000,0.0008324669
1534,0,0.0039484748,0.0000000000,0.0023188177
1535,0,0.0016436224,0.0033333333,0.0026980205
1536,0,0.0016473501,0.0000000000,0.0002768494
1537,0,0.0101422035,0.0033333333,0.0036435523
1540,0,0.0049275740,0.0000000000,0.0108992690
1541,0,0.0014251270,0.0000000000,0.0008489834
1542,0,0.0360290965,0.3800000000,0.5726952553
1543,0,0.0407984715,0.0033333333,0.0068638134
1545,0,0.0701046047,0.0000000000,0.0012846268
1546,0,0.0023194221,0.0000000000,0.0017599830
1547,0,0.0101518155,0.0000000000,0.0172725953
1548,0,0.0379887671,0.0000000000,0.0156651046
1549,0,0.0115267249,0.0066666667,0.0018024526
1550,0,0.0023450348,0.0000000000,0.0026879765
1551,0,0.0025560360,0.0000000000,0.0015010244
1553,0,0.0034674734,0.0000000000,0.0014025117
1554,0,0.1316432188,0.0100000000,0.0619826727
1555,0,0.0006350408,0.0000000000,0.0013599278
1556,0,0.0083900986,0.0000000000,0.0007230082
1557,0,0.0068479654,0.0033333333,0.0046338467
1558,0,0.0013364683,0.0000000000,0.0027506535
1559,0,0.0080617361,0.0000000000,0.0007477183
1560,0,0.0071475776,0.0000000000,0.0015601813
1563,0,0.0532150342,0.0100000000,0.0086883148
1564,0,0.0521104510,0.0000000000,0.0044614151
1566,0,0.0081777500,0.0000000000,0.0009740285
1570,0,0.0083973989,0.0000000000,0.0011458381
1571,0,0.0127459106,0.0000000000,0.0048892484
1573,0,0.0986239662,0.0500000000,0.0143720917
1574,0,0.0150557902,0.0000000000,0.0012405963
1576,0,0.0187951830,0.0033333333,0.0037711884
1577,0,0.0165287405,0.0000000000,0.0012371070
1578,0,0.0276582213,0.0000000000,0.0004961511
1579,0,0.0146627259,0.0000000000,0.0025783156
1580,0,0.0197735562,0.0000000000,0.0060665119
1582,0,0.0022171786,0.0000000000,0.0017192274
1583,0,0.0148942157,0.0000000000,0.0006716055
1584,1,0.3022372641,0.4433333333,0.9677121639
1586,0,0.0443597852,0.0300000000,0.0242931023
1588,0,0.0126833697,0.0000000000,0.0047121751
1589,0,0.0139270592,0.0133333333,0.0146930404
1590,0,0.0054322598,0.0300000000,0.0578578971
1592,0,0.0406879101,0.2166666667,0.3817445636
1593,0,0.0239027218,0.0866666667,0.5184904337
1595,0,0.0500570443,0.0833333333,0.0840776861
1596,1,0.1045071872,0.7100000000,0.9726487398
1597,0,0.0010110343,0.0000000000,0.0005635472
1598,0,0.0028517155,0.0000000000,0.0005438477
1599,0,0.0004900278,0.0000000000,0.0005990335
1600,0,0.0069996326,0.0000000000,0.0007078554
1602,0,0.0026649178,0.0000000000,0.0002976898
1603,0,0.0004378591,0.0000000000,0.0008292244
1604,0,0.0003795629,0.0000000000,0.0004071904
1605,0,0.0010756126,0.0033333333,0.0014258953
1607,0,0.0024271345,0.0000000000,0.0005697143
1608,0,0.0067179903,0.0000000000,0.0024819544
1609,0,0.0002745415,0.0000000000,0.0013726869
1610,0,0.0010031303,0.0000000000,0.0008575456
1611,0,0.0027714489,0.0000000000,0.0010929441
1612,0,0.0004137404,0.0000000000,0.0002356722
1614,0,0.0928281093,0.2166666667,0.5078565478
1615,0,0.0009935718,0.0000000000,0.0009109027
1616,0,0.0132417175,0.0000000000,0.0032828145
1618,0,0.0013077599,0.0000000000,0.0011221883
1620,0,0.0021239734,0.0000000000,0.0006770552
1621,0,0.0088149156,0.0000000000,0.0003567856
1622,0,0.0013117658,0.0000000000,0.0013483441
1624,0,0.0033067678,0.0000000000,0.0013472834
1626,0,0.0058496653,0.0000000000,0.0059760315
1628,0,0.0021820216,0.0000000000,0.0065653906
1629,0,0.0014865107,0.0000000000,0.0022762616
1632,0,0.0016378311,0.0000000000,0.0068816133
1633,0,0.0044437587,0.0000000000,0.0014695065
1634,0,0.0140824830,0.0000000000,0.0019393779
1635,0,0.0820400865,0.0166666667,0.0132493097
1636,0,0.1089781344,0.0000000000,0.0087688901
1638,0,0.0065324131,0.0000000000,0.0011553884
1639,0,0.0069341994,0.0000000000,0.0045801536
1640,0,0.0038974467,0.0000000000,0.0007089569
1641,0,0.0046272128,0.0000000000,0.0009949878
1642,0,0.0021747070,0.0000000000,0.0008321008
1643,0,0.0026705098,0.0200000000,0.0009547404
1644,0,0.0024570570,0.0000000000,0.0085679656
1645,0,0.0042441072,0.0000000000,0.0005567794
1646,0,0.0077187360,0.0000000000,0.0012234773
1648,0,0.0065757027,0.0000000000,0.0017184485
1649,0,0.0286950075,0.0033333333,0.0039707818
1652,0,0.0779027879,0.0033333333,0.0037465915
1654,0,0.2521931381,0.0133333333,0.0121506667
1655,0,0.5147095274,0.2966666667,0.8315727115
1656,0,0.0056469438,0.0000000000,0.0012507681
1657,0,0.0287629999,0.0000000000,0.0008324597
1658,0,0.0163976716,0.0033333333,0.0028686000
1660,0,0.0086055862,0.0000000000,0.0007810173
1661,0,0.0396384567,0.0000000000,0.0012245295
1662,0,0.0234230130,0.0000000000,0.0026275718
1663,0,0.0211742088,0.0000000000,0.0023451531
1664,0,0.0091240133,0.0000000000,0.0004927898
1666,0,0.0053722198,0.0000000000,0.0041681323
1667,0,0.0105692534,0.0000000000,0.0061815055
1669,0,0.0061518575,0.0000000000,0.0033218958
1672,0,0.0191822352,0.0133333333,0.0025886169
1673,0,0.1192242964,0.0133333333,0.0229993798
1674,0,0.0113880208,0.0033333333,0.0075328182
1675,0,0.0180343908,0.0633333333,0.4216916859
1676,0,0.0221506237,0.0600000000,0.1771504134
1677,0,0.0113119877,0.1600000000,0.3667146564
1678,0,0.0063720087,0.0700000000,0.4390127957
1680,0,0.0278679088,0.2966666667,0.6312335134
1681,0,0.0141310810,0.0900000000,0.6652738452
1683,1,0.0129822118,0.1533333333,0.3071930110
1689,0,0.0025816323,0.0033333333,0.0016571009
1690,0,0.0024557952,0.0033333333,0.0013252212
1691,0,0.0011554689,0.0033333333,0.0007584377
1694,0,0.0004088978,0.0000000000,0.0011602793
1696,0,0.0057882908,0.0033333333,0.0004203752
1697,0,0.0027983382,0.0000000000,0.0007296264
1699,0,0.0011743513,0.0000000000,0.0012380866
1701,0,0.0009854446,0.0000000000,0.0004641945
1703,0,0.0122774116,0.0000000000,0.0024685031
1704,0,0.0040763647,0.0000000000,0.0008855365
1705,0,0.0064595668,0.0000000000,0.0004857356
1706,0,0.0010787197,0.0000000000,0.0012378313
1708,0,0.0035779415,0.0033333333,0.0258379746
1709,0,0.0019853657,0.0000000000,0.0032100910
1712,0,0.0209217357,0.0066666667,0.0056394720
1713,0,0.0015741725,0.0000000000,0.0013086937
1716,0,0.0026519405,0.0000000000,0.0007430164
1717,0,0.0031794963,0.0000000000,0.0021368768
1718,0,0.0694574966,0.0033333333,0.0081523573
1719,0,0.0019125749,0.0000000000,0.0020301021
1720,0,0.0042064117,0.0000000000,0.0042690611
1722,0,0.0065733362,0.0000000000,0.0009245001
1723,0,0.0037442298,0.0000000000,0.0026135684
1724,0,0.0128643465,0.0033333333,0.0070898631
1727,0,0.0061038306,0.0000000000,0.0075276932
1730,0,0.0075898195,0.0033333333,0.0084148757
1731,0,0.0447937756,0.0033333333,0.0095085576
1735,0,0.0034517812,0.0000000000,0.0031746784
1737,0,0.0051677483,0.0000000000,0.0014656424
1738,0,0.0046478756,0.0000000000,0.0016183987
1741,0,0.0067488205,0.0033333333,0.0053318990
1742,0,0.0199209896,0.0033333333,0.0044115898
1743,0,0.0475945689,0.0033333333,0.0065598227
1744,0,0.0022929685,0.0033333333,0.0095472177
1745,0,0.1211368969,0.0000000000,0.0010737547
1746,0,0.0036324149,0.0000000000,0.0041604992
1747,0,0.0248313818,0.0000000000,0.0021044121
1748,0,0.2160450404,0.0266666667,0.0170739982
1749,0,0.0029535116,0.0000000000,0.0011041247
1750,0,0.0088728030,0.0000000000,0.0016432349
1752,0,0.0148867516,0.0200000000,0.0112432726
1753,0,0.0094140826,0.0100000000,0.0016271145
1757,0,0.4645134681,0.1100000000,0.5251420736
1758,0,0.1522996788,0.0366666667,0.0443970673
1760,0,0.0104445164,0.0433333333,0.0042191125
1761,0,0.0383886807,0.0066666667,0.0081952401
1762,0,0.0245490099,0.0300000000,0.1032634825
1764,1,0.0025191438,0.0600000000,0.3455370963
1765,0,0.0092540665,0.0000000000,0.0120675573
1766,0,0.0088124534,0.0033333333,0.0044900253
1768,0,0.0025304616,0.0000000000,0.0004246746
1769,0,0.0019572611,0.0000000000,0.0011147902
1770,0,0.0047357251,0.0066666667,0.0013302161
1771,0,0.0003727361,0.0066666667,0.0021530401
1774,0,0.1461641952,0.0400000000,0.1411243975
1776,0,0.0096176411,0.0000000000,0.0058289194
1777,0,0.0005611357,0.0000000000,0.0007212489
1778,0,0.0011650543,0.0000000000,0.0030554512
1779,0,0.0193708225,0.0200000000,0.0263408441
1780,0,0.0045985690,0.0000000000,0.0011917747
1784,0,0.0041682392,0.0000000000,0.0012826389
1785,1,0.5072387619,0.7500000000,0.9627305269
1786,0,0.0035146250,0.0000000000,0.0012402998
1787,0,0.0017480840,0.0000000000,0.0007739924
1788,0,0.0031964025,0.0066666667,0.0104015535
1789,0,0.0151612256,0.0000000000,0.0228409972
1790,1,0.4180215077,0.5133333333,0.9709157348
1791,0,0.0021872612,0.0000000000,0.0005295365
1793,0,0.0115509047,0.0000000000,0.0011237474
1794,0,0.0039375068,0.0000000000,0.0015409691
1795,0,0.0082415880,0.0000000000,0.0007173981
1796,0,0.0016886895,0.0000000000,0.0005113998
1797,0,0.0019323887,0.0000000000,0.0009141393
1798,0,0.0059259588,0.0000000000,0.0005864025
1801,0,0.0019235501,0.0033333333,0.0008968778
1802,0,0.0048539071,0.0000000000,0.0034344851
1804,0,0.0024010235,0.0000000000,0.0022794986
1805,0,0.0587951834,0.0000000000,0.0010008996
1806,0,0.0677538582,0.0000000000,0.0109986532
1808,0,0.0020757711,0.0033333333,0.0052196872
1809,1,0.4718674853,0.5366666667,0.9614374638
1811,0,0.0854660828,0.0000000000,0.0045591141
1816,0,0.0057201240,0.0000000000,0.0026516747
1818,0,0.0024331032,0.0300000000,0.0201910529
1819,0,0.0030882345,0.0033333333,0.0011065765
1820,0,0.0147498975,0.0033333333,0.0058035003
1821,0,0.0375306584,0.0033333333,0.0010377666
1823,0,0.0098879739,0.0000000000,0.0009831907
1824,0,0.0539341691,0.0000000000,0.0022822830
1825,0,0.3782527188,0.0233333333,0.0094369492
1826,0,0.0075648756,0.0000000000,0.0013678123
1827,0,0.0075621178,0.0000000000,0.0011314286
1828,0,0.0397041065,0.0100000000,0.0052600862
1830,0,0.0119603432,0.0000000000,0.0035666584
1831,0,0.0162162620,0.0000000000,0.0044553201
1832,0,0.0649064397,0.0100000000,0.0081949057
1833,0,0.0362626513,0.0000000000,0.0034660117
1835,0,0.0120693412,0.0033333333,0.0015840515
1836,0,0.0046986397,0.0133333333,0.0034305037
1837,0,0.0085191569,0.0033333333,0.0045192433
1838,0,0.0147771127,0.0066666667,0.0021787465
1839,0,0.0053292261,0.0066666667,0.0011932583
1840,0,0.0019399746,0.0000000000,0.0010775827
1841,0,0.0011400092,0.0133333333,0.0007456426
1842,0,0.0084517290,0.0000000000,0.0012254864
1843,0,0.0003151541,0.0066666667,0.0003680629
1845,0,0.0037568027,0.0000000000,0.0005448225
1846,0,0.0009128124,0.0000000000,0.0005770268
1847,0,0.0005332139,0.0066666667,0.0002733401
1852,0,0.0035386014,0.0100000000,0.0017878227
1853,0,0.0017644682,0.0000000000,0.0006364945
1855,0,0.0026105976,0.0000000000,0.0004771725
1857,0,0.0009747717,0.0000000000,0.0010741123
1858,0,0.0076629201,0.0000000000,0.0005064370
1859,0,0.0005741535,0.0000000000,0.0004502845
1860,0,0.0029167394,0.0033333333,0.0041578053
1861,0,0.0007036684,0.0000000000,0.0005539031
1863,0,0.0143937165,0.0000000000,0.0006167059
1864,0,0.0024033623,0.0000000000,0.0006218842
1865,0,0.0030057348,0.0000000000,0.0011806875
1867,0,0.0007005972,0.0166666667,0.0015639240
1869,0,0.0819098333,0.0100000000,0.0129024182
1870,0,0.0013800510,0.0000000000,0.0019391766
1871,0,0.0073398402,0.0000000000,0.0005023034
1872,0,0.0016740750,0.0000000000,0.0028969350
1873,0,0.1047904101,0.0133333333,0.0361942053
1874,0,0.1374983168,0.0066666667,0.0113956733
1876,0,0.0173423862,0.0000000000,0.0036485810
1877,0,0.1055668883,0.0566666667,0.0521864407
1881,0,0.0040173709,0.0000000000,0.0080911806
1882,0,0.0619602160,0.0000000000,0.0008012231
1883,0,0.0223748010,0.0000000000,0.0002967448
1884,0,0.0204249843,0.0000000000,0.0010639755
1885,0,0.0023130830,0.0000000000,0.0015384832
1886,0,0.0086403695,0.0000000000,0.0010091868
1887,0,0.0102013211,0.0000000000,0.0005124320
1889,0,0.0065738301,0.0033333333,0.0009638962
1891,0,0.0137790962,0.0000000000,0.0007282461
1892,0,0.0092170823,0.0000000000,0.0059921620
1894,0,0.0028941409,0.0000000000,0.0031400495
1896,0,0.0845738003,0.0000000000,0.0041951085
1898,0,0.0065128879,0.0000000000,0.0009305479
1899,0,0.1158870717,0.0000000000,0.0104777887
1900,0,0.0032422652,0.0000000000,0.0013250704
1901,0,0.0019984766,0.0100000000,0.0022954915
1902,0,0.0062209844,0.0000000000,0.0008116950
1903,0,0.0066116424,0.0033333333,0.0128090223
1908,0,0.0312945932,0.0000000000,0.0032074037
1909,0,0.0156149679,0.0000000000,0.0092837093
1910,0,0.0363138460,0.0000000000,0.0206131861
1911,0,0.0066567013,0.0033333333,0.0089131352
1912,0,0.1288113419,0.0600000000,0.1268116683
1914,0,0.0071895467,0.0000000000,0.0009998402
1916,0,0.0119168499,0.0333333333,0.0155950766
1918,0,0.0742720106,0.0500000000,0.0955118984
1919,0,0.0008545112,0.0033333333,0.0006142058
1921,0,0.0055107343,0.0300000000,0.0013302483
1922,0,0.0013365787,0.0000000000,0.0007198752
1923,0,0.0006449161,0.0000000000,0.0012341447
1924,0,0.0006253615,0.0000000000,0.0013780717
1925,0,0.0081916825,0.0033333333,0.0021630896
1926,0,0.0017342378,0.0000000000,0.0021182075
1928,0,0.0010305364,0.0000000000,0.0066541205
1929,0,0.0005816045,0.0000000000,0.0015172225
1930,0,0.0208971152,0.0033333333,0.0006419069
1931,0,0.0010768219,0.0000000000,0.0004735886
1932,0,0.0017614362,0.0000000000,0.0005841976
1933,0,0.0006299357,0.0033333333,0.0029143223
1934,0,0.0027373070,0.0000000000,0.0005179970
1935,0,0.0040878692,0.0000000000,0.0010366712
1938,0,0.0021893674,0.0000000000,0.0016786547
1940,0,0.0076486804,0.0133333333,0.0007000943
1941,0,0.0019652144,0.0000000000,0.0006914137
1942,0,0.1835629695,0.0466666667,0.0218731388
1943,0,0.0038252862,0.0000000000,0.0008678660
1944,0,0.0024032003,0.0000000000,0.0005950845
1945,0,0.0030881638,0.0000000000,0.0009006655
1946,0,0.0014629888,0.0000000000,0.0003287015
1948,0,0.0386515659,0.0000000000,0.0027841283
1949,0,0.0051953726,0.0033333333,0.0022653823
1950,0,0.0052373850,0.0066666667,0.0003102199
1953,0,0.0730780468,0.0233333333,0.0702979937
1954,0,0.0029213713,0.0000000000,0.0012550260
1955,0,0.0160148015,0.0000000000,0.0008338697
1956,0,0.0294050072,0.0000000000,0.0053493571
1957,0,0.0036329968,0.0033333333,0.0029257315
1959,0,0.0046271982,0.0000000000,0.0008413887
1961,0,0.0708101159,0.0033333333,0.0016014948
1962,0,0.0748705481,0.0000000000,0.0012264327
1963,0,0.0206419394,0.0033333333,0.0030312585
1964,0,0.0037070295,0.0000000000,0.0025328624
1967,0,0.0099417339,0.0100000000,0.0010267205
1968,0,0.0108570284,0.0000000000,0.0009517101
1970,0,0.0018365939,0.0000000000,0.0012211250
1971,0,0.2541928125,0.3766666667,0.7814715505
1972,0,0.0292470238,0.0066666667,0.0042958865
1973,0,0.0029855567,0.0033333333,0.0026152122
1974,0,0.0033662506,0.0000000000,0.0021691157
1975,0,0.0593843998,0.0000000000,0.0017479614
1976,0,0.0191534055,0.0033333333,0.0038476398
1978,0,0.0023871641,0.0000000000,0.0128643289
1980,0,0.0131688502,0.0033333333,0.0047312244
1984,0,0.0196812741,0.0000000000,0.0007533651
1986,0,0.0266931033,0.0000000000,0.0009132435
1987,0,0.0394944975,0.0000000000,0.0004118877
1988,0,0.0031742385,0.0000000000,0.0014286825
1989,0,0.0028947304,0.0066666667,0.0019094879
1992,0,0.0123793289,0.0000000000,0.0065583629
1993,0,0.0323186916,0.0166666667,0.0620099604
1994,0,0.0142012551,0.0000000000,0.0016999487
1995,0,0.0103072748,0.0000000000,0.0153458742
1996,0,0.0902684614,0.0033333333,0.0022711265
1998,0,0.0154430566,0.0000000000,0.0010854753
1999,0,0.0001959368,0.0000000000,0.0001899877
2001,0,0.0056076475,0.0166666667,0.0072597736
2004,0,0.0014562563,0.0066666667,0.0048037260
2005,0,0.0101645911,0.0066666667,0.0088202627
2007,0,0.0059903600,0.0066666667,0.0048618522
2008,0,0.0012427070,0.0000000000,0.0024939077
2009,0,0.0009827182,0.0000000000,0.0005973974
2010,0,0.0007158410,0.0000000000,0.0016806328
2011,0,0.0584886347,0.0333333333,0.0341663100
2014,0,0.0046472603,0.0000000000,0.0012708380
2015,0,0.0692332973,0.0133333333,0.0505601950
2016,1,0.2479520748,0.5033333333,0.8405407071
2017,0,0.0063393309,0.0000000000,0.0014140037
2018,0,0.0050682771,0.0000000000,0.0006894456
2019,0,0.0043750385,0.0000000000,0.0174144264
2020,0,0.0003867641,0.0000000000,0.0041588913
2021,0,0.0003559674,0.0000000000,0.0004953811
2022,0,0.0046779333,0.0000000000,0.0012641107
2025,0,0.0004700126,0.0000000000,0.0025257189
2026,0,0.0027884515,0.0000000000,0.0014437255
2027,0,0.0170348863,0.0000000000,0.0104623549
2029,0,0.0032280959,0.0000000000,0.0099996785
2032,0,0.2823377276,0.3200000000,0.8564202189
2033,0,0.0054517152,0.0000000000,0.0059742359
2035,0,0.0107819703,0.0000000000,0.0117613869
2036,0,0.0004451606,0.0000000000,0.0012968892
2037,0,0.0053344348,0.0000000000,0.0041612778
2038,0,0.0018123760,0.0033333333,0.0040962626
2041,0,0.0031620040,0.0000000000,0.0030998266
2042,0,0.0015721997,0.0000000000,0.0025701174
2046,0,0.0045995816,0.0000000000,0.0014898040
2049,0,0.0083552985,0.0000000000,0.0018759711
2050,0,0.0069928362,0.0066666667,0.0031052276
2053,0,0.0079005120,0.0000000000,0.0019380574
2055,0,0.0009634700,0.0000000000,0.0017521647
2056,0,0.0079895559,0.0233333333,0.0151210167
2058,0,0.0283257894,0.0000000000,0.0008009395
2059,0,0.0100944764,0.0066666667,0.0040123947
2060,0,0.0055410136,0.0033333333,0.0064942390
2061,0,0.0152764153,0.0000000000,0.0037080259
2062,0,0.0435346404,0.0066666667,0.0096123023
2065,0,0.0110178730,0.0000000000,0.0062960181
2066,0,0.0248994356,0.0000000000,0.0218279101
2067,0,0.0066510541,0.0000000000,0.0020566052
2069,0,0.0124175482,0.0000000000,0.0018217717
2070,0,0.0186456871,0.0166666667,0.0065133199
2071,0,0.0458037886,0.0000000000,0.0397399813
2072,0,0.2614786111,0.0600000000,0.4447479546
2073,0,0.0104608984,0.0000000000,0.0046139718
2074,0,0.0116817185,0.0000000000,0.0018729548
2075,0,0.0070693368,0.0033333333,0.0022804476
2076,1,0.5345079307,0.3766666667,0.8757973909
2077,0,0.0107887753,0.0033333333,0.0055029891
2079,0,0.0050907663,0.0733333333,0.0148008289
2080,0,0.0084761639,0.0000000000,0.0178012215
2083,0,0.0050370029,0.0766666667,0.3673213720
2084,0,0.0005765514,0.0000000000,0.0011029640
2085,0,0.0049043610,0.0000000000,0.0134927351
2086,0,0.0056557830,0.0000000000,0.0008821494
2089,0,0.0018717659,0.0000000000,0.0090265088
2090,0,0.0028246895,0.0000000000,0.0025468802
2091,0,0.0066620291,0.0100000000,0.0126182940
2093,0,0.0117759857,0.0033333333,0.0115816360
2094,0,0.0029616599,0.0000000000,0.0005256142
2096,0,0.0043495341,0.0000000000,0.0013378909
2097,0,0.0311208031,0.0000000000,0.0113103148
2100,0,0.0009701841,0.0000000000,0.0024191998
2107,0,0.0007306489,0.0000000000,0.0025078610
2108,0,0.0067080493,0.0000000000,0.0055058915
2109,0,0.0189934096,0.0000000000,0.0060446304
2110,0,0.0060291934,0.0000000000,0.0009917505
2112,0,0.0205944752,0.0000000000,0.0076228008
2113,0,0.0025397885,0.0000000000,0.0019611435
2114,0,0.0034134321,0.0000000000,0.0036159444
2116,0,0.0159999636,0.0000000000,0.0073148692
2118,0,0.0035546016,0.0000000000,0.0036956191
2122,0,0.0018820019,0.0000000000,0.0012150297
2123,0,0.0046794756,0.0000000000,0.0010484279
2124,0,0.0041593726,0.0000000000,0.0016293569
2125,0,0.0029335050,0.0000000000,0.0044197883
2126,1,0.6784419344,0.4866666667,0.9822130203
2128,0,0.0022551799,0.0000000000,0.0051278896
2129,0,0.0034874963,0.0000000000,0.0021562029
2131,0,0.3200635695,0.0200000000,0.0726927295
2132,0,0.0211789975,0.0000000000,0.0099748271
2133,0,0.0025378439,0.0033333333,0.0030288645
2134,0,0.0038824905,0.0000000000,0.0006747816
2136,0,0.1046713334,0.0000000000,0.0027870080
2137,0,0.0499125398,0.0000000000,0.0022298619
2139,0,0.0138383074,0.0000000000,0.0037743070
2140,0,0.0392114555,0.0000000000,0.0081428010
2142,0,0.0052517319,0.0000000000,0.0009271014
2143,0,0.4846735059,0.0566666667,0.1106192097
2144,0,0.0650329909,0.0000000000,0.0063478122
2145,0,0.0122673951,0.0000000000,0.0142298285
2147,0,0.0156523864,0.0000000000,0.0054237940
2148,0,0.0053547258,0.0000000000,0.0050846855
2149,0,0.0110623370,0.0000000000,0.0060377247
2150,0,0.0080802311,0.0000000000,0.0021222935
2151,0,0.0145342500,0.0000000000,0.0077273841
2154,0,0.0142970700,0.0466666667,0.0206579473
2155,0,0.0040471771,0.0133333333,0.0102943620
2156,0,0.0299528810,0.0466666667,0.0455238596
2157,0,0.0144828229,0.0033333333,0.0010856278
2159,0,0.0895943185,0.0233333333,0.1211866513
2160,0,0.0035050980,0.0566666667,0.0558530577
2163,0,0.0079272085,0.0833333333,0.1268556863
2164,0,0.0125738523,0.1366666667,0.6363455057
2165,0,0.0221064177,0.0366666667,0.2270139903
2166,0,0.1728695044,0.0666666667,0.3718999624
2167,1,0.0163523123,0.0800000000,0.3166877925
2168,0,0.0023723303,0.0000000000,0.0002002029
2169,0,0.0071802103,0.0100000000,0.0045803082
2171,0,0.0029580859,0.0000000000,0.0006535411
2172,0,0.0079148137,0.0000000000,0.0006304375
2174,0,0.0015604057,0.0000000000,0.0003983822
2175,0,0.0010495903,0.0033333333,0.0022972112
2176,0,0.0012075010,0.0000000000,0.0015888285
2178,0,0.0039283985,0.0033333333,0.0061450368
2179,0,0.0047786117,0.0000000000,0.0013038912
2180,0,0.0012106994,0.0000000000,0.0005375963
2181,0,0.0018323769,0.0000000000,0.0011308769
2183,0,0.0941068344,0.0833333333,0.2989387214
2184,0,0.0044120970,0.0033333333,0.0011889492
2185,0,0.0077318204,0.0000000000,0.0006355285
2186,0,0.0026488815,0.0000000000,0.0006796204
2188,0,0.0097145498,0.0000000000,0.1207122877
2189,0,0.0055677681,0.0000000000,0.0047274604
2190,0,0.0069743624,0.0000000000,0.0009054935
2192,0,0.0053995092,0.0000000000,0.0007992531
2195,0,0.0020128869,0.0000000000,0.0017739082
2197,0,0.0019351200,0.0000000000,0.0010027493
2199,0,0.0045902585,0.0000000000,0.0019130919
2201,0,0.0035947708,0.0000000000,0.0015395010
2202,0,0.0072286941,0.0000000000,0.0008111862
2203,0,0.0022567759,0.0000000000,0.0009338079
2206,0,0.0082887091,0.0000000000,0.0017615384
2207,0,0.1044217366,0.0000000000,0.0091078943
2208,0,0.0118633996,0.0000000000,0.0026882936
2209,0,0.0041438608,0.0033333333,0.0011298319
2210,0,0.0338519971,0.0033333333,0.0079880059
2211,0,0.1250065477,0.0033333333,0.0263623167
2212,0,0.1924720216,0.2133333333,0.2203004658
2214,0,0.0067719600,0.0000000000,0.0020700621
2215,0,0.0038267672,0.0033333333,0.0135794608
2218,0,0.1291048563,0.0000000000,0.0231328905
2220,0,0.0370214240,0.0000000000,0.0064921654
2221,0,0.0024883062,0.0033333333,0.0072546070
2222,0,0.4953947228,0.0300000000,0.3917546868
2223,0,0.0091042481,0.0000000000,0.0059014242
2224,0,0.0559956227,0.0066666667,0.0066685742
2225,0,0.0054152472,0.0033333333,0.0013496606
2227,0,0.0023963484,0.0000000000,0.0026700662
2229,0,0.0222522264,0.0000000000,0.0008907455
2230,0,0.0117773001,0.0033333333,0.0066868877
2231,0,0.0559281533,0.0633333333,0.0142831625
2232,0,0.4691775610,0.0600000000,0.0139277652
2233,0,0.0128695912,0.0000000000,0.0014992122
2234,1,0.7105842328,0.5933333333,0.9869002700
2235,0,0.0262721102,0.0000000000,0.0039444081
2236,0,0.0200781541,0.0033333333,0.0065958956
2239,0,0.2166923693,0.0133333333,0.0058335108
2240,0,0.0924043521,0.0633333333,0.0334279500
2241,0,0.0584246635,0.0033333333,0.0036493402
2242,0,0.0187285113,0.0033333333,0.0785890371
2243,0,0.0091639682,0.0066666667,0.1274763495
2244,0,0.0049721653,0.0066666667,0.0099816760
2245,1,0.0167401486,0.0000000000,0.0140545117
2246,0,0.0015300504,0.0066666667,0.0149518959
2247,0,0.0051221310,0.0000000000,0.0040166695
2248,0,0.0050498340,0.0033333333,0.0165399853
2250,0,0.0088292418,0.0000000000,0.0197732970
2253,0,0.0021739019,0.0000000000,0.0033204688
2254,0,0.0459286138,0.0000000000,0.0052606249
2256,0,0.0013943155,0.0000000000,0.0006181411
2258,0,0.0048283489,0.0000000000,0.0011449673
2260,0,0.0404049908,0.0066666667,0.0053071734
2261,0,0.0006248224,0.0000000000,0.0008202232
2265,0,0.0031425019,0.0000000000,0.0022173906
2266,0,0.0095710483,0.0000000000,0.0072249449
2267,0,0.2560749525,0.0600000000,0.5027043223
2268,0,0.0340344744,0.0000000000,0.0214863755
2269,0,0.0184365194,0.0066666667,0.0675145462
2272,0,0.0059255127,0.0000000000,0.0029404575
2273,0,0.0449822845,0.0000000000,0.0016813524
2274,0,0.0020979031,0.0000000000,0.0008145688
2276,0,0.0085000716,0.0000000000,0.0015564412
2277,0,0.0851041188,0.0033333333,0.0088889357
2279,0,0.0006821662,0.0000000000,0.0016850901
2280,0,0.0079205377,0.0033333333,0.0013164870
2281,0,0.1799702879,0.0133333333,0.0100272028
2282,0,0.0074533442,0.0000000000,0.0011731002
2283,0,0.0402992931,0.0033333333,0.0017850769
2284,0,0.0495171872,0.0000000000,0.0089484705
2285,0,0.0778046583,0.0066666667,0.0082967207
2286,0,0.1811442349,0.0133333333,0.0111383134
2287,0,0.1095870112,0.0200000000,0.1017028466
2288,0,0.0037873383,0.0000000000,0.0030590277
2290,0,0.0051665718,0.0000000000,0.0057695908
2291,0,0.0226459672,0.0100000000,0.0048834495
2292,0,0.0033889218,0.0000000000,0.0042680684
2293,0,0.1433842403,0.0100000000,0.0184521526
2294,0,0.0081422278,0.0033333333,0.0012545915
2295,0,0.0062152335,0.0000000000,0.0007068140
2296,0,0.0069979297,0.0000000000,0.0030431109
2297,0,0.0434849591,0.0000000000,0.0014960861
2298,0,0.0077967075,0.0000000000,0.0019388443
2299,0,0.0048753042,0.0000000000,0.0052835490
2300,1,0.7943627024,0.2133333333,0.8010092378
2301,0,0.0526743758,0.0100000000,0.0121470792
2302,0,0.0062276509,0.0000000000,0.0006186586
2304,0,0.1315264027,0.0100000000,0.0222032480
2305,0,0.0080844269,0.0100000000,0.0265900157
2306,0,0.0107952520,0.0000000000,0.0245170128
2308,0,0.0053464773,0.0000000000,0.0063413880
2309,0,0.2080474456,0.0066666667,0.0158915594
2310,0,0.0060860945,0.0000000000,0.0048092776
2311,0,0.1209028138,0.0000000000,0.0018506258
2312,0,0.0060348656,0.0000000000,0.0011483748
2313,0,0.0019403917,0.0000000000,0.0058808648
2314,0,0.0030944295,0.0000000000,0.0021048668
2317,0,0.0237877303,0.0000000000,0.0036753749
2318,0,0.0049117497,0.0033333333,0.0020613552
2319,0,0.1372368963,0.0133333333,0.0132195437
2320,0,0.0242492373,0.0066666667,0.0028590071
2321,0,0.0031612049,0.0033333333,0.0084311161
2322,0,0.0556654846,0.0433333333,0.0394690409
2323,0,0.0422940956,0.0033333333,0.0013495551
2324,0,0.0393420637,0.0000000000,0.0172415078
2326,0,0.0201462641,0.0200000000,0.0451647229
2327,0,0.3292552437,0.0066666667,0.0270790607
2328,0,0.1077814848,0.0133333333,0.2639665902
2329,0,0.0264374970,0.0233333333,0.2300440073
2330,0,0.0378124686,0.0466666667,0.1719498634
2331,0,0.0457417209,0.0166666667,0.1616674811
2332,1,0.2889365418,0.5233333333,0.9336082935
2333,1,0.1401752216,0.3800000000,0.8720795512
2334,0,0.0810882495,0.2400000000,0.8598086834
2335,0,0.0564913535,0.1166666667,0.4343604147
2337,0,0.0084666354,0.0000000000,0.0127791502
2338,0,0.0032796657,0.0000000000,0.0043942095
2339,0,0.0008147578,0.0100000000,0.0052681738
2342,0,0.0045664988,0.0000000000,0.0029439139
2344,0,0.1150521609,0.1833333333,0.3955806196
2345,0,0.0009476255,0.0033333333,0.0006772269
2346,0,0.0020021912,0.0000000000,0.0010935086
2348,0,0.0022624628,0.0000000000,0.0009805799
2349,0,0.0036137228,0.0066666667,0.0031212752
2350,0,0.0010505253,0.0033333333,0.0024664819
2353,0,0.0042970862,0.0033333333,0.0202080831
2354,0,0.0015276483,0.0000000000,0.0031638835
2356,0,0.0768722179,0.0066666667,0.0069622789
2357,0,0.0019665209,0.0000000000,0.0005135887
2358,0,0.0029773345,0.0000000000,0.0034122162
2360,0,0.0011489461,0.0033333333,0.0038295302
2361,0,0.0312386042,0.0000000000,0.0091976346
2362,0,0.0033319665,0.0033333333,0.0009824969
2363,0,0.0053346832,0.0000000000,0.0006752956
2364,0,0.0312929012,0.0000000000,0.0016430833
2365,0,0.0189523865,0.0033333333,0.0172478128
2366,0,0.0042311178,0.0000000000,0.0041165780
2367,0,0.0199041148,0.0000000000,0.0013055209
2368,0,0.0035320251,0.0000000000,0.0005949872
2369,0,0.0052592237,0.0100000000,0.0013242995
2370,0,0.0019734818,0.0100000000,0.0032549812
2371,0,0.0068822917,0.0000000000,0.0030961141
2372,0,0.0093161867,0.0000000000,0.0067559271
2373,0,0.0195887148,0.0000000000,0.0042243525
2374,0,0.0363101324,0.0000000000,0.0077053504
2375,0,0.0047658458,0.0000000000,0.0007379291
2376,0,0.0004979387,0.0000000000,0.0012294439
2377,0,0.0258636164,0.0033333333,0.0105766049
2378,0,0.0657647493,0.0000000000,0.0007559987
2379,0,0.1274073963,0.0066666667,0.0192017145
2380,0,0.0149678460,0.0033333333,0.0077283019
2381,0,0.1741425425,0.1166666667,0.1426291764
2383,0,0.0036784739,0.0000000000,0.0037579101
2385,0,0.0035394707,0.0033333333,0.0051090927
2388,0,0.0383691863,0.0000000000,0.0009231432
2390,0,0.0268827450,0.0066666667,0.0027362301
2391,0,0.0168007995,0.0000000000,0.0006403179
2392,0,0.0051714437,0.0000000000,0.0009207710
2393,0,0.0365000214,0.0000000000,0.0082857814
2394,0,0.0361014693,0.0000000000,0.0025481938
2395,0,0.0136667145,0.0000000000,0.0027929924
2399,0,0.0353995033,0.0000000000,0.0012306883
2400,0,0.0110784354,0.0033333333,0.0015736964
2401,0,0.2305790574,0.0033333333,0.0015045983
2403,0,0.0448257369,0.0233333333,0.0062259082
2404,0,0.1020241957,0.0000000000,0.0054938551
2406,0,0.0125789365,0.0000000000,0.0026634575
2407,0,0.0177487401,0.0000000000,0.0056768777
2408,0,0.0494979849,0.0000000000,0.0041578743
2409,0,0.1160865554,0.0533333333,0.0086314585
2410,0,0.1917505543,0.0033333333,0.0039239828
2412,0,0.0293626291,0.0033333333,0.0084666563
2413,0,0.0524256175,0.0066666667,0.0244370103
2416,0,0.0008145859,0.0033333333,0.0007361303
2419,0,0.0043414320,0.0033333333,0.0021752322
2420,0,0.0028968955,0.0200000000,0.0107394671
2424,0,0.0025321324,0.0066666667,0.0011361035
2425,0,0.0020940770,0.0000000000,0.0033780055
2426,0,0.0887689252,0.0033333333,0.0050467430
2427,1,0.2310140801,0.3133333333,0.8423114419
2429,0,0.0040660541,0.0033333333,0.0032161635
2430,0,0.0191575542,0.0033333333,0.0090551618
2432,0,0.0174610108,0.0100000000,0.0066581178
2433,0,0.0115599232,0.0000000000,0.0016394665
2435,0,0.0012595958,0.0000000000,0.0014213258
2436,0,0.0033302525,0.0000000000,0.0016288256
2437,0,0.0012016583,0.0000000000,0.0014567648
2438,0,0.0026608534,0.0000000000,0.0059440350
2440,0,0.0041965315,0.0000000000,0.0006929761
2441,0,0.0236362621,0.0000000000,0.0181991775
2442,0,0.0039313984,0.0000000000,0.0010266487
2443,0,0.0129000189,0.0000000000,0.0073987339
2448,0,0.0249609027,0.0033333333,0.0122554498
2450,0,0.0028298849,0.0000000000,0.0023340387
2451,0,0.0029678654,0.0000000000,0.0053826659
2452,0,0.0023989047,0.0000000000,0.0010925173
2453,0,0.0520956442,0.0966666667,0.3372415602
2455,0,0.0038193336,0.0000000000,0.0010326274
2456,0,0.0098292505,0.0000000000,0.0052215769
2458,0,0.0052655607,0.0000000000,0.0009677422
2459,0,0.0182416216,0.0000000000,0.0223256405
2461,0,0.0307049362,0.0000000000,0.0020297717
2462,0,0.0049913925,0.0000000000,0.0015063996
2463,0,0.0305683438,0.0000000000,0.0011756971
2464,0,0.0156043783,0.0000000000,0.0009285680
2466,0,0.0078207651,0.0000000000,0.0021041299
2468,0,0.0022085557,0.0000000000,0.0007095460
2469,0,0.0085892035,0.0000000000,0.0011487961
2470,0,0.0053914266,0.0000000000,0.0018933574
2471,0,0.0254449402,0.0000000000,0.0020998958
2473,0,0.2308905065,0.0033333333,0.0249167364
2474,0,0.0066105594,0.0000000000,0.0006392539
2476,0,0.0179889426,0.0000000000,0.0019851292
2477,0,0.0059312817,0.0000000000,0.0005149065
2478,0,0.2923852726,0.0033333333,0.0116920564
2479,0,0.0693922760,0.0000000000,0.0008780943
2480,0,0.0113201440,0.0000000000,0.0021750769
2481,0,0.0252724721,0.0000000000,0.0015947213
2482,0,0.0313711840,0.0066666667,0.0265084449
2484,0,0.0371869953,0.0033333333,0.0090734027
2486,0,0.0138649030,0.0000000000,0.0070090136
2487,0,0.0097390591,0.0000000000,0.0089807548
2488,0,0.0030022505,0.0033333333,0.0048834286
2493,0,0.2928956850,0.1666666667,0.5333353877
2495,1,0.1129154897,0.4733333333,0.9428550601
2496,0,0.0176965006,0.0400000000,0.2939545214
2497,0,0.0172337529,0.1200000000,0.3288908899
2499,0,0.1192749616,0.0600000000,0.3208968043
2500,0,0.0279354653,0.0700000000,0.1237152740
2501,0,0.0143570159,0.0700000000,0.1252801865
2502,0,0.0261959082,0.0666666667,0.1351850778
2504,0,0.0046459708,0.0100000000,0.0056883255
2505,0,0.0056275589,0.0000000000,0.0011681319
2506,0,0.0036197589,0.0033333333,0.0053155040
2507,0,0.0001879235,0.0000000000,0.0004630591
2511,0,0.0366712481,0.0100000000,0.0069505656
2512,0,0.0023318071,0.0033333333,0.0009818480
2513,0,0.0014332489,0.0000000000,0.0003659586
2515,0,0.0041205881,0.0000000000,0.0015471464
2516,0,0.0004473693,0.0000000000,0.0005056334
2517,0,0.0022501182,0.0000000000,0.0100664245
2519,0,0.0100045843,0.0000000000,0.0030941102
2521,0,0.0069848290,0.0033333333,0.0017568559
2522,0,0.0018024623,0.0000000000,0.0017081683
2523,0,0.0017473326,0.0066666667,0.0023264573
2524,0,0.0031581938,0.0000000000,0.0010219091
2525,0,0.0043335970,0.0000000000,0.0036876479
2528,0,0.0323899777,0.0000000000,0.0008798862
2529,0,0.0008855950,0.0000000000,0.0006576753
2530,0,0.0008944364,0.0000000000,0.0004333253
2531,0,0.0508770358,0.0300000000,0.1004104540
2533,0,0.0040777732,0.0000000000,0.0151812909
2536,0,0.0030155740,0.0000000000,0.0017680150
2537,0,0.0131057737,0.0100000000,0.0090462491
2539,0,0.0361421317,0.0000000000,0.0063719554
2542,0,0.0006405813,0.0000000000,0.0014208386
2543,0,0.0007753656,0.0000000000,0.0030557127
2544,0,0.0018991370,0.0000000000,0.0017983580
2546,0,0.0022557382,0.0000000000,0.0005894686
2547,0,0.0046075039,0.0000000000,0.0013924197
2549,0,0.0009774821,0.0000000000,0.0052892254
2550,0,0.0113309663,0.0033333333,0.0014139088
2551,0,0.0144880117,0.0000000000,0.0119060101
2552,0,0.0057189968,0.0000000000,0.0034614014
2553,0,0.0067251300,0.0000000000,0.0007633869
2554,0,0.0070554587,0.0000000000,0.0017963886
2556,0,0.0044084278,0.0000000000,0.0013860302
2558,0,0.0437571822,0.0033333333,0.0172239523
2561,0,0.2220754108,0.0366666667,0.2355765104
2563,0,0.0161882251,0.0000000000,0.0069224783
2564,0,0.0045461255,0.0000000000,0.0018675865
2565,0,0.0060225644,0.0000000000,0.0027674919
2566,0,0.0229898322,0.0033333333,0.0039765830
2569,0,0.0204447876,0.0000000000,0.0082257241
2571,0,0.0054204344,0.0000000000,0.0157041363
2572,0,0.0112724589,0.0000000000,0.0024133173
2574,0,0.0258723348,0.0000000000,0.0021735313
2575,0,0.0150349778,0.0066666667,0.0097450735
2576,0,0.0897696755,0.0000000000,0.0680846348
2578,0,0.0499584133,0.0000000000,0.0030697305
2579,0,0.0332555675,0.0033333333,0.0211737361
2580,0,0.0068537290,0.0000000000,0.0057396460
2581,0,0.0673301133,0.1700000000,0.2129203379
2582,1,0.4443050501,0.4533333333,0.9218302965
2583,0,0.0127545838,0.0033333333,0.0028837479
2584,0,0.0657708020,0.1133333333,0.1401538998
2585,0,0.1465509303,0.0000000000,0.0043483544
2586,0,0.0186566652,0.0000000000,0.0035474133
2588,0,0.1565093303,0.1366666667,0.8079380989
2589,0,0.0099320042,0.0100000000,0.2939181030
2590,0,0.1589232440,0.2033333333,0.8970450163
2591,0,0.0062280999,0.0066666667,0.0082719307
2592,0,0.0098952874,0.0000000000,0.0010456051
2593,0,0.0122889358,0.0000000000,0.0035351806
2594,0,0.0199103394,0.0133333333,0.0058026118
2598,0,0.0011950981,0.0000000000,0.0024794340
2599,1,0.3317696094,0.6000000000,0.9151078463
2601,0,0.0057944501,0.0000000000,0.0049455613
2602,0,0.0204071836,0.0033333333,0.0072428100
2603,0,0.0020502315,0.0000000000,0.0017568733
2604,0,0.0012279693,0.0000000000,0.0064968513
2605,0,0.0020245821,0.0000000000,0.0042300085
2608,0,0.0169983173,0.0033333333,0.0137482807
2610,0,0.0023316688,0.0000000000,0.0005846376
2611,0,0.0024714557,0.0000000000,0.0003489544
2616,0,0.0029480441,0.0000000000,0.0008097983
2617,0,0.1818907881,0.4366666667,0.7840880156
2618,0,0.0108054269,0.0000000000,0.0026757759
2620,0,0.0104937733,0.0000000000,0.0006486581
2621,0,0.0023025000,0.0000000000,0.0021141768
2622,0,0.0042444687,0.0000000000,0.0012702892
2627,0,0.0021747620,0.0000000000,0.0065874117
2629,0,0.0234127461,0.0000000000,0.0073350761
2633,0,0.0010232509,0.0033333333,0.0036650349
2634,0,0.0119632615,0.0000000000,0.0031550049
2637,0,0.1712145115,0.0300000000,0.0453117117
2638,0,0.0129759470,0.0000000000,0.0023416681
2639,0,0.0048465751,0.0000000000,0.0062948726
2640,0,0.0148584414,0.0000000000,0.0038299775
2642,0,0.0113467841,0.0000000000,0.0065912795
2643,0,0.0196600451,0.0000000000,0.0014135292
2644,0,0.0212974591,0.0000000000,0.0085861264
2645,0,0.0266263804,0.0000000000,0.0020092393
2646,0,0.0062420767,0.0000000000,0.0011085407
2647,0,0.0119947018,0.0000000000,0.0012919564
2648,0,0.0239135312,0.0000000000,0.0175452176
2650,0,0.0161093756,0.0000000000,0.0013979911
2652,0,0.0294499789,0.0033333333,0.0125656044
2653,0,0.0046920081,0.0033333333,0.0082018776
2654,0,0.0106683667,0.0000000000,0.0087008364
2655,0,0.0120068255,0.0000000000,0.0063239760
2656,0,0.0052549856,0.0133333333,0.0086503541
2657,0,0.0769275291,0.0100000000,0.0206740107
2659,0,0.0217956485,0.0000000000,0.0045302506
2660,0,0.0033894500,0.0000000000,0.0021768576
2662,0,0.0231826943,0.0000000000,0.0006456794
2663,0,0.0077201899,0.0000000000,0.0036014018
2664,0,0.0107214755,0.0000000000,0.0047266642
2665,0,0.0242530714,0.0000000000,0.0015587638
2666,0,0.1475973065,0.0100000000,0.0245824214
2668,0,0.0290120614,0.0466666667,0.7041409612
2670,0,0.0079912187,0.0400000000,0.6299431920
2671,0,0.1089446092,0.0400000000,0.3421345353
2674,0,0.0018949661,0.0000000000,0.0014634785
2675,0,0.0014562280,0.0000000000,0.0021827901
2676,0,0.0011723904,0.0000000000,0.0010330963
2678,0,0.0024011738,0.0000000000,0.0009328408
2680,0,0.0074903403,0.0000000000,0.0008445752
2683,0,0.0009726172,0.0000000000,0.0068433629
2684,0,0.0002321729,0.0000000000,0.0013080643
2685,0,0.0009618229,0.0000000000,0.0016634744
2686,0,0.0010775777,0.0000000000,0.0009244476
2687,0,0.0005543860,0.0000000000,0.0021486783
2688,0,0.0234844042,0.0033333333,0.0045956778
2689,0,0.0207260615,0.0100000000,0.0172108654
2690,0,0.0012293890,0.0000000000,0.0040181936
2691,0,0.0012247841,0.0000000000,0.0018252748
2692,0,0.0155269244,0.0000000000,0.0090251956
2693,0,0.0010116235,0.0000000000,0.0021359976
2695,0,0.0058332908,0.0000000000,0.0007543014
2696,0,0.0029221248,0.0000000000,0.0022915744
2697,0,0.0119606277,0.0000000000,0.0080765411
2698,0,0.0005744692,0.0000000000,0.0034499164
2702,0,0.0123511163,0.0000000000,0.0122859990
2707,0,0.0025173163,0.0000000000,0.0008613930
2709,0,0.0337076523,0.0066666667,0.0371533781
2710,0,0.0084469276,0.0000000000,0.0012924665
2711,0,0.0117191290,0.0000000000,0.0010982224
2713,0,0.0266729139,0.0166666667,0.0139681436
2715,0,0.0601621754,0.0033333333,0.0109300464
2716,0,0.0022065044,0.0066666667,0.0044228062
2717,0,0.0239828834,0.0000000000,0.0027001295
2719,0,0.0100634595,0.0033333333,0.0132637667
2720,0,0.0032357131,0.0000000000,0.0027357801
2721,0,0.0112992270,0.0000000000,0.0011005921
2722,0,0.0009360401,0.0000000000,0.0035611179
2723,0,0.0036452814,0.0000000000,0.0014931501
2724,0,0.0413016988,0.0000000000,0.0204702262
2725,0,0.0068503455,0.0000000000,0.0004887056
2727,0,0.0053539438,0.0000000000,0.0042233756
2729,0,0.0048912575,0.0000000000,0.0011516688
2731,0,0.0229977619,0.0000000000,0.0078351777
2732,0,0.0034054938,0.0066666667,0.0032010374
2733,0,0.2015286298,0.0033333333,0.0159167703
2735,0,0.0017508184,0.0000000000,0.0007543040
2737,0,0.0080035231,0.0000000000,0.0016578323
2738,0,0.0141531821,0.0000000000,0.0015365435
2739,0,0.0322167558,0.0000000000,0.0012621341
2740,0,0.0107029434,0.0000000000,0.0016367978
2742,0,0.1040605452,0.0033333333,0.0082204584
2745,0,0.0043729894,0.0000000000,0.0012458467
2746,0,0.0262111202,0.0100000000,0.0049731089
2747,0,0.0351222109,0.0033333333,0.0134187825
2749,0,0.0265810431,0.0033333333,0.0029318696
2750,1,0.0034464398,0.0000000000,0.0012163440
2752,0,0.1487281489,0.0033333333,0.0134347882
2753,0,0.0117418413,0.1166666667,0.0073174015
2754,0,0.0123119349,0.0100000000,0.0167129375
2755,0,0.0071316185,0.0033333333,0.0044307206
2756,0,0.0157924579,0.0033333333,0.0060467683
2757,0,0.0472914932,0.0166666667,0.0126481764
2758,0,0.0053819822,0.0366666667,0.1932900846
2759,0,0.0266078699,0.0233333333,0.4784745872
2760,0,0.0362315488,0.0900000000,0.1788387895
2761,0,0.0201479630,0.0766666667,0.2180078179
2762,1,0.7852262178,0.7166666667,0.9953920841
2763,0,0.0855494107,0.0000000000,0.0418667272
2765,0,0.0127474724,0.0033333333,0.0033083241
2767,0,0.0026016235,0.0000000000,0.0016193737
2768,0,0.0017176786,0.0000000000,0.0038093063
2769,0,0.0014825513,0.0000000000,0.0037108562
2770,0,0.0004987119,0.0000000000,0.0005515413
2771,0,0.0024667558,0.0000000000,0.0187185127
2772,0,0.0009188899,0.0000000000,0.0007333317
2773,0,0.0034625871,0.0033333333,0.0015262936
2775,0,0.0067379525,0.0000000000,0.0006414925
2776,0,0.0556908622,0.0000000000,0.0016092499
2777,0,0.0212829679,0.0000000000,0.0034897411
2778,0,0.0049570726,0.0000000000,0.0006550496
2780,0,0.0166756071,0.0000000000,0.0054808492
2785,0,0.0480355618,0.0000000000,0.0071021086
2786,0,0.0006823707,0.0000000000,0.0017891037
2787,0,0.0004781298,0.0000000000,0.0016956110
2789,0,0.0169802697,0.0000000000,0.0118150860
2792,0,0.0032448264,0.0066666667,0.0044225901
2793,0,0.0023451125,0.0000000000,0.0024022246
2794,0,0.0024209330,0.0000000000,0.0012834687
2795,0,0.0428855487,0.0000000000,0.0007302295
2797,0,0.0032347614,0.0000000000,0.0036919918
2798,0,0.0524311368,0.0033333333,0.0097708013
2799,0,0.0150737558,0.0000000000,0.0024032088
2800,0,0.0094452829,0.0000000000,0.0121942768
2801,0,0.0222585839,0.0000000000,0.0020345710
2803,0,0.0313312594,0.0000000000,0.0038593691
2806,0,0.0146348214,0.0000000000,0.0024118610
2808,0,0.0049282901,0.0000000000,0.0014366324
2812,0,0.0041605878,0.0000000000,0.0044753617
2813,0,0.0028545607,0.0000000000,0.0038649440
2817,0,0.0412668725,0.0000000000,0.0108693149
2819,0,0.0087482973,0.0000000000,0.0041641835
2820,0,0.0545380123,0.0066666667,0.0110457977
2821,0,0.0701965809,0.0100000000,0.0142846806
2822,0,0.0052031203,0.0000000000,0.0018073966
2824,0,0.3650831642,0.0400000000,0.0982948020
2825,0,0.0104534753,0.0000000000,0.0078928508
2826,0,0.0024495849,0.0000000000,0.0070078787
2827,0,0.0047664341,0.0000000000,0.0016419705
2829,0,0.0088905976,0.0000000000,0.0046151853
2830,0,0.0298436623,0.0000000000,0.0062650912
2831,0,0.0087835789,0.0000000000,0.0030062818
2832,0,0.1070582981,0.0066666667,0.0024651743
2833,0,0.0123520247,0.0000000000,0.0026899956
2834,0,0.0218897693,0.0000000000,0.0017421782
2835,0,0.0362481590,0.0066666667,0.0187709220
2836,0,0.0072235818,0.0000000000,0.0014560013
2837,0,0.0420478144,0.0033333333,0.0023703026
2838,0,0.0261260261,0.0033333333,0.0149640162
2840,0,0.0072424593,0.0000000000,0.0046491288
2841,0,0.0107189830,0.0000000000,0.0089884400
2842,0,0.0169066588,0.0000000000,0.0011120187
2844,0,0.0563379396,0.0000000000,0.0062995930
2846,0,0.3947323003,0.2533333333,0.2235452682
2847,0,0.0564901742,0.0033333333,0.0283908080
2848,0,0.0447530132,0.0000000000,0.0050661908
2849,0,0.5399440291,0.1266666667,0.5628019571
2851,0,0.0710681581,0.0000000000,0.1280882359
2852,0,0.1386013925,0.2233333333,0.6266953349
2854,0,0.0384342153,0.0300000000,0.1205507517
2855,0,0.0584490466,0.0600000000,0.1607079357
2858,0,0.0237653412,0.1000000000,0.3999091685
2859,1,0.4340392074,0.3100000000,0.7548146248
2860,0,0.2842360570,0.0466666667,0.0757161304
2861,0,0.2200820762,0.2066666667,0.8509373665
2864,0,0.1491138432,0.1033333333,0.5763468742
2867,0,0.0043203014,0.0000000000,0.0060603367
2868,0,0.0057923526,0.0066666667,0.0121143134
2869,0,0.0088841887,0.0033333333,0.0106076673
2871,0,0.0031543646,0.0000000000,0.0012881530
2872,0,0.0019746853,0.0000000000,0.0022135729
2873,0,0.0022858298,0.0000000000,0.0051241396
2874,0,0.0028217721,0.0000000000,0.0025001587
2875,0,0.0495235213,0.0066666667,0.0025549377
2876,0,0.0025857590,0.0000000000,0.0088700885
2877,0,0.0007082808,0.0000000000,0.0044771787
2878,0,0.0022930510,0.0000000000,0.0011288841
2881,0,0.0038847310,0.0000000000,0.0008216814
2883,0,0.0061003731,0.0000000000,0.0041624731
2886,0,0.0062165089,0.0000000000,0.0035130486
2889,0,0.0159463202,0.0033333333,0.0082174269
2890,0,0.0040461666,0.0000000000,0.0025196967
2892,0,0.0056171662,0.0133333333,0.0169658065
2893,0,0.0671305732,0.0100000000,0.0471881889
2894,0,0.0035442773,0.0000000000,0.0022700259
2895,0,0.0026007116,0.0000000000,0.0069762478
2896,0,0.0349276530,0.0000000000,0.0071678841
2899,0,0.0120446019,0.0000000000,0.0023692700
2900,0,0.0058994317,0.0000000000,0.0056194263
2901,0,0.0045683550,0.0000000000,0.0011345083
2902,0,0.0067813485,0.0000000000,0.0082021495
2903,0,0.0032746964,0.0000000000,0.0020317778
2907,0,0.0046201608,0.0000000000,0.0055335690
2908,0,0.0067844666,0.0033333333,0.0014764821
2909,0,0.1775323852,0.0233333333,0.0584635027
2910,0,0.0450866666,0.0000000000,0.0014193287
2914,0,0.0068328829,0.0000000000,0.0066122068
2915,0,0.0028022082,0.0000000000,0.0036310374
2916,0,0.3150617915,0.1066666667,0.0515996665
2917,0,0.0111940939,0.0000000000,0.0058047357
2919,0,0.0023381999,0.0033333333,0.0024751930
2920,0,0.0150054316,0.0233333333,0.0079779839
2921,0,0.0115674258,0.0000000000,0.0095588351
2922,0,0.0098345667,0.0266666667,0.0044061267
2924,0,0.0832077207,0.0066666667,0.0197686963
2925,0,0.0484067356,0.0000000000,0.0038605477
2927,0,0.4627626901,0.0033333333,0.0038689557
2928,0,0.0896377787,0.0033333333,0.0141988331
2929,0,0.0583919643,0.0166666667,0.0163628068
2931,0,0.1154500841,0.0066666667,0.0066905022
2932,0,0.0317851747,0.0266666667,0.1401501447
2933,0,0.0421384875,0.0000000000,0.0027438982
2934,0,0.0156440671,0.0133333333,0.0050611845
2935,0,0.0712100794,0.0133333333,0.0032357418
2936,0,0.0069201105,0.0200000000,0.0240619611
2938,0,0.0341797761,0.0033333333,0.0098149646
2939,0,0.0080921003,0.0033333333,0.0092305746
2941,0,0.4778575712,0.1400000000,0.7412481904
2943,0,0.0467998700,0.0033333333,0.0065191109
2945,0,0.0011376026,0.0000000000,0.0017995114
2948,0,0.0008496537,0.0233333333,0.0087452559
2949,0,0.0044549531,0.0000000000,0.0016602806
2951,0,0.0096907687,0.0000000000,0.0132920984
2952,0,0.0048862961,0.0000000000,0.0022196949
2954,0,0.0042329207,0.0000000000,0.0030812772
2955,0,0.0011045260,0.0000000000,0.0017720828
2956,0,0.0040348184,0.0000000000,0.0037869504
2957,0,0.0008034582,0.0033333333,0.0038064627
2958,0,0.0244247147,0.0000000000,0.0017692256
2959,0,0.0115477827,0.0000000000,0.0018411647
2960,0,0.0033558086,0.0000000000,0.0014065780
2961,0,0.0173645384,0.0000000000,0.0024258120
2962,0,0.0069845119,0.0000000000,0.0022377220
2963,0,0.0073780780,0.0000000000,0.0016742145
2965,0,0.0062803390,0.0000000000,0.0031356497
2967,0,0.0281037930,0.0000000000,0.0008110506
2968,0,0.0378117942,0.0000000000,0.0364642777
2969,0,0.0023362251,0.0233333333,0.0424347967
2970,0,0.0167267741,0.0000000000,0.0009920080
2972,0,0.0055896164,0.0000000000,0.0057070134
2974,0,0.0341656113,0.0000000000,0.0042912918
2975,0,0.0035776952,0.0000000000,0.0015314507
2976,0,0.0040856486,0.0066666667,0.0062680873
2977,0,0.0104924868,0.0100000000,0.0068778214
2978,0,0.0710073240,0.0066666667,0.0159599390
2979,0,0.0104717852,0.0033333333,0.0032602143
2980,0,0.0121784761,0.0000000000,0.0023351149
2981,0,0.0047786872,0.0000000000,0.0038131948
2982,0,0.0074435370,0.0000000000,0.0007896522
2983,0,0.0135364740,0.0000000000,0.0026300149
2984,0,0.1387112880,0.0133333333,0.0223097149
2985,0,0.0050913200,0.0033333333,0.0107554067
2987,0,0.0660464578,0.0000000000,0.0162214134
2988,0,0.0025108196,0.0500000000,0.1505165994
2990,0,0.0300260486,0.0000000000,0.0082388716
2991,0,0.0066912699,0.0600000000,0.0135453502
2992,0,0.0227739363,0.0133333333,0.0107505936
2993,0,0.0038831093,0.0300000000,0.0300077628
2994,0,0.1430510790,0.0200000000,0.0351579525
2996,0,0.0150732289,0.0000000000,0.0020597568
2997,0,0.0057408194,0.0033333333,0.0196660925
2999,0,0.0144847827,0.0133333333,0.0031700961
3000,0,0.6718472371,0.1333333333,0.6563953161
3001,1,0.8978514405,0.2466666667,0.9816633463
3002,0,0.0333573862,0.0000000000,0.0026765524
3003,0,0.0181545005,0.0000000000,0.0160139855
3004,0,0.0102158787,0.0000000000,0.0195265356
3005,0,0.2379014289,0.0033333333,0.0063497466
3006,0,0.0124238910,0.0000000000,0.0015124471
3008,0,0.0481987570,0.0133333333,0.0369785987
3009,0,0.0140944640,0.0033333333,0.0090482458
3010,0,0.0095800686,0.0033333333,0.0032719546
3011,0,0.0171497021,0.0000000000,0.0019343264
3012,0,0.1508652920,0.0066666667,0.0154893892
3013,0,0.0506528599,0.0033333333,0.0426825397
3015,0,0.1754699046,0.0000000000,0.0025164904
3016,0,0.0071323524,0.0066666667,0.0285989773
3017,0,0.1563569038,0.0466666667,0.1591223776
3018,0,0.0840164105,0.1933333333,0.3338838220
3019,0,0.0094673514,0.0233333333,0.4244027138
3020,1,0.2934989230,0.6100000000,0.9845318198
3021,0,0.0365987369,0.0566666667,0.3808752298
3022,0,0.1740297387,0.1966666667,0.8328639269
3025,0,0.0480956682,0.0133333333,0.0513393767
3026,0,0.1422073867,0.3700000000,0.8906648755
3028,0,0.0011625224,0.0033333333,0.0046642791
3029,0,0.0547698139,0.0066666667,0.0368541963
3030,0,0.0836707648,0.0000000000,0.0017595866
3031,0,0.0007148481,0.0000000000,0.0009362373
3032,0,0.0013732256,0.0000000000,0.0036041767
3034,0,0.0022924043,0.0000000000,0.0054739532
3037,0,0.0056906769,0.0100000000,0.0086631915
3040,0,0.0016098523,0.0000000000,0.0016816852
3042,0,0.0043741784,0.0000000000,0.0016294601
3043,0,0.0045629805,0.0000000000,0.0006899165
3045,0,0.0086063105,0.0000000000,0.0060134092
3047,0,0.0031923854,0.0000000000,0.0006569783
3049,0,0.0181649000,0.0000000000,0.0013038297
3050,0,0.0617721897,0.0033333333,0.0123279756
3054,0,0.0010075614,0.0000000000,0.0018382479
3057,0,0.0039939342,0.0000000000,0.0056593153
3058,0,0.0186547184,0.0033333333,0.0056674569
3059,0,0.0119096527,0.0000000000,0.0010187237
3061,0,0.0070472454,0.0000000000,0.0028974158
3062,0,0.2362713059,0.0100000000,0.0483272113
3063,0,0.0145320482,0.0000000000,0.0011882609
3064,0,0.0168134441,0.0000000000,0.0089444024
3065,0,0.0059628377,0.0066666667,0.0022286770
3068,0,0.0059160617,0.0000000000,0.0014956667
3069,0,0.0025008257,0.0000000000,0.0007705024
3071,0,0.0024785571,0.0000000000,0.0048986231
3072,0,0.0444426992,0.0066666667,0.0077993996
3073,0,0.2087347176,0.0166666667,0.0279893801
3074,0,0.0667573679,0.0000000000,0.0023421082
3075,0,0.0100565765,0.0000000000,0.0047429912
3076,0,0.0088840711,0.0033333333,0.0037793592
3077,0,0.0185145845,0.0000000000,0.0078736776
3078,0,0.0062166952,0.0000000000,0.0049881120
3079,0,0.0966648257,0.0066666667,0.0135343457
3080,0,0.1495039285,0.0033333333,0.0274592917
3083,0,0.0065661299,0.0000000000,0.0008015262
3084,0,0.0066230948,0.0000000000,0.0073158108
3085,0,0.0528660006,0.0100000000,0.0046952469
3087,0,0.0063017048,0.0000000000,0.0013692849
3088,0,0.0358348680,0.0033333333,0.0027420749
3089,0,0.0030016767,0.0000000000,0.0009826889
3090,0,0.0063411752,0.0000000000,0.0007688950
3091,0,0.0283161176,0.0033333333,0.0167727228
3093,0,0.1672544437,0.0533333333,0.0654376000
3094,0,0.1303976983,0.0133333333,0.0111558791
3095,0,0.0334348962,0.0033333333,0.0139621617
3096,0,0.0122490436,0.0100000000,0.0029235804
3098,0,0.0407605305,0.0133333333,0.0150811244
3100,0,0.0631426276,0.0066666667,0.0030068080
3101,0,0.1056243675,0.0033333333,0.0009185139
3102,0,0.0050949930,0.0033333333,0.0024217016
3103,0,0.1048652486,0.0033333333,0.0176296346
3104,0,0.0177997732,0.0000000000,0.0094927950
3108,0,0.0112050976,0.0166666667,0.0784415826
3109,0,0.0297773012,0.0166666667,0.1491632164
3110,0,0.0978547874,0.0066666667,0.1878209114
3111,0,0.0002892299,0.0000000000,0.0005840323
3112,0,0.0021272294,0.0000000000,0.0012990501
3114,0,0.0316626159,0.0066666667,0.0108688632
3115,0,0.0009124451,0.0233333333,0.0089285746
3116,0,0.0050511113,0.0000000000,0.0006516709
3120,0,0.0018574430,0.0000000000,0.0010410263
3121,0,0.0048445341,0.0000000000,0.0010424461
3122,0,0.0176618828,0.0133333333,0.0039172582
3124,0,0.0012920184,0.0000000000,0.0006259847
3126,0,0.0015277661,0.0000000000,0.0027088881
3127,0,0.0014441299,0.0000000000,0.0014476272
3130,0,0.0059140050,0.0000000000,0.0008346245
3132,0,0.0035259587,0.0000000000,0.0009628407
3134,0,0.0165283776,0.0100000000,0.0158509314
3135,0,0.0294098951,0.0133333333,0.0081157871
3136,0,0.0276822959,0.0033333333,0.0598911420
3137,0,0.1512050012,0.0166666667,0.0244540237
3140,0,0.0016281816,0.0000000000,0.0009910148
3141,1,0.2875317444,0.1933333333,0.8250671625
3142,0,0.0320612702,0.0066666667,0.0121127786
3143,0,0.0095701894,0.0000000000,0.0015010487
3144,0,0.0029825098,0.0133333333,0.0100139584
3146,0,0.0043917977,0.0000000000,0.0057692244
3147,0,0.0027091722,0.0000000000,0.0112558268
3148,0,0.0058399425,0.0000000000,0.0068597449
3149,0,0.0021820343,0.0033333333,0.0075778905
3152,0,0.0134563240,0.0033333333,0.0206524748
3153,0,0.0097113117,0.0000000000,0.0014505410
3154,0,0.0704253202,0.0033333333,0.0048759705
3155,0,0.0359722337,0.0000000000,0.0014404091
3156,0,0.1219102173,0.0366666667,0.1395734847
3157,0,0.0040936157,0.0000000000,0.0010487245
3158,0,0.0135247916,0.0000000000,0.0015460949
3160,0,0.0205030847,0.0100000000,0.0253830757
3163,0,0.0130158040,0.0033333333,0.0188171398
3165,0,0.0134996459,0.0100000000,0.0087032523
3167,0,0.0097500591,0.0000000000,0.0133612631
3168,0,0.0193910968,0.0000000000,0.0202819556
3169,0,0.0023955682,0.0000000000,0.0016186830
3170,0,0.0295279444,0.0000000000,0.0119262999
3172,0,0.3895257322,0.0200000000,0.0466138646
3173,0,0.0160396967,0.0000000000,0.0023730102
3174,0,0.0141995487,0.0000000000,0.0016525994
3176,0,0.0652757168,0.0000000000,0.0387150086
3178,0,0.0057440901,0.0000000000,0.0063391919
3179,0,0.0976949956,0.0066666667,0.0245895982
3180,0,0.0246671665,0.0033333333,0.0009638545
3181,0,0.0850901171,0.0033333333,0.0208805650
3183,0,0.1529233219,0.0000000000,0.0100317150
3184,0,0.0126034170,0.0000000000,0.0011119960
3185,0,0.0148179140,0.0000000000,0.0030720120
3187,0,0.1340137840,0.0000000000,0.1625809669
3188,0,0.0094869767,0.0133333333,0.0419859290
3189,0,0.1939832403,0.0200000000,0.4062084258
3190,0,0.0163559813,0.0033333333,0.1836011857
3191,0,0.0092077001,0.0233333333,0.5896546245
3192,0,0.0618008955,0.1400000000,0.4062215090
3193,0,0.0067133636,0.0066666667,0.0435870476
3194,0,0.0034328264,0.0000000000,0.0030150297
3196,0,0.0007279538,0.0000000000,0.0009164687
3197,0,0.0021203312,0.0000000000,0.0006575662
3198,0,0.0028024627,0.0000000000,0.0009665964
3199,0,0.0064920947,0.0000000000,0.0007318356
3200,0,0.0011485962,0.0000000000,0.0006758193
3201,0,0.0032424864,0.0000000000,0.0017237779
3203,0,0.0034962075,0.0000000000,0.0018365181
3204,0,0.0016541756,0.0000000000,0.0007347941
3205,0,0.0639853510,0.0033333333,0.0086221201
3206,0,0.0026835495,0.0033333333,0.0012196713
3207,0,0.0016935200,0.0000000000,0.0004350614
3208,0,0.0013429194,0.0000000000,0.0007996225
3209,0,0.0019312274,0.0066666667,0.0012499677
3210,0,0.0012364120,0.0000000000,0.0009881698
3211,0,0.0061951936,0.0033333333,0.0119996211
3212,0,0.0834407658,0.0000000000,0.0025329888
3213,0,0.0034419787,0.0000000000,0.0010859295
3214,0,0.0049300620,0.0000000000,0.0016884996
3217,0,0.0016136132,0.0400000000,0.0121761560
3218,0,0.0164686268,0.0000000000,0.0053846138
3220,0,0.0032820543,0.0000000000,0.0027996101
3221,0,0.0028492883,0.0000000000,0.0024469681
3223,0,0.0074214509,0.0000000000,0.0145683065
3224,0,0.0016435531,0.0000000000,0.0023361393
3226,0,0.0112132124,0.0000000000,0.0042889249
3227,0,0.0391743159,0.0000000000,0.0046839607
3228,0,0.0052346607,0.0000000000,0.0034136451
3229,0,0.0568116714,0.0000000000,0.0065397075
3231,0,0.0070154146,0.0000000000,0.0022010587
3232,0,0.0279845449,0.0033333333,0.0290184338
3234,0,0.0066423199,0.0000000000,0.0031844929
3236,0,0.0148865013,0.0033333333,0.0117007596
3237,1,0.4295981005,0.0833333333,0.3588584363
3238,0,0.0066313300,0.0000000000,0.0046488089
3239,0,0.0025052932,0.0000000000,0.0062079635
3240,0,0.0965039393,0.0233333333,0.0427966975
3241,0,0.0172476551,0.0000000000,0.0014093294
3242,0,0.0193890628,0.0000000000,0.0024486564
3243,0,0.0110840671,0.0033333333,0.0064425510
3244,0,0.0116544203,0.0000000000,0.0049617132
3245,0,0.0386648712,0.0000000000,0.0119972350
3246,0,0.0055825580,0.0000000000,0.0018253687
3247,0,0.0287317569,0.0000000000,0.0033075807
3248,0,0.0035940537,0.0000000000,0.0009168613
3250,0,0.0195020934,0.0000000000,0.0131840482
3251,0,0.0046443323,0.0000000000,0.0104363561
3254,0,0.2909940442,0.0033333333,0.0048312987
3255,0,0.2118338543,0.0000000000,0.0128022358
3259,0,0.0247432887,0.0000000000,0.0138764186
3260,0,0.0085179913,0.0000000000,0.0023383431
3261,0,0.0395794049,0.0000000000,0.0290859099
3262,0,0.0100357301,0.0000000000,0.0089701768
3263,0,0.0298837147,0.0000000000,0.0029675923
3264,0,0.3034251257,0.1533333333,0.2107384652
3266,0,0.2445685688,0.1933333333,0.6628239155
3267,1,0.2337538471,0.4166666667,0.8770204186
3269,0,0.0215695902,0.0033333333,0.0128617501
3273,0,0.0071422637,0.0600000000,0.1684570760
3274,0,0.0322946233,0.0133333333,0.2167843133
3275,0,0.0028023605,0.0000000000,0.0014382093
3276,0,0.0010436323,0.0000000000,0.0029273191
3277,0,0.0031820431,0.0200000000,0.0776649117
3278,0,0.0102755135,0.0000000000,0.0014017145
3279,0,0.0043681710,0.0000000000,0.0007097597
3280,0,0.0477928236,0.0100000000,0.0701174065
3282,0,0.0066569962,0.0033333333,0.0253126100
3283,0,0.0071284004,0.0000000000,0.0062833964
3284,0,0.0124950220,0.0033333333,0.0517126769
3285,0,0.0118672632,0.0433333333,0.1025391892
3286,0,0.0035354351,0.0066666667,0.0046813423
3287,0,0.0120417723,0.0000000000,0.0012779982
3288,0,0.0009522143,0.0000000000,0.0024524564
3289,0,0.0035773524,0.0100000000,0.0046784440
3290,0,0.0236579597,0.0100000000,0.0294035207
3291,0,0.0032133320,0.0033333333,0.0095536495
3292,0,0.0103556460,0.0033333333,0.0024731513
3293,0,0.0077886011,0.0000000000,0.0084182182
3294,0,0.0324512871,0.0566666667,0.0811082870
3297,0,0.0024967216,0.0033333333,0.0037208069
3298,0,0.0062686388,0.0000000000,0.0008935168
3299,0,0.0047766807,0.0033333333,0.0038892748
3300,0,0.0072759304,0.0000000000,0.0151636349
3301,0,0.0022940331,0.0000000000,0.0003516109
3302,0,0.0126129016,0.0266666667,0.0892535374
3306,0,0.1037599329,0.0066666667,0.0159483571
3307,0,0.1747696168,0.0066666667,0.0394666567
3311,0,0.0089654276,0.0433333333,0.0710396320
3313,0,0.0027900245,0.0033333333,0.0315179639
3314,0,0.0208429126,0.0000000000,0.0027173117
3315,0,0.0254491155,0.0000000000,0.0016088310
3316,0,0.0127938575,0.0000000000,0.0008926300
3317,0,0.0654527602,0.0533333333,0.0401445366
3318,0,0.0030852675,0.0000000000,0.0117898416
3320,0,0.0075061128,0.0000000000,0.0029841508
3324,0,0.0174858278,0.0000000000,0.0026049537
3325,0,0.0059822506,0.0000000000,0.0013272137
3326,0,0.0078877111,0.0000000000,0.0035479900
3327,0,0.0104503236,0.0066666667,0.0055434098
3328,0,0.2857107725,0.1900000000,0.6168833375
3330,0,0.0079979143,0.0000000000,0.0042758165
3331,0,0.0788023490,0.0166666667,0.1108121946
3332,0,0.1021546676,0.0000000000,0.0015925197
3334,0,0.0228697201,0.1433333333,0.4836425483
3335,0,0.0040249726,0.0000000000,0.0015486380
3336,0,0.0180140747,0.0033333333,0.0077448217
3337,0,0.0083008310,0.0000000000,0.0122045279
3338,0,0.0089598477,0.0000000000,0.0085654268
3340,0,0.0737403054,0.0100000000,0.0163500253
3341,0,0.0216621302,0.0000000000,0.0067580263
3342,0,0.0424336115,0.0666666667,0.0305556674
3343,0,0.1491517443,0.0166666667,0.0214152709
3344,0,0.0226787148,0.0000000000,0.0048906757
3345,0,0.0075301323,0.0033333333,0.0076285675
3348,0,0.0514846062,0.0000000000,0.0024165509
3349,0,0.0179136410,0.0000000000,0.0020744365
3350,0,0.0057616635,0.0066666667,0.0166320261
3351,1,0.5083404463,0.2266666667,0.8116823435
3353,0,0.0231367189,0.0000000000,0.0063338685
3355,0,0.0572932193,0.0000000000,0.0064884108
3356,0,0.0859730977,0.0800000000,0.3905153573
3357,1,0.4852863407,0.5733333333,0.9649821520
3358,0,0.1396957377,0.0100000000,0.0058582025
3359,0,0.0210709616,0.0033333333,0.0154347075
3360,0,0.1007520766,0.0133333333,0.0165073629
3361,0,0.0819766893,0.1633333333,0.4481954873
3362,0,0.0582515475,0.1133333333,0.3558889627
3363,0,0.0727402395,0.1100000000,0.1310485601
3364,0,0.1616003395,0.0366666667,0.0433605537
3365,0,0.0133484782,0.0000000000,0.0009589152
3366,0,0.0004644223,0.0000000000,0.0027220026
3367,0,0.0020346002,0.0000000000,0.0008218160
3368,0,0.0011041772,0.0000000000,0.0009192896
3370,1,0.4429112397,0.8000000000,0.9927930832
3371,0,0.0007739604,0.0000000000,0.0008172434
3372,0,0.0065317513,0.0000000000,0.0028036705
3373,0,0.0036421654,0.0033333333,0.0069915755
3376,0,0.0100001745,0.0000000000,0.0064013097
3378,0,0.0003760737,0.0000000000,0.0018837067
3379,0,0.0013014943,0.0000000000,0.0016536021
3380,0,0.0008633234,0.0000000000,0.0037991360
3381,0,0.0041293186,0.0000000000,0.0016120733
3382,0,0.0095179156,0.0133333333,0.0757966414
3384,0,0.0022049918,0.0000000000,0.0001519098
3386,0,0.0133160537,0.0000000000,0.0020756104
3388,0,0.2433038246,0.2800000000,0.7106424570
3389,0,0.0168650564,0.0466666667,0.0681607574
3390,0,0.0494245939,0.0000000000,0.0101949843
3391,0,0.0131828787,0.0000000000,0.0012930828
3392,0,0.0403128784,0.0133333333,0.0051466790
3394,0,0.0787277235,0.0000000000,0.0081868488
3395,0,0.0060685449,0.0033333333,0.0047081243
3396,0,0.0069387668,0.0000000000,0.0007452208
3397,0,0.0007237997,0.0000000000,0.0029783950
3398,0,0.0034926816,0.0000000000,0.0010778250
3399,0,0.0042550781,0.0000000000,0.0026364769
3400,0,0.0055377458,0.0000000000,0.0013676605
3401,0,0.0220544830,0.0000000000,0.0021751442
3402,0,0.0044863395,0.0000000000,0.0017770655
3403,0,0.0679395683,0.0400000000,0.0602471232
3404,0,0.0529293438,0.0533333333,0.0726300478
3405,0,0.0103879096,0.0000000000,0.0030196214
3406,0,0.0039527546,0.0000000000,0.0013743796
3408,0,0.0474788837,0.0000000000,0.0208089445
3409,0,0.0033056880,0.0000000000,0.0058825156
3411,0,0.0081976215,0.0000000000,0.0100733303
3412,0,0.3143622838,0.0066666667,0.0449102633
3415,0,0.0462676948,0.0000000000,0.0027966909
3416,0,0.0197914928,0.0000000000,0.0032062591
3417,0,0.0297209576,0.0000000000,0.0150094870
3419,0,0.0206237560,0.0000000000,0.0031147434
3420,0,0.0138988237,0.0000000000,0.0056586927
3422,0,0.0032613471,0.0000000000,0.0163033810
3423,0,0.0215886957,0.0000000000,0.0008269393
3424,0,0.0065925672,0.0000000000,0.0090374472
3427,0,0.0655807484,0.0400000000,0.0830667987
3429,0,0.0916106410,0.0033333333,0.0493437313
3430,0,0.0055097013,0.0000000000,0.0081978673
3431,0,0.0144902021,0.0000000000,0.0039341981
3432,0,0.0369785871,0.0000000000,0.0184871536
3433,0,0.0263778448,0.0000000000,0.0109476494
3435,0,0.0231910757,0.0000000000,0.0033444434
3436,0,0.3627649995,0.0533333333,0.1563130766
3438,0,0.3519820669,0.0933333333,0.0677351207
3440,0,0.0611788612,0.0033333333,0.0017114638
3441,0,0.0342807438,0.0033333333,0.0037742155
3443,0,0.4285751379,0.0100000000,0.0267955251
3444,0,0.0446062324,0.0166666667,0.1249096468
3445,0,0.1575445582,0.2500000000,0.9311231971
3446,0,0.0291836441,0.0333333333,0.1746257097
3448,0,0.0440836393,0.0366666667,0.1616420001
3449,0,0.0195770798,0.0400000000,0.2300549001
3450,0,0.0252202332,0.0400000000,0.2363419086
3453,0,0.0008116150,0.0033333333,0.0009519010
3455,0,0.0040274682,0.0100000000,0.0061493251
3458,1,0.3348554630,0.6733333333,0.9892336130
3459,0,0.0030071410,0.0700000000,0.0380042419
3461,0,0.0035286721,0.0000000000,0.0025496848
3462,0,0.0057671533,0.2033333333,0.8145759106
3463,0,0.0023023179,0.0000000000,0.0009398597
3465,0,0.1361079937,0.4200000000,0.7325337529
3466,0,0.0037412807,0.0400000000,0.1703949422
3467,0,0.2802578326,0.0400000000,0.1370290816
3470,0,0.0133124964,0.0133333333,0.1614119262
3471,0,0.0021128043,0.0000000000,0.0012570436
3472,0,0.0585158904,0.0500000000,0.2138706595
3476,0,0.0079309731,0.0033333333,0.0050719553
3477,0,0.0353549035,0.0000000000,0.0024034374
3479,0,0.0019194829,0.0000000000,0.0029078990
3480,0,0.0015980716,0.0000000000,0.0031353172
3481,0,0.3304324327,0.0766666667,0.7043120265
3482,0,0.0077234812,0.0100000000,0.0138036581
3483,0,0.0101342663,0.0000000000,0.0068336115
3484,0,0.0068981353,0.0033333333,0.0077965772
3485,0,0.0095729855,0.0000000000,0.0042880308
3486,0,0.0357205515,0.0200000000,0.3591389954
3487,0,0.0044640073,0.0000000000,0.0117443958
3488,0,0.0049804796,0.0000000000,0.0032347208
3489,0,0.1572524198,0.1466666667,0.6674245596
3490,0,0.0073077212,0.0033333333,0.0103340419
3491,0,0.0054814401,0.0000000000,0.0069400151
3492,0,0.0041536127,0.0000000000,0.0115708113
3493,0,0.4006605419,0.2100000000,0.8607214093
3494,0,0.0122654572,0.0000000000,0.0015450441
3495,0,0.0143646595,0.3166666667,0.5093467236
3496,0,0.0172115219,0.0833333333,0.1682571769
3497,0,0.0153853883,0.3066666667,0.9423578978
3498,0,0.0127736365,0.0066666667,0.0023686320
3499,0,0.0850129454,0.1600000000,0.3436549604
3502,0,0.3259244388,0.2333333333,0.4438637197
3505,0,0.0175603284,0.0000000000,0.0036995101
3506,0,0.0078764264,0.0000000000,0.0055040382
3508,0,0.0032617361,0.0000000000,0.0056516835
3509,0,0.0119064510,0.0000000000,0.0094282478
3510,0,0.0156630557,0.0000000000,0.0027253067
3512,0,0.1073030048,0.1866666667,0.3430711925
3513,0,0.0572285669,0.0100000000,0.0095444759
3515,0,0.0902696617,0.0100000000,0.0214948487
3517,0,0.0910880314,0.0266666667,0.0257149320
3518,0,0.0182419613,0.0000000000,0.0054365005
3519,0,0.0290594991,0.2900000000,0.3721098900
3521,0,0.0294436141,0.0066666667,0.0045855264
3522,0,0.0386358222,0.0000000000,0.0024309766
3523,0,0.0255825004,0.0000000000,0.0035811889
3525,0,0.0344888532,0.1733333333,0.5192825794
3526,0,0.0174158090,0.0000000000,0.0176577512
3527,0,0.0083314216,0.0200000000,0.4216381907
3529,1,0.3336592796,0.6333333333,0.9721632600
3530,1,0.0728383842,0.0733333333,0.1973571330
3531,0,0.0026582583,0.0300000000,0.0313822553
3533,0,0.0047523609,0.0133333333,0.0077425982
3534,0,0.0031493233,0.0000000000,0.0012384416
3535,0,0.0011157228,0.0000000000,0.0005750141
3536,0,0.0009566815,0.0033333333,0.0008952202
3540,0,0.0068471588,0.0000000000,0.0009645830
3541,0,0.0012226296,0.0100000000,0.0069384044
3543,0,0.0054831794,0.0033333333,0.0026626266
3544,0,0.0012062415,0.0100000000,0.0138831204
3545,0,0.0011348463,0.0000000000,0.0047141388
3546,0,0.0078728167,0.0000000000,0.0017943445
3547,0,0.0105283478,0.1800000000,0.9395034313
3549,0,0.0056484467,0.0100000000,0.0069177402
3550,0,0.0801355828,0.0566666667,0.3821585476
3551,0,0.0026957887,0.0000000000,0.0019858766
3553,0,0.0213587989,0.0733333333,0.7426034212
3555,0,0.0207675971,0.0000000000,0.0031163341
3556,0,0.0095994090,0.0033333333,0.0072475155
3559,0,0.0035294702,0.0000000000,0.0040359572
3560,0,0.0021209604,0.0000000000,0.0070291404
3561,0,0.0079181050,0.0000000000,0.0035322087
3563,0,0.0170605469,0.0000000000,0.0013859873
3564,0,0.0011587928,0.0000000000,0.0034495790
3565,0,0.0110843583,0.0000000000,0.0022273595
3566,0,0.0594332907,0.0100000000,0.0556293204
3567,0,0.3676491127,0.3966666667,0.6275593042
3568,0,0.0051305185,0.0000000000,0.0061672791
3569,0,0.1640205236,0.3433333333,0.7093332410
3570,0,0.0051719278,0.0000000000,0.0093019679
3573,0,0.1312721842,0.0033333333,0.0073656621
3574,0,0.0771957886,0.0033333333,0.0216816962
3577,0,0.0733348677,0.0000000000,0.0021915461
3578,0,0.0042707168,0.0000000000,0.0057575596
3580,1,0.8191604746,0.7766666667,0.9916424751
3581,0,0.0112387903,0.0033333333,0.0015828499
3582,0,0.0062800327,0.0000000000,0.0035149422
3584,0,0.0155360471,0.0000000000,0.0116173187
3585,0,0.6696802378,0.4966666667,0.9854121804
3586,0,0.0566896507,0.0000000000,0.0055018226
3587,0,0.0170655924,0.0000000000,0.0018749456
3588,0,0.0070755380,0.0000000000,0.0048267893
3589,0,0.0501163788,0.0033333333,0.0064122616
3591,0,0.0546788946,0.0000000000,0.0410386324
3592,0,0.0151574735,0.0000000000,0.0021657301
3595,0,0.0367024444,0.0066666667,0.0289856475
3596,0,0.0520995070,0.0000000000,0.0048551387
3599,0,0.2867423851,0.0300000000,0.1716492772
3600,0,0.0914088461,0.0166666667,0.0880753696
3601,0,0.0111592111,0.0000000000,0.0099488478
3602,0,0.0240364994,0.1200000000,0.3719124198
3603,0,0.0346772955,0.0200000000,0.1106290966
3605,0,0.0099917003,0.0000000000,0.0038329554
3606,0,0.0180436520,0.0000000000,0.0024153143
3607,0,0.2203617247,0.5300000000,0.8772744536
3608,0,0.0304408219,0.0000000000,0.0072429874
3609,0,0.0304254234,0.0033333333,0.0180262513
3610,0,0.0134473402,0.0066666667,0.0057062209
3611,0,0.0081775290,0.0200000000,0.0819765925
3612,1,0.0676029449,0.1300000000,0.5215792656
3613,0,0.0076959758,0.0066666667,0.0039488883
3614,0,0.0055329408,0.0100000000,0.0027408663
3615,0,0.0012096502,0.0000000000,0.0005181363
3616,0,0.0010696750,0.0000000000,0.0006064918
3617,0,0.0009275716,0.0100000000,0.0009913722
3620,0,0.0046486316,0.0100000000,0.0039813775
3621,0,0.0012437687,0.0066666667,0.0000909764
3622,0,0.0013325107,0.0033333333,0.0029521903
3623,0,0.0036558542,0.0000000000,0.0007890204
3624,0,0.0013665589,0.0000000000,0.0005904192
3626,0,0.0035494616,0.0033333333,0.0003231403
3627,0,0.0185380798,0.1333333333,0.4182267487
3628,0,0.0012696841,0.0000000000,0.0010673724
3629,0,0.0023160456,0.0000000000,0.0009815042
3630,0,0.0047295670,0.0033333333,0.0015099605
3631,0,0.0109826357,0.0000000000,0.0007749024
3632,0,0.0003472259,0.0500000000,0.0045570200
3633,0,0.0025694906,0.0000000000,0.0009110382
3634,0,0.0061624389,0.0000000000,0.0006503828
3635,0,0.0027770775,0.0000000000,0.0021565761
3636,0,0.0033381831,0.0000000000,0.0005497516
3638,0,0.0014629431,0.0000000000,0.0005209961
3639,0,0.0076787844,0.0033333333,0.0054522008
3640,0,0.0082422507,0.0000000000,0.0017487003
3642,0,0.0094709425,0.0000000000,0.0009931325
3643,0,0.1141536869,0.3200000000,0.6869649887
3645,0,0.0019477693,0.0000000000,0.0010351494
3646,0,0.0092753896,0.0000000000,0.0023455948
3647,0,0.0071821657,0.0033333333,0.0012212006
3648,0,0.0096919473,0.0000000000,0.0038336543
3651,0,0.0053984165,0.0000000000,0.0043119499
3654,0,0.0057331024,0.0000000000,0.0008040944
3655,0,0.0119946693,0.0000000000,0.0016076978
3657,0,0.0659479022,0.0266666667,0.1097114086
3658,0,0.0380949074,0.0166666667,0.0042889249
3659,0,0.0136902304,0.0000000000,0.0085473442
3661,0,0.0513712520,0.0000000000,0.0341431797
3662,0,0.0118273818,0.0000000000,0.0011064543
3663,0,0.0039775842,0.0000000000,0.0023543919
3665,0,0.0058090350,0.0033333333,0.0031570557
3666,0,0.0293301021,0.2133333333,0.7167091370
3668,0,0.0199029526,0.0000000000,0.0015655720
3670,0,0.0119197720,0.0000000000,0.0019543318
3671,0,0.0062091117,0.0333333333,0.0117095858
3673,0,0.0120774694,0.0000000000,0.0007237483
3675,0,0.0971060556,0.2633333333,0.4840838611
3677,0,0.0160980797,0.0000000000,0.0043247333
3678,0,0.1113068420,0.0700000000,0.2440351546
3680,0,0.0598768848,0.0033333333,0.0012421984
3681,0,0.0364925076,0.0000000000,0.0012502493
3686,0,0.1157749990,0.0466666667,0.0568364188
3688,0,0.0077211812,0.0000000000,0.0013565090
3690,0,0.0279797296,0.0000000000,0.0026516393
3693,0,0.0104448360,0.0000000000,0.0012412085
3694,0,0.0052556246,0.0200000000,0.0076924143
3695,0,0.1183405028,0.0133333333,0.0781886876
3697,0,0.0127335386,0.0066666667,0.0128077259
3698,0,0.0036857525,0.0000000000,0.0050888318
3699,0,0.0007061815,0.0000000000,0.0005635408
3701,0,0.0334824113,0.0033333333,0.0183315258
3702,0,0.0094850326,0.0133333333,0.0215476863
3703,0,0.0059436565,0.0033333333,0.0251453388
3704,0,0.0129062985,0.0633333333,0.0114763891
3705,0,0.0099286639,0.0066666667,0.0070434893
3706,0,0.0008436967,0.0033333333,0.0009328009
3707,0,0.0151138095,0.0000000000,0.0006981256
3708,0,0.0014322694,0.0000000000,0.0010864970
3710,0,0.0031121582,0.0000000000,0.0009497897
3711,0,0.0019009006,0.0000000000,0.0003864832
3712,0,0.0055541392,0.0000000000,0.0008840250
3714,0,0.0025656627,0.0000000000,0.0008047076
3715,0,0.0028033121,0.0000000000,0.0008297734
3716,0,0.0095130461,0.0000000000,0.0020795155
3718,0,0.0051163166,0.0033333333,0.0027320334
3720,0,0.0197597802,0.0000000000,0.0010069617
3724,0,0.0020180823,0.0000000000,0.0004843867
3727,0,0.0028613696,0.0000000000,0.0009753900
3729,0,0.0179421359,0.0000000000,0.0025533547
3731,0,0.0203360422,0.0633333333,0.0294769034
3732,0,0.0041062112,0.0666666667,0.1559367180
3733,0,0.0170520188,0.1966666667,0.3162123263
3735,0,0.0066227763,0.0000000000,0.0009651019
3736,0,0.3714381813,0.1066666667,0.1957634389
3737,0,0.0025750478,0.0000000000,0.0014244763
3739,0,0.0164790264,0.0033333333,0.0047621033
3740,0,0.0032947938,0.0000000000,0.0018193021
3741,0,0.0675533221,0.0133333333,0.0180549342
3743,0,0.0095347847,0.0000000000,0.0013334277
3745,0,0.2043897886,0.0100000000,0.0150638595
3746,0,0.0068942268,0.0000000000,0.0014929844
3748,0,0.0174827836,0.0000000000,0.0004894466
3749,0,0.0199307935,0.0033333333,0.0027082479
3750,0,0.0277726526,0.0000000000,0.0012910622
3751,0,0.0034513961,0.0000000000,0.0008934797
3752,0,0.0576639106,0.0000000000,0.0005871883
3753,0,0.0082404898,0.0033333333,0.0043891934
3754,0,0.1036531660,0.0066666667,0.0050851535
3756,0,0.0980051859,0.3500000000,0.6812903285
3757,0,0.0075581223,0.0000000000,0.0035649287
3758,0,0.0037956915,0.0000000000,0.0026467030
3761,1,0.0538991906,0.4033333333,0.9445124269
3762,0,0.0084597526,0.0000000000,0.0009417273
3765,0,0.2622007286,0.3100000000,0.5924289823
3768,0,0.0579748622,0.0000000000,0.0015895664
3771,0,0.0133664534,0.0000000000,0.0025122187
3773,0,0.0909945128,0.0200000000,0.0069761421
3775,0,0.0805941719,0.0033333333,0.0036563985
3776,0,0.0157174739,0.0133333333,0.0765483230
3777,0,0.0361269778,0.0033333333,0.1344517916
3779,0,0.0284781175,0.3133333333,0.4862291515
3780,0,0.0019208842,0.0000000000,0.0003814350
3781,0,0.0077059849,0.0033333333,0.0020629251
3782,0,0.0069984454,0.0000000000,0.0032477444
3783,0,0.0020009553,0.0000000000,0.0031484088
3784,0,0.0067390799,0.0400000000,0.2937273979
3788,1,0.0082788114,0.6666666667,0.9319552779
3790,0,0.0034993070,0.0000000000,0.0024341480
3791,0,0.0253765351,0.0500000000,0.2492816299
3792,0,0.0181440131,0.0000000000,0.0006553412
3794,1,0.0251072311,0.2433333333,0.3132791817
3796,0,0.0023779966,0.0033333333,0.0184718724
3797,0,0.0022216533,0.0000000000,0.0037940466
3798,0,0.0139527573,0.0000000000,0.0028884313
3799,0,0.0048504696,0.0000000000,0.0020892574
3800,0,0.0012730944,0.0033333333,0.0058483970
3801,0,0.0049902145,0.0000000000,0.0095531764
3803,0,0.0117923140,0.0000000000,0.0051823868
3804,0,0.0073063652,0.0000000000,0.0102643287
3809,0,0.0021240131,0.0066666667,0.0059424634
3811,0,0.0080198449,0.0000000000,0.0042223912
3812,0,0.0015968924,0.0000000000,0.0108306101
3814,0,0.0360720835,0.0233333333,0.0263399277
3816,0,0.0057419242,0.0000000000,0.0043231649
3817,0,0.0644226285,0.0066666667,0.0370406620
3818,0,0.0995582923,0.0400000000,0.2959927022
3823,0,0.0201487428,0.0000000000,0.0010674110
3825,0,0.0061100981,0.0000000000,0.0138240615
3826,0,0.0458169584,0.0133333333,0.1963028610
3827,0,0.0143810086,0.0000000000,0.0261861272
3828,0,0.0143364756,0.0000000000,0.0073067336
3829,0,0.0088815623,0.0033333333,0.0051003769
3832,0,0.0149339612,0.0166666667,0.0155127477
3835,0,0.1298718766,0.1966666667,0.4071477950
3836,0,0.0180359406,0.0000000000,0.0021565116
3838,0,0.1294932673,0.0500000000,0.0544342212
3839,0,0.0338513242,0.0000000000,0.0016499833
3841,0,0.0190000387,0.0033333333,0.0033559627
3842,0,0.1278892571,0.0000000000,0.0005764010
3845,0,0.1367082521,0.0000000000,0.0061345617
3847,0,0.0884670242,0.0433333333,0.3555504382
3848,0,0.0661689492,0.0033333333,0.0059508714
3849,0,0.0227701596,0.0000000000,0.0057553579
3851,0,0.0156645310,0.0233333333,0.0186898652
3853,0,0.0959998353,0.0000000000,0.0250544418
3854,0,0.0440800853,0.0000000000,0.0014120754
3855,1,0.9508207345,0.6733333333,0.9981914163
3856,0,0.0073733112,0.0033333333,0.0009500088
3858,0,0.0320716002,0.0100000000,0.0213232357
3861,0,0.0195165240,0.1733333333,0.7589596510
3862,0,0.0349697885,0.0866666667,0.1598666459
3864,0,0.0109986440,0.0166666667,0.1383797228
3865,0,0.0177911429,0.3633333333,0.8505381942
3866,1,0.0239528036,0.0100000000,0.0527285151
3868,1,0.3396240431,0.7366666667,0.9604074955
3869,0,0.0031730612,0.0166666667,0.0026449149
3870,0,0.0182737113,0.0066666667,0.0042694751
3871,0,0.0117961390,0.0133333333,0.0145095382
3872,0,0.0022544845,0.0000000000,0.0020400789
3873,0,0.0086971837,0.0066666667,0.0270060357
3875,0,0.0086428721,0.3833333333,0.8733935356
3876,0,0.0309487380,0.0100000000,0.0869985074
3878,0,0.0181441112,0.0066666667,0.0052077421
3879,0,0.0043706144,0.0000000000,0.0009755638
3880,0,0.0324174404,0.0133333333,0.0210999884
3881,0,0.0006915165,0.0000000000,0.0008387886
3882,0,0.0241744539,0.0033333333,0.0007791444
3883,0,0.0062756423,0.0000000000,0.0033413854
3884,0,0.0052773239,0.0000000000,0.0008943928
3885,0,0.0048408347,0.0000000000,0.0005931781
3886,0,0.0021093335,0.0000000000,0.0069173635
3888,0,0.0785764567,0.0100000000,0.0116034690
3889,0,0.0089350298,0.0000000000,0.0014633016
3890,0,0.0693948796,0.0033333333,0.0425981060
3891,0,0.0798129938,0.0033333333,0.0678666905
3892,0,0.0171491330,0.0033333333,0.0107305804
3893,0,0.0257964234,0.1200000000,0.3584553599
3894,0,0.0193403229,0.0000000000,0.0011114484
3895,0,0.0056625759,0.0000000000,0.0059007164
3897,0,0.0038094853,0.0000000000,0.0015680275
3898,0,0.0036205041,0.0000000000,0.0007207278
3899,0,0.0008552237,0.0033333333,0.0021868329
3900,0,0.0028854648,0.0033333333,0.0015522749
3901,0,0.0703914122,0.0000000000,0.0018397508
3902,0,0.0020932241,0.0000000000,0.0009087338
3904,0,0.0029812027,0.0000000000,0.0001605302
3905,0,0.0359872327,0.0000000000,0.0028784890
3906,0,0.0033860815,0.0000000000,0.0012751920
3907,0,0.4276428386,0.6200000000,0.7493711710
3908,0,0.0047510361,0.0000000000,0.0009722266
3912,0,0.0298072491,0.1366666667,0.3147369325
3914,0,0.0037556363,0.0000000000,0.0008307497
3915,0,0.0043796443,0.0066666667,0.0008753284
3916,0,0.0114474289,0.0000000000,0.0010833452
3918,0,0.0067266762,0.0000000000,0.0040965779
3919,0,0.0706620242,0.3000000000,0.5863968730
3920,0,0.0080936224,0.0066666667,0.0009444354
3921,0,0.0695948899,0.0033333333,0.0054590832
3922,0,0.0377496526,0.0033333333,0.0026519885
3923,0,0.0189522429,0.0000000000,0.0037433356
3924,0,0.0144957112,0.0000000000,0.0014464662
3925,0,0.0178865398,0.0000000000,0.0011231219
3926,0,0.0081864354,0.0000000000,0.0061769574
3928,0,0.0084811420,0.0066666667,0.0053555076
3929,1,0.8077142391,0.3166666667,0.8861294985
3930,0,0.0153410348,0.0000000000,0.0042138789
3931,0,0.0373005995,0.0000000000,0.0075497772
3932,0,0.0099705462,0.0000000000,0.0047481465
3933,0,0.0553449349,0.0000000000,0.0136010414
3934,0,0.0215036493,0.0000000000,0.0092958445
3937,0,0.0359719865,0.0000000000,0.0031649109
3938,0,0.0357746825,0.0000000000,0.0011439768
3939,0,0.0143132756,0.0000000000,0.0009401324
3942,0,0.0386361424,0.0000000000,0.0019106378
3943,0,0.0502945478,0.0333333333,0.1001009792
3944,1,0.9202870015,0.7400000000,0.9957736135
3946,0,0.0017641400,0.0000000000,0.0005255280
3948,0,0.0017465694,0.0000000000,0.0018870806
3949,0,0.0009809735,0.0000000000,0.0005096964
3951,0,0.0056449830,0.0000000000,0.0010418688
3953,0,0.0011240332,0.0033333333,0.0006557810
3954,0,0.0020328648,0.0000000000,0.0008093382
3955,0,0.0023707774,0.0000000000,0.0034854459
3957,0,0.0023651732,0.0000000000,0.0003715113
3958,0,0.0258040151,0.0000000000,0.0014916067
3959,0,0.0816224208,0.2433333333,0.3374959826
3960,0,0.0024545885,0.0000000000,0.0006482200
3961,0,0.0134099005,0.0100000000,0.0302729830
3962,0,0.0015512916,0.0000000000,0.0005834764
3963,0,0.0018707085,0.0000000000,0.0007955215
3964,0,0.0014356915,0.0000000000,0.0001554188
3966,0,0.0038250365,0.0000000000,0.0007477895
3968,0,0.0143341493,0.0033333333,0.0053018923
3971,0,0.0059665626,0.3233333333,0.4721071124
3972,0,0.0042556887,0.0000000000,0.0010510681
3973,0,0.0019121395,0.0000000000,0.0013134698
3974,0,0.0252413794,0.0000000000,0.0011669641
3977,0,0.0058229296,0.1866666667,0.4784515500
3979,0,0.0140380117,0.0200000000,0.0665400550
3980,0,0.0107375755,0.0033333333,0.0126053495
3981,0,0.0110249177,0.1466666667,0.2559245825
3982,0,0.0067592329,0.0000000000,0.0017939431
3983,0,0.0823634651,0.0066666667,0.0084667131
3984,0,0.0214941051,0.0100000000,0.0267785955
3986,0,0.0597201121,0.0133333333,0.0615356453
3987,0,0.0010046597,0.0000000000,0.0007967630
3988,0,0.0106028111,0.0000000000,0.0018884687
3989,0,0.0294564177,0.0000000000,0.0016712497
3991,0,0.0032340356,0.0000000000,0.0009690002
3993,0,0.0112938502,0.0000000000,0.0004478505
3994,0,0.0220156367,0.3700000000,0.4156043828
3995,0,0.0080240241,0.0000000000,0.0032840876
3996,0,0.0083557853,0.0000000000,0.0008696470
3998,0,0.2295221756,0.0066666667,0.0441725478
4000,0,0.0432526533,0.0100000000,0.0345850773
4001,0,0.1239941929,0.0233333333,0.0678862557
4003,1,0.7325656542,0.1533333333,0.0526483655
4004,0,0.0237841616,0.0033333333,0.0025976188
4005,0,0.2990641218,0.2900000000,0.5831549168
4006,0,0.0513461126,0.0166666667,0.0182458665
4007,0,0.0891664294,0.0000000000,0.0024596716
4008,0,0.1064899140,0.2666666667,0.3228123188
4010,0,0.0379432078,0.0000000000,0.0007753936
4011,0,0.0284038412,0.0000000000,0.0015438852
4012,0,0.3443538237,0.0566666667,0.0465351082
4013,0,0.1109082781,0.1500000000,0.2666747868
4015,0,0.0437325531,0.0000000000,0.0019120323
4017,0,0.0200625996,0.0000000000,0.0145620573
4018,0,0.0502835787,0.0000000000,0.0064254412
4019,0,0.0046676860,0.0000000000,0.0037364936
4020,0,0.1731868323,0.0033333333,0.0289690904
4021,0,0.1043275765,0.2566666667,0.4413916171
4024,0,0.1604210055,0.3833333333,0.7359631658
4026,0,0.0082181328,0.0666666667,0.0754014030
4028,0,0.0542345749,0.2533333333,0.6696987152
4031,0,0.1675071605,0.1266666667,0.9492849708
4033,1,0.2216493211,0.3433333333,0.9072002172
4034,0,0.0506142369,0.0766666667,0.8436449170
4037,0,0.0285021860,0.0100000000,0.0651584864
4038,0,0.0020265759,0.0000000000,0.0036821982
4039,0,0.0012257685,0.0000000000,0.0050656716
4040,0,0.0080134639,0.0000000000,0.0026747303
4041,0,0.0024596473,0.0000000000,0.0027013342
4042,0,0.0011538762,0.0000000000,0.0038765343
4043,0,0.0061658172,0.0066666667,0.0027831434
4044,0,0.0083158852,0.0233333333,0.1101692095
4045,1,0.0087655331,0.0000000000,0.0265247133
4046,0,0.0008538451,0.0066666667,0.0028579943
4047,0,0.0065006021,0.0000000000,0.0368844979
4048,0,0.0158114770,0.0200000000,0.0222324282
4049,1,0.6960551603,0.7800000000,0.9677361846
4050,0,0.0084659111,0.0000000000,0.0036889007
4052,0,0.0086193998,0.0500000000,0.0693942085
4053,0,0.0057986263,0.0033333333,0.0033368624
4054,0,0.0569624647,0.0500000000,0.0231728218
4055,0,0.0047079115,0.0000000000,0.0042261840
4056,0,0.0043568698,0.0000000000,0.0006936715
4057,0,0.0072782253,0.0000000000,0.0042946362
4058,0,0.0057934366,0.0000000000,0.0080415439
4059,0,0.0201634296,0.0266666667,0.0190661605
4062,0,0.0058183559,0.0033333333,0.0052625267
4063,0,0.0121535857,0.0033333333,0.0278211664
4064,0,0.0061170816,0.0000000000,0.0057576005
4066,0,0.0036703022,0.0000000000,0.0081610605
4068,0,0.0913739598,0.0300000000,0.1943885386
4069,0,0.0455453233,0.0833333333,0.2573142350
4070,0,0.0162374212,0.1133333333,0.3542869091
4071,0,0.2411077756,0.5766666667,0.9480563998
4072,1,0.8404921529,0.6766666667,0.9972105622
4073,0,0.0085629475,0.0000000000,0.0058800345
4074,0,0.0170773941,0.0066666667,0.0532664843
4075,0,0.0180071329,0.0066666667,0.0346491784
4077,0,0.0074506656,0.0000000000,0.0074895788
4078,0,0.0635388365,0.0000000000,0.0039868481
4083,0,0.0383483396,0.0000000000,0.0095473025
4085,0,0.0252269843,0.0000000000,0.0139632123
4087,0,0.0181851249,0.0000000000,0.0106942924
4088,1,0.2713961803,0.4133333333,0.9660232663
4090,0,0.0334472339,0.0066666667,0.0039195586
4091,0,0.1105005191,0.0100000000,0.0409599468
4092,0,0.0058057196,0.0000000000,0.0046543768
4093,0,0.0070121777,0.0000000000,0.0031938460
4094,0,0.0040873756,0.0000000000,0.0035120889
4095,0,0.0142432008,0.0000000000,0.0036687753
4097,1,0.1574691895,0.6633333333,0.9577143192
4098,0,0.0090031629,0.0000000000,0.0218247939
4099,0,0.0128984155,0.0000000000,0.0090221036
4103,0,0.1314745548,0.0166666667,0.2383410037
4104,0,0.0602257415,0.0266666667,0.0327486023
4105,0,0.1473230935,0.0433333333,0.1927002072
4106,0,0.0236898534,0.0000000000,0.0041604103
4108,0,0.0428854587,0.0000000000,0.0101799592
4109,0,0.0283845318,0.0000000000,0.0038333118
4110,0,0.1350641274,0.0200000000,0.0957729071
4111,0,0.0530893679,0.6000000000,0.9626767039
4113,0,0.0166794264,0.0000000000,0.0121361660
4115,0,0.2820012809,0.4266666667,0.9495893717
4116,0,0.2121517834,0.3566666667,0.9527838230
4117,0,0.6342851964,0.3166666667,0.9443526268
4118,1,0.4274719475,0.6933333333,0.9936450720
4119,0,0.1038318700,0.3566666667,0.9829178452
4120,1,0.0350099755,0.3366666667,0.9543542862
4122,1,0.0697293094,0.2000000000,0.9005083442
4124,0,0.0029975397,0.0033333333,0.0074861413
4125,0,0.0608114144,0.0633333333,0.3773387969
4128,0,0.0031285142,0.0100000000,0.0295327958
4129,0,0.0007220982,0.0000000000,0.0015955863
4130,0,0.0028445843,0.0233333333,0.0053628562
4132,0,0.0340608166,0.0066666667,0.0074776080
4134,0,0.0047635413,0.0000000000,0.0031049852
4136,0,0.0029614747,0.0000000000,0.0028823386
4138,0,0.0388057311,0.0933333333,0.2026224881
4139,1,0.0987816179,0.4400000000,0.9001818299
4140,0,0.0014668116,0.0000000000,0.0029472848
4141,1,0.3484444642,0.4633333333,0.8727980852
4143,0,0.0804484393,0.0066666667,0.0544060133
4145,0,0.0081229315,0.0000000000,0.0064523560
4146,0,0.0223279849,0.0166666667,0.0060656266
4148,0,0.0117549965,0.0133333333,0.0223517623
4149,0,0.0134130392,0.0000000000,0.0035401948
4150,0,0.0233740066,0.0000000000,0.0095835924
4151,0,0.0121257591,0.0000000000,0.0068162158
4152,1,0.0154679347,0.2500000000,0.9556259513
4153,0,0.0125295819,0.0066666667,0.1437095255
4154,1,0.0243859970,0.3000000000,0.9162761569
4155,0,0.0102172443,0.0000000000,0.0039066211
4156,1,0.0097183497,0.1700000000,0.4589092731
4158,1,0.1934190268,0.3266666667,0.8271266818
4159,0,0.0074767245,0.0000000000,0.0031599398
4160,0,0.0060190734,0.0000000000,0.0037866374
4163,0,0.0040148540,0.0000000000,0.0113549037
4164,0,0.0164248620,0.0000000000,0.0175524782
4165,1,0.0306134564,0.7766666667,0.9633706808
4167,0,0.1609537257,0.0066666667,0.0204768684
4168,0,0.0059000653,0.0000000000,0.0109049147
4169,0,0.0088423555,0.0000000000,0.0162463766
4170,0,0.0142281152,0.0033333333,0.0037195929
4172,0,0.0072209427,0.0000000000,0.0045768567
4173,0,0.0997678529,0.0566666667,0.4177816212
4174,1,0.0377434597,0.3700000000,0.8879882097
4175,0,0.0173677271,0.0133333333,0.0156224631
4176,0,0.0190170082,0.0000000000,0.0093672415
4178,0,0.0211506311,0.0000000000,0.0124893766
4179,0,0.0294747588,0.0000000000,0.0111880070
4181,0,0.0159720258,0.0000000000,0.0092632771
4182,0,0.0341443768,0.0000000000,0.0129292458
4183,1,0.3249753616,0.5600000000,0.9504221082
4184,0,0.2041684190,0.0366666667,0.3510361314
4185,1,0.1787482053,0.5533333333,0.9648526907
4186,1,0.0666482334,0.7933333333,0.9651664495
4187,0,0.0094541378,0.0000000000,0.0072593028
4188,0,0.0123669295,0.0000000000,0.0163669363
4189,0,0.0105261681,0.0033333333,0.0128506329
4190,0,0.0098847150,0.0000000000,0.0172727965
4191,0,0.0117806318,0.0033333333,0.0138493972
4192,0,0.5253870550,0.3766666667,0.9160572290
4194,0,0.0421263670,0.0000000000,0.0028861619
4195,0,0.1023173848,0.0066666667,0.0230288990
4196,0,0.0519584504,0.0000000000,0.0016504476
4199,0,0.0469534122,0.0000000000,0.0144229420
4200,0,0.0201658519,0.0033333333,0.0028046679
4201,0,0.0295704104,0.0033333333,0.0071236510
4203,0,0.1243634898,0.0666666667,0.1498001963
4204,0,0.0088788489,0.1800000000,0.7654221654
4206,0,0.0251669518,0.0266666667,0.1217986718
4207,0,0.0158670054,0.0133333333,0.0421754308
4208,1,0.0231848549,0.0133333333,0.0508657843
4209,0,0.0012094263,0.0066666667,0.0052920138
4210,0,0.0074986613,0.0600000000,0.4318230748
4211,0,0.0022405418,0.0000000000,0.0040959320
4212,1,0.0134890483,0.4933333333,0.9293386340
4214,0,0.0038066624,0.0000000000,0.0069543705
4215,0,0.0039531439,0.0000000000,0.0027905565
4218,0,0.0029734737,0.0000000000,0.0135051925
4219,0,0.0029925686,0.0033333333,0.0054405751
4220,0,0.0014217437,0.0000000000,0.0027682658
4221,0,0.2319766923,0.4200000000,0.9201326370
4222,0,0.0040605842,0.0000000000,0.0058480888
4225,0,0.0020709481,0.0000000000,0.0050349981
4226,1,0.0181353987,0.6433333333,0.9533364773
4227,0,0.0085958377,0.0000000000,0.0041996525
4228,0,0.0128887764,0.1666666667,0.4905742705
4229,0,0.0533852831,0.0033333333,0.0104294149
4231,0,0.0116209398,0.0000000000,0.0023985796
4233,0,0.0105397157,0.0033333333,0.0286502745
4234,0,0.0215353984,0.2933333333,0.9377397299
4235,0,0.0020468960,0.0000000000,0.0073400778
4236,0,0.0082962121,0.0133333333,0.0715115443
4237,0,0.0335723814,0.0000000000,0.0046006651
4238,0,0.0053544993,0.0000000000,0.0042783529
4239,0,0.0017956479,0.0000000000,0.0023346483
4240,0,0.0034816290,0.0033333333,0.0089161145
4241,0,0.0077009135,0.0000000000,0.0023075994
4243,0,0.0811287829,0.0233333333,0.0077741961
4245,0,0.0077578624,0.0000000000,0.0076578693
4246,0,0.0242104082,0.0000000000,0.0026789287
4247,0,0.0064417167,0.0000000000,0.0072965133
4248,1,0.4693411158,0.3833333333,0.8909682035
4249,0,0.0098610579,0.0000000000,0.0044261687
4250,1,0.2255172588,0.4866666667,0.9657121301
4252,1,0.0812854627,0.1900000000,0.8172604442
4253,0,0.0915322302,0.0200000000,0.1719029844
4255,1,0.7860914508,0.6033333333,0.9900860190
4257,0,0.0085893079,0.0000000000,0.0035061997
4258,0,0.0259057726,0.0000000000,0.0024619810
4260,0,0.0121193975,0.0000000000,0.0030007046
4261,0,0.0127160486,0.0000000000,0.0021679148
4262,0,0.0154927338,0.0000000000,0.0022502088
4263,0,0.0495519388,0.0000000000,0.0038745941
4264,0,0.0412552241,0.0033333333,0.0041032033
4266,0,0.0089725990,0.0000000000,0.0163359288
4267,0,0.0156499021,0.0033333333,0.0135492627
4268,0,0.0813805146,0.0000000000,0.0040735295
4269,0,0.0246573485,0.0000000000,0.0151892686
4270,0,0.1012765132,0.0033333333,0.0038105042
4274,0,0.0146949690,0.0000000000,0.0059154695
4276,0,0.0131582703,0.0000000000,0.0117263673
4277,0,0.0961843479,0.0300000000,0.0294840112
4278,0,0.0263416761,0.0000000000,0.0043065529
4280,1,0.0500881742,0.5800000000,0.9762776494
4282,0,0.0213687963,0.0000000000,0.0045583979
4283,1,0.1431401927,0.4800000000,0.9583137631
4285,0,0.0601831412,0.0033333333,0.0126635311
4286,1,0.0791756039,0.3933333333,0.8280905485
4287,0,0.1362591095,0.0033333333,0.1233531758
4290,0,0.0152752295,0.0100000000,0.0074967993
4293,1,0.4996231149,0.0766666667,0.1429643780
4294,0,0.0887239017,0.3200000000,0.8493652344
4295,0,0.0186348246,0.0733333333,0.1819949746
4296,0,0.0448400970,0.0500000000,0.4005766213
4299,0,0.0025490191,0.0066666667,0.0201676060
4300,0,0.0181712929,0.0100000000,0.0864538401
4302,0,0.0792753905,0.0166666667,0.0093050627
4304,0,0.0262848139,0.0266666667,0.1674588174
4305,0,0.0014978437,0.0033333333,0.0024775807
4307,0,0.0049638817,0.0033333333,0.0018970040
4309,0,0.0141587485,0.0433333333,0.0050188755
4310,0,0.0024125305,0.0000000000,0.0005452855
4311,0,0.0022043588,0.0000000000,0.0008616729
4312,0,0.0025688608,0.0033333333,0.0008371135
4314,0,0.0411055252,0.0000000000,0.0039541433
4315,0,0.0018090125,0.0033333333,0.0011067126
4317,0,0.0069209508,0.0000000000,0.0012655641
4318,0,0.0067207602,0.0000000000,0.0072931638
4319,0,0.0222845010,0.0000000000,0.0036131367
4321,0,0.0076850821,0.0200000000,0.1054427102
4322,0,0.0050197044,0.0000000000,0.0065825148
4323,0,0.0084011844,0.0000000000,0.0158909410
4324,1,0.0368399116,0.5400000000,0.8339974880
4326,0,0.2422155953,0.0533333333,0.0813213438
4327,1,0.1618488460,0.1766666667,0.2235938013
4329,1,0.0178388560,0.1433333333,0.2095670104
4332,0,0.0119732541,0.0000000000,0.0040778671
4336,0,0.0287579660,0.0000000000,0.0030967218
4337,0,0.0949550571,0.0066666667,0.0437477008
4341,0,0.0207910388,0.0000000000,0.0041439408
4342,0,0.0429685710,0.0133333333,0.1169242263
4344,0,0.0171916404,0.0000000000,0.0028223228
4345,0,0.1040891894,0.0233333333,0.1366246492
4346,0,0.0240738011,0.0000000000,0.0045852871
4347,0,0.0081678567,0.0033333333,0.0200645588
4348,0,0.0069403912,0.0033333333,0.0088765090
4349,0,0.1381142176,0.0000000000,0.0189916696
4351,0,0.0262758616,0.0100000000,0.0038502649
4354,1,0.8263786631,0.2266666667,0.8971531391
4355,0,0.8027080825,0.0700000000,0.2098434567
4356,1,0.1454871876,0.1833333333,0.7140321136
4357,0,0.0286321452,0.0066666667,0.0254706740
4359,0,0.0211460962,0.0066666667,0.0204173252
4360,0,0.0207361424,0.0033333333,0.0106589049
4363,0,0.1688831575,0.0233333333,0.1403373480
4365,0,0.0077534793,0.0033333333,0.0224063825
4366,0,0.3011776011,0.0166666667,0.1475454122
4369,0,0.0179754627,0.0200000000,0.0147764916
4371,1,0.5348022561,0.6900000000,0.9981554151
4372,0,0.0673345229,0.0000000000,0.0091809155
4373,0,0.0458822315,0.0000000000,0.0275878273
4374,0,0.0315535222,0.0166666667,0.2915681601
4377,0,0.0288259829,0.0433333333,0.3950738609
4378,0,0.2844512897,0.0600000000,0.3728756905
4379,0,0.0919971104,0.1366666667,0.8875359297
4381,0,0.4036211965,0.2733333333,0.7995957732
4383,0,0.1333874849,0.1166666667,0.3104176819
4384,1,0.9459736175,0.6733333333,0.9989950061
4386,1,0.2086936313,0.1500000000,0.7565787435
4387,0,0.0110570636,0.0066666667,0.0027861213
4388,0,0.0136517896,0.0000000000,0.0056228004
4389,0,0.0016379202,0.0000000000,0.0018040008
4390,1,0.0033512541,0.3400000000,0.9853121638
4391,0,0.0091147557,0.0933333333,0.1420163214
4394,0,0.0020010560,0.0000000000,0.0024761234
4396,0,0.0092783433,0.0000000000,0.0024122992
4397,0,0.0033691834,0.0566666667,0.0465614982
4398,0,0.0109504371,0.0000000000,0.0079224519
4399,0,0.0085193632,0.0000000000,0.0062146070
4400,0,0.0046254592,0.0000000000,0.0083960090
4401,1,0.0492551408,0.7033333333,0.9694008231
4402,0,0.0119769154,0.0000000000,0.0062450222
4403,0,0.0007120370,0.0033333333,0.0010920579
4406,1,0.0127862859,0.7433333333,0.9892455339
4407,1,0.2067946544,0.7466666667,0.9851491451
4409,0,0.0235255957,0.0000000000,0.0090919379
4410,1,0.1068126466,0.4866666667,0.9833871722
4411,0,0.0067487462,0.0000000000,0.0074769035
4412,0,0.0169076882,0.0000000000,0.0067730383
4413,0,0.0292350171,0.0000000000,0.0116711752
4415,0,0.0183825715,0.0000000000,0.0064240410
4416,0,0.0594504144,0.0033333333,0.0044823335
4417,0,0.0068770486,0.0000000000,0.0118624289
4418,1,0.9002211537,0.8600000000,0.9981339574
4419,0,0.0160691041,0.0000000000,0.0047874888
4420,1,0.7883612891,0.8166666667,0.9901358485
4421,0,0.0051843635,0.0100000000,0.0052432795
4422,1,0.6020181275,0.7100000000,0.9833400846
4425,0,0.0064926524,0.0066666667,0.0050595542
4426,0,0.0198482038,0.0000000000,0.0056093927
4431,0,0.0109483249,0.0066666667,0.0123084709
4433,0,0.1166180278,0.0133333333,0.1030674428
4434,0,0.0374333909,0.0033333333,0.2203098983
4435,0,0.0143259430,0.0000000000,0.0113504985
4436,1,0.1636486733,0.6033333333,0.9644906521
4437,0,0.0204775021,0.0000000000,0.0043027308
4439,0,0.3770540777,0.0200000000,0.1893006414
4440,0,0.3958636249,0.1033333333,0.3575518131
4441,0,0.0816787495,0.0200000000,0.0529898740
4442,1,0.1239548794,0.6900000000,0.9833188057
4444,0,0.6966222729,0.1033333333,0.5991294384
4445,0,0.1999338213,0.0166666667,0.0143563962
4446,0,0.0516564345,0.0000000000,0.0299805310
4447,0,0.0446425031,0.0000000000,0.0105812410
4448,0,0.0502372656,0.0000000000,0.0041142371
4449,1,0.2402916677,0.7133333333,0.9735823870
4452,0,0.1352619678,0.0000000000,0.0067187138
4453,0,0.0200338974,0.0000000000,0.0427546874
4457,0,0.2769055904,0.0133333333,0.0251057092
4460,0,0.0321534096,0.0000000000,0.0060340855
4461,0,0.0367672808,0.0000000000,0.0163596608
4463,1,0.9308707021,0.8066666667,0.9994882345
4464,0,0.1277503908,0.0000000000,0.0115438364
4465,0,0.0578158538,0.0000000000,0.0050754864
4466,0,0.0744959240,0.0100000000,0.2561576068
4468,0,0.1851054641,0.0600000000,0.4431060553
4469,0,0.0646783407,0.0033333333,0.1027299017
4470,1,0.0697013227,0.0633333333,0.5173849463
4471,0,0.0047325588,0.0000000000,0.0065273275
4473,0,0.0767350269,0.0066666667,0.0264959224
4474,0,0.0071967944,0.0033333333,0.0067495308
4477,0,0.0616466408,0.0066666667,0.1458519250
4478,0,0.0076841364,0.0000000000,0.0016853245
4479,0,0.0140115787,0.0000000000,0.0075977761
4480,0,0.0116633163,0.0066666667,0.0080507426
4481,1,0.0418617009,0.5733333333,0.9807112813
4482,0,0.0020433003,0.0000000000,0.0041795080
4483,0,0.0059620830,0.0033333333,0.0052117063
4484,0,0.0266031133,0.0033333333,0.0060714278
4486,0,0.0081452675,0.0000000000,0.0080763726
4487,0,0.0068787543,0.0000000000,0.0108975573
4490,0,0.0109168994,0.0000000000,0.0063277856
4491,0,0.0137207380,0.0000000000,0.0048047821
4492,0,0.1052241046,0.0633333333,0.3662189543
4493,0,0.2075560845,0.0900000000,0.3369195461
4494,0,0.0116559668,0.0000000000,0.0143934935
4495,0,0.0029662073,0.0100000000,0.0089657055
4497,0,0.0125985182,0.0033333333,0.0089313509
4498,0,0.0105765539,0.0000000000,0.0062334798
4499,0,0.0131002514,0.0000000000,0.0035384393
4500,0,0.0054604563,0.0066666667,0.0022774879
4501,0,0.0320998019,0.0000000000,0.0034807585
4502,1,0.0937085676,0.7700000000,0.9793630838
4504,0,0.0179553991,0.0100000000,0.0151280351
4505,0,0.0154935272,0.0000000000,0.0062911394
4507,0,0.0076454495,0.0033333333,0.0046488531
4508,0,0.0396314901,0.0000000000,0.0072078565
4510,0,0.0411001456,0.0200000000,0.0434087850
4511,1,0.6761642054,0.6066666667,0.9651954174
4512,0,0.0372552643,0.0000000000,0.0056011612
4513,0,0.0905862663,0.0533333333,0.1320625246
4514,0,0.0488396461,0.0000000000,0.0046768212
4515,0,0.0098483310,0.0000000000,0.0044942629
4516,0,0.1170665302,0.0033333333,0.2533079684
4517,0,0.0442276486,0.0033333333,0.0149097247
4518,0,0.0048207042,0.0000000000,0.0126667917
4519,0,0.1328350296,0.0133333333,0.0220640544
4520,0,0.0146771063,0.0000000000,0.0041678986
4521,0,0.1500942270,0.0066666667,0.0298882555
4522,0,0.0265805057,0.0000000000,0.0033515701
4523,0,0.0138947362,0.0033333333,0.0100607425
4524,0,0.2699632436,0.0100000000,0.0331700258
4525,0,0.0245921596,0.0000000000,0.0085823126
4527,0,0.0381051569,0.0033333333,0.0091945408
4528,1,0.0271046026,0.4200000000,0.9609563351
4529,0,0.0396014882,0.0000000000,0.0034454409
4531,0,0.0770707474,0.0000000000,0.0074536414
4533,0,0.0160131608,0.0033333333,0.0134353889
4534,1,0.2042427176,0.3866666667,0.9680507779
4535,0,0.0129603213,0.0133333333,0.0129823806
4536,0,0.0250571424,0.0000000000,0.0188065134
4537,1,0.0440626267,0.5333333333,0.9678576589
4538,0,0.0336386436,0.0000000000,0.0226480477
4540,0,0.0309102368,0.0033333333,0.0147377159
4542,0,0.1636415004,0.0033333333,0.1843963563
4546,0,0.0994857133,0.0066666667,0.0046937387
4548,0,0.5462987059,0.0333333333,0.1395666152
4549,0,0.0412265496,0.0000000000,0.0076827095
4550,0,0.0789986174,0.0033333333,0.0252403375
4551,0,0.0548902173,0.0000000000,0.0110617224
4552,0,0.0097238934,0.0066666667,0.0843485296
4553,0,0.0310307608,0.0833333333,0.2419765890
4554,0,0.0189462381,0.0100000000,0.0518441796
4555,0,0.0074384627,0.0000000000,0.0041670972
4556,0,0.0012334869,0.0000000000,0.0021617038
4557,1,0.0124700053,0.4900000000,0.9719469547
4558,0,0.0013040432,0.0000000000,0.0050271684
4559,1,0.0128720377,0.6500000000,0.9767916799
4560,0,0.0071806486,0.0066666667,0.0426636934
4561,0,0.0460516799,0.0033333333,0.0042213807
4562,0,0.0032245168,0.0000000000,0.0023885486
4563,0,0.2615556148,0.0533333333,0.3036666811
4564,0,0.0113385908,0.0033333333,0.0097027523
4565,0,0.0135350526,0.0033333333,0.0043119029
4568,0,0.0144893377,0.0033333333,0.0308363568
4569,0,0.0029763734,0.0000000000,0.0055519938
4570,0,0.0170638443,0.0000000000,0.0128922192
4572,0,0.0088559002,0.0000000000,0.0077773375
4573,0,0.0056126056,0.0000000000,0.0020038788
4574,0,0.0071086091,0.0000000000,0.0120190429
4575,0,0.0023401691,0.0066666667,0.0112187602
4579,0,0.0106406640,0.0000000000,0.0019868012
4581,0,0.0047534724,0.0000000000,0.0033901781
4582,0,0.0076373438,0.0000000000,0.0029601017
4583,0,0.0301229712,0.0000000000,0.0020815765
4584,0,0.0029706288,0.0000000000,0.0013321743
4586,0,0.0042768452,0.0000000000,0.0019645372
4587,0,0.0451058140,0.0333333333,0.3767619431
4590,0,0.0121404196,0.0000000000,0.0014008192
4593,0,0.0063626208,0.0000000000,0.0017700385
4594,0,0.0139970370,0.0000000000,0.0264273603
4596,0,0.0218949927,0.0000000000,0.0017564134
4597,1,0.0397593417,0.5066666667,0.9176680446
4598,0,0.0329852027,0.0000000000,0.0031551744
4599,0,0.1006926843,0.0266666667,0.1581199467
4600,0,0.4946867303,0.0300000000,0.4957640767
4603,0,0.0100457639,0.0100000000,0.0340483524
4604,0,0.5025656237,0.0633333333,0.1304276735
4606,0,0.1101775527,0.0133333333,0.0060570398
4607,0,0.2355394456,0.0066666667,0.0050100773
4608,0,0.0478480962,0.0000000000,0.0061447863
4609,0,0.0169061728,0.0000000000,0.0081117339
4610,0,0.0622997778,0.0033333333,0.0053304457
4613,0,0.1746747562,0.0000000000,0.0378297381
4614,0,0.5139290107,0.0633333333,0.2677694559
4616,0,0.0700848566,0.0000000000,0.0316366665
4617,0,0.0279285977,0.0000000000,0.0044693518
4622,1,0.1569357970,0.2900000000,0.9181334376
4623,0,0.0256482372,0.0000000000,0.0074024745
4624,0,0.1017838142,0.0000000000,0.0054742778
4625,0,0.0176033352,0.0000000000,0.0280713420
4630,0,0.0245009566,0.0000000000,0.0020356383
4632,0,0.0700833091,0.0433333333,0.1490797698
4635,0,0.1136129368,0.0633333333,0.6294858456
4636,0,0.0513630678,0.0066666667,0.1042332500
4638,0,0.0421279736,0.0133333333,0.0770073608
4639,0,0.0146944243,0.0400000000,0.1240522712
4641,0,0.0581545156,0.1333333333,0.7836703658
4643,1,0.2365153565,0.7366666667,0.9975777268
4644,1,0.4210296053,0.7466666667,0.9924922585
4645,0,0.1667330021,0.1833333333,0.4706791639
4646,0,0.0285971301,0.0433333333,0.3241959214
4647,1,0.4048460848,0.1200000000,0.3597750962
4649,0,0.0045784380,0.0000000000,0.0015974189
4650,0,0.1446252458,0.1500000000,0.6384227276
4652,1,0.0244463108,0.6700000000,0.9501978755
4654,0,0.0049654009,0.0000000000,0.0020424770
4655,0,0.0513634838,0.0266666667,0.0256252177
4656,0,0.0062929552,0.0000000000,0.0032544057
4657,0,0.0062588825,0.0000000000,0.0028640754
4658,0,0.0088341246,0.0000000000,0.0020212182
4659,0,0.0234751728,0.0000000000,0.0017835270
4660,0,0.0187953101,0.0000000000,0.0033221277
4661,0,0.0175160502,0.0000000000,0.1578279883
4663,0,0.0019311538,0.0100000000,0.0025814897
4664,0,0.1459272548,0.0366666667,0.2477459311
4665,0,0.0778642434,0.0066666667,0.0192518700
4666,1,0.0285635706,0.4133333333,0.9412350655
4667,0,0.0052704480,0.0033333333,0.0041357786
4669,0,0.0020170287,0.0033333333,0.0040543224
4670,1,0.0134083700,0.2400000000,0.8045502901
4671,0,0.0122566659,0.0000000000,0.0033460730
4673,0,0.2787898619,0.0300000000,0.2801634371
4675,0,0.0263237546,0.0300000000,0.3513570130
4676,0,0.0043801254,0.0366666667,0.0011046834
4678,0,0.0444772261,0.0100000000,0.0368218645
4679,0,0.0089896756,0.0066666667,0.0064592222
4681,0,0.0207149559,0.0133333333,0.0115234293
4682,0,0.0165269674,0.0000000000,0.0022715363
4684,0,0.0496067198,0.0066666667,0.0027549199
4685,1,0.0184196311,0.0033333333,0.0185299162
4687,0,0.0057673576,0.0000000000,0.0042002830
4688,0,0.1314694882,0.0000000000,0.0097197974
4689,0,0.0435840500,0.0000000000,0.0094434200
4691,0,0.0306487703,0.0000000000,0.0086100427
4692,0,0.0072393185,0.0000000000,0.0040812185
4694,0,0.0117671656,0.0000000000,0.0013280166
4695,0,0.2400227668,0.0366666667,0.0828647241
4703,1,0.7462250082,0.5366666667,0.9932832718
4704,0,0.0244714612,0.0733333333,0.1625079960
4706,0,0.0281566051,0.0033333333,0.0105538294
4708,0,0.0859449821,0.0033333333,0.0245588049
4709,0,0.0216692500,0.0000000000,0.0018219089
4710,0,0.1654701218,0.0133333333,0.0387595780
4711,0,0.0455427268,0.0000000000,0.0090982253
4712,0,0.0806944866,0.0000000000,0.0053678360
4713,0,0.0341877203,0.0066666667,0.0085817073
4714,0,0.1158031035,0.0233333333,0.0529356860
4715,0,0.0088017106,0.0000000000,0.0047815582
4716,0,0.0775845353,0.0100000000,0.0031112276
4717,0,0.0395810137,0.0000000000,0.0170495603
4718,0,0.0727730610,0.0300000000,0.1723002046
4719,1,0.4856990775,0.5333333333,0.9874115586
4720,0,0.0729478967,0.0066666667,0.0060072308
4722,0,0.0615528024,0.0066666667,0.0070717898
4723,0,0.0226759645,0.0133333333,0.0435141064
4724,1,0.2460506684,0.3500000000,0.9359256625
4725,0,0.1538930142,0.0033333333,0.0138323130
4727,0,0.1664196021,0.1366666667,0.6128405333
4729,0,0.1661887833,0.1533333333,0.5982541442
4731,0,0.0321118750,0.2333333333,0.8456853032
4732,1,0.0400685475,0.2100000000,0.8210971951
4733,0,0.0804269018,0.1600000000,0.7360669971
4734,0,0.2640480590,0.2566666667,0.8155375719
4735,0,0.0879445607,0.0500000000,0.1257214248
4737,0,0.0044019995,0.0033333333,0.0073213642
4738,1,0.0732541610,0.2200000000,0.8852345347
4739,0,0.0137240982,0.0400000000,0.0072742733
4740,1,0.0541061166,0.5600000000,0.9450150728
4741,0,0.0051651907,0.0000000000,0.0023009367
4742,0,0.0518317677,0.0366666667,0.1853796393
4743,0,0.0030773501,0.0000000000,0.0015266133
4746,0,0.0044818807,0.0133333333,0.0026988534
4747,0,0.0179714380,0.0066666667,0.1158352494
4748,0,0.0076234672,0.0000000000,0.0011775600
4750,0,0.0747852745,0.0233333333,0.1255499274
4751,0,0.0052513621,0.0000000000,0.0054404745
4752,0,0.0041988321,0.0000000000,0.0054040314
4753,0,0.0051351801,0.0000000000,0.0028982880
4754,0,0.0082302934,0.0000000000,0.0021420035
4757,0,0.0033182564,0.0066666667,0.0011677620
4760,1,0.0139443555,0.5333333333,0.9727737904
4762,1,0.0216193343,0.1400000000,0.8157035708
4763,1,0.7222478449,0.8733333333,0.9903017879
4764,0,0.0459526756,0.0000000000,0.0192021187
4765,0,0.0325208892,0.0666666667,0.2074885517
4768,0,0.1730024690,0.0266666667,0.0615503825
4769,1,0.0696843037,0.2833333333,0.7131030560
4770,0,0.0074135504,0.0000000000,0.0117422482
4771,1,0.0359085303,0.4500000000,0.9495272636
4773,0,0.0035924516,0.0433333333,0.0233098306
4774,0,0.0998531456,0.0266666667,0.0483209938
4775,0,0.0083401538,0.0133333333,0.0060256948
4777,0,0.0082590317,0.0033333333,0.0012308564
4778,0,0.0054629987,0.0000000000,0.0009552895
4781,0,0.0466442783,0.0200000000,0.0168211851
4782,0,0.0341094626,0.0000000000,0.0155825056
4783,0,0.1282405261,0.0133333333,0.0750380307
4784,0,0.0375407357,0.0000000000,0.0009593401
4785,0,0.0161781526,0.0033333333,0.0012807150
4786,0,0.0512167317,0.0233333333,0.0046966802
4789,0,0.0031287902,0.0000000000,0.0020670139
4790,0,0.0395973714,0.0000000000,0.0012177629
4792,0,0.1014552061,0.0066666667,0.0153981559
4793,0,0.0274781296,0.0000000000,0.0009659911
4794,0,0.0113883893,0.0000000000,0.0007413112
4796,0,0.1498525199,0.0000000000,0.0054730391
4797,0,0.0668613619,0.0100000000,0.0547938794
4799,0,0.1085964556,0.0000000000,0.0044878391
4800,0,0.0236788169,0.0100000000,0.0040167132
4801,0,0.0544146524,0.0266666667,0.0588494726
4802,0,0.0128450263,0.0000000000,0.0026189550
4803,0,0.1346664723,0.0500000000,0.1061166525
4804,0,0.0440300604,0.0000000000,0.0017504625
4806,0,0.0242767000,0.0000000000,0.0023160537
4808,0,0.0191246842,0.0066666667,0.0037697090
4809,0,0.1666329817,0.0466666667,0.0822002217
4810,0,0.0416655168,0.0000000000,0.0019764474
4812,0,0.0223727253,0.0066666667,0.0020677084
4813,0,0.0563213322,0.0300000000,0.3915099502
4815,1,0.4576013170,0.4800000000,0.9719314575
4816,0,0.0092613672,0.1100000000,0.5155129433
4817,1,0.0264990310,0.0133333333,0.0675587207
4818,0,0.0020298823,0.0000000000,0.0007842832
4819,0,0.0028695698,0.0066666667,0.0020423371
4820,0,0.0031478566,0.0000000000,0.0012707568
4821,0,0.0013760066,0.0000000000,0.0005995027
4822,0,0.0117485440,0.0233333333,0.2932232618
4824,0,0.0051316617,0.0000000000,0.0055340254
4825,0,0.0297411983,0.0066666667,0.0357872844
4826,0,0.0050870153,0.0000000000,0.0035120824
4827,0,0.0828627765,0.0066666667,0.0154894255
4828,0,0.4158040597,0.1933333333,0.9907214642
4830,0,0.0029120696,0.0100000000,0.0028408072
4831,0,0.0097244568,0.0000000000,0.0028377548
4833,0,0.0137513111,0.0000000000,0.0813363045
4835,0,0.0112748292,0.0033333333,0.0046111848
4836,0,0.0383998018,0.1100000000,0.3350068033
4837,1,0.2943297107,0.4633333333,0.8630335927
4840,0,0.0288789874,0.0200000000,0.1390722394
4841,1,0.4145602678,0.4700000000,0.8698425293
4842,0,0.0136008206,0.0533333333,0.2782253921
4843,0,0.0808608531,0.0200000000,0.0188040435
4845,1,0.0192560237,0.3033333333,0.9443805218
4846,0,0.0035706884,0.0033333333,0.0041596200
4847,0,0.0026530536,0.0033333333,0.0064960476
4848,0,0.0208902439,0.0033333333,0.0255972948
4849,0,0.0784749016,0.0666666667,0.2137892544
4851,0,0.4157324258,0.0400000000,0.2958918214
4853,0,0.0181761574,0.0033333333,0.0010454282
4855,0,0.0085368203,0.0000000000,0.0033199734
4856,0,0.0262012007,0.0600000000,0.1917947978
4858,0,0.0321853436,0.0000000000,0.0011254901
4859,0,0.0642897673,0.1433333333,0.3371558189
4860,0,0.0159002786,0.0000000000,0.0008159443
4861,0,0.1280158278,0.0200000000,0.0028341101
4863,0,0.1954920903,0.2833333333,0.7848519683
4864,0,0.0126477900,0.0000000000,0.0024920236
4865,0,0.0331555936,0.0033333333,0.0037080788
4868,0,0.1351465323,0.1000000000,0.2152273506
4869,0,0.0473492756,0.0066666667,0.0162553415
4870,0,0.0084482439,0.0000000000,0.0008116088
4871,0,0.0028754526,0.0000000000,0.0014181471
4875,0,0.0101371658,0.0000000000,0.0011371966
4876,0,0.0275851221,0.0000000000,0.0009501445
4877,0,0.0145282009,0.0000000000,0.0025283163
4879,0,0.1005938982,0.0533333333,0.2070895582
4880,0,0.0060849655,0.0100000000,0.0037850728
4881,0,0.0442621253,0.0000000000,0.0008427041
4882,0,0.0505534400,0.0100000000,0.0119875222
4883,0,0.1180079013,0.0000000000,0.0066355155
4885,0,0.0038640639,0.0000000000,0.0023090502
4886,0,0.0069413339,0.0000000000,0.0004553463
4887,0,0.0451673288,0.0333333333,0.0733719841
4889,0,0.0471849275,0.0000000000,0.0028802564
4890,0,0.0865702776,0.0000000000,0.0012338950
4891,0,0.1671563149,0.0000000000,0.0011057521
4893,0,0.0759024033,0.0066666667,0.0040188557
4894,0,0.0655719470,0.0066666667,0.0062307217
4895,0,0.0934755127,0.0133333333,0.0130765615
4897,0,0.0248905225,0.0200000000,0.2281393260
4898,0,0.0200855801,0.0533333333,0.4673716128
4899,0,0.4751306721,0.3133333333,0.7515237927
4901,0,0.0337037190,0.1000000000,0.3243464530
4902,0,0.0262374203,0.1400000000,0.2138999850
4904,0,0.0387085973,0.0233333333,0.0042007994
4907,0,0.0054696773,0.0100000000,0.0127271768
4908,0,0.0013187773,0.0000000000,0.0004678750
4909,0,0.0167898945,0.0133333333,0.0041787601
4910,0,0.0084070207,0.0000000000,0.0013969855
4911,0,0.0012682514,0.0000000000,0.0011224198
4912,0,0.0039714906,0.0000000000,0.0006592064
4914,0,0.0032783151,0.0000000000,0.0010002070
4915,0,0.0090441330,0.0000000000,0.0008228053
4916,0,0.0104843573,0.0033333333,0.0080751386
4917,0,0.0023718659,0.0000000000,0.0006332893
4919,0,0.0042345388,0.0000000000,0.0010699364
4920,0,0.0086532255,0.0000000000,0.0009893078
4921,1,0.7645606305,0.4466666667,0.9901973009
4922,0,0.0378473462,0.2600000000,0.2481497824
4923,0,0.0065158364,0.0000000000,0.0009104039
4924,0,0.0114966952,0.0033333333,0.0016336535
4925,0,0.0101612680,0.0000000000,0.0004059856
4926,0,0.0062582585,0.0000000000,0.0016679744
4927,0,0.0038224397,0.0233333333,0.0022928591
4929,0,0.0095804988,0.0000000000,0.0019306320
4930,0,0.0047988299,0.0533333333,0.0833638236
4931,0,0.0109909157,0.0000000000,0.0023221902
4932,0,0.0046625003,0.0000000000,0.0020931063
4933,0,0.0194622262,0.0100000000,0.0081099467
4935,0,0.0116188845,0.0000000000,0.0011858586
4936,0,0.0193342419,0.0000000000,0.0009148813
4937,1,0.8142928071,0.3800000000,0.9829624295
4938,0,0.0129798013,0.0000000000,0.0007502456
4939,0,0.0016553654,0.0000000000,0.0014477059
4940,0,0.3932889944,0.4300000000,0.5228918791
4941,0,0.0113255948,0.0000000000,0.0014557289
4942,0,0.0074109473,0.0033333333,0.0015050797
4943,0,0.0099197516,0.0000000000,0.0010905962
4944,0,0.0045982307,0.0000000000,0.0017099817
4946,0,0.0170371769,0.0033333333,0.0017049367
4947,0,0.0063246252,0.0000000000,0.0007698756
4948,0,0.2181124179,0.0100000000,0.0131641477
4949,0,0.0186743500,0.0000000000,0.0013408310
4950,0,0.0038262464,0.0000000000,0.0010460210
4952,0,0.0259349926,0.0000000000,0.0007479788
4953,0,0.1210981192,0.0400000000,0.0576504730
4954,0,0.0042956828,0.0000000000,0.0010511606
4955,0,0.0126501415,0.0000000000,0.0007690064
4958,0,0.0048832319,0.0000000000,0.0009226864
4959,0,0.2230002003,0.0033333333,0.0035672295
4960,0,0.0076426054,0.0000000000,0.0004884269
4962,0,0.0147043271,0.0000000000,0.0006646560
4963,0,0.2290333881,0.0033333333,0.0024124347
4966,0,0.0509230958,0.0333333333,0.1716191024
4970,0,0.0391955935,0.0000000000,0.0028581617
4971,0,0.0316978581,0.0000000000,0.0033584614
4972,0,0.0548020130,0.0000000000,0.0006468228
4973,0,0.0113381693,0.0033333333,0.0006848201
4974,0,0.0182741523,0.0000000000,0.0029709900
4975,0,0.0259386319,0.0000000000,0.0022571632
4976,0,0.0735407729,0.0033333333,0.0096803233
4977,1,0.4864665432,0.2700000000,0.4064155221
4978,0,0.2048788719,0.0200000000,0.0039767777
4979,0,0.1471854256,0.0033333333,0.0216344967
4980,0,0.0265448660,0.0000000000,0.0026346406
4982,0,0.0301791868,0.0566666667,0.5947093964
4983,0,0.0167894951,0.0033333333,0.0115703428
4984,0,0.0502569290,0.0100000000,0.0167209003
4985,1,0.3355109573,0.3900000000,0.9954670668
4987,0,0.0041942005,0.0033333333,0.0006455847
4988,0,0.0098732417,0.0466666667,0.0442780033
4989,1,0.1499298852,0.4933333333,0.9803779721
4990,0,0.0020200785,0.0000000000,0.0013627971
4991,0,0.0055079603,0.0100000000,0.0116225099
4994,0,0.0023174302,0.0000000000,0.0002988726
4996,0,0.0063815859,0.0000000000,0.0006506144
4997,0,0.0021005755,0.0033333333,0.0009653557
4998,1,0.4062072217,0.8033333333,0.9605634212
4999,0,0.0023578373,0.0033333333,0.0003678277
5000,0,0.0049019132,0.0000000000,0.0004801771
5001,0,0.0022293421,0.0000000000,0.0003982942
5002,0,0.0142323496,0.0300000000,0.0009853101
5003,0,0.0034913528,0.0000000000,0.0009652302
5005,0,0.0066231593,0.0433333333,0.1254325360
5006,0,0.0551270746,0.0166666667,0.0114254840
5007,0,0.0051141654,0.0933333333,0.0979248807
5008,0,0.0384048176,0.0066666667,0.0239856504
5009,0,0.0066181187,0.0000000000,0.0010605827
5010,0,0.0134760531,0.0000000000,0.0011019502
5011,0,0.0090666773,0.0033333333,0.0011849852
5012,0,0.0044657741,0.0000000000,0.0009349140
5014,0,0.0038394960,0.0033333333,0.0009260697
5015,0,0.0038827085,0.0000000000,0.0028897349
5017,0,0.0254242163,0.0033333333,0.0103936987
5018,0,0.0312061218,0.0000000000,0.0057208976
5021,0,0.0091521219,0.0000000000,0.0010207025
5022,0,0.4221188540,0.1133333333,0.3659669459
5023,0,0.0239284294,0.0066666667,0.0072843344
5025,0,0.0024863172,0.0000000000,0.0005789367
5027,0,0.0105712996,0.0000000000,0.0007258612
5028,0,0.0659796218,0.0566666667,0.0380184762
5029,0,0.0014663477,0.0000000000,0.0008328790
5030,0,0.0257650726,0.0000000000,0.0003940077
5032,0,0.0370107040,0.0066666667,0.0067109186
5033,0,0.0071116515,0.0000000000,0.0005979192
5036,0,0.0117189362,0.0000000000,0.0011820080
5037,0,0.0353103734,0.0000000000,0.0012129291
5038,0,0.0403097399,0.0000000000,0.0006631296
5039,0,0.0123048476,0.0000000000,0.0003992175
5043,0,0.0137381450,0.0000000000,0.0004302432
5044,0,0.0142704793,0.0000000000,0.0015934084
5046,0,0.0825442845,0.0000000000,0.0024752496
5048,0,0.0068142360,0.0000000000,0.0178013127
5049,1,0.7188485441,0.2500000000,0.9574902058
5050,0,0.0449041987,0.0033333333,0.0018513827
5051,0,0.0129393421,0.0033333333,0.0014383949
5053,0,0.1356251966,0.0000000000,0.0197499618
5054,0,0.0072941946,0.0000000000,0.0012021667
5055,0,0.0476119336,0.0000000000,0.0022480739
5056,0,0.0230946318,0.0200000000,0.0110820895
5058,0,0.1290783265,0.0366666667,0.0192869194
5059,0,0.1095698199,0.0000000000,0.0008593012
5060,0,0.1569258266,0.0066666667,0.0282199867
5061,0,0.1532359774,0.0000000000,0.0013574162
5063,0,0.2153420602,0.3666666667,0.6052030921
5064,0,0.0121425325,0.0000000000,0.0033970205
5065,0,0.0021770079,0.0000000000,0.0015956851
5066,0,0.0053214038,0.0000000000,0.0007892445
5067,0,0.0007846716,0.0000000000,0.0012460682
5068,0,0.0142218114,0.0233333333,0.0060905525
5070,0,0.0079728765,0.0400000000,0.0110840714
5071,0,0.0010313386,0.0000000000,0.0022244756
5072,0,0.0019078082,0.0033333333,0.0017676590
5074,0,0.0145975160,0.0033333333,0.0077575664
5076,0,0.0076713938,0.0500000000,0.1032738313
5078,0,0.0032839611,0.0000000000,0.0006250500
5080,0,0.0655799824,0.0300000000,0.0151127046
5081,0,0.0531530127,0.0000000000,0.0116350381
5082,0,0.0023660545,0.0000000000,0.0004667410
5083,0,0.0250296477,0.0033333333,0.0004376263
5085,0,0.0098563849,0.0000000000,0.0006651896
5086,0,0.0991546196,0.0300000000,0.0249662232
5089,0,0.0066554664,0.0000000000,0.0006389788
5090,0,0.0282193134,0.0066666667,0.0028220331
5093,0,0.0208884544,0.0000000000,0.0009245274
5094,0,0.0600503121,0.0433333333,0.0211852416
5095,0,0.0165669176,0.0066666667,0.0040722648
5098,0,0.0950778727,0.0000000000,0.0016913167
5099,0,0.0111729443,0.0000000000,0.0008201861
5100,0,0.0917175793,0.0200000000,0.0351659879
5101,0,0.0228862677,0.0033333333,0.0226189457
5102,0,0.0149716509,0.0000000000,0.0008674973
5104,0,0.0114967352,0.0000000000,0.0025398761
5105,0,0.0275206747,0.0000000000,0.0003802385
5106,0,0.2379945815,0.0300000000,0.2163221389
5108,0,0.0704458481,0.0000000000,0.0027030508
5109,0,0.0856555753,0.0100000000,0.0269681346
5110,0,0.0097356910,0.0033333333,0.0037358282
5115,0,0.0251291427,0.0066666667,0.0026548177
5117,0,0.1761962752,0.0300000000,0.0251344629
5118,0,0.0048021842,0.0000000000,0.0003064931
5119,0,0.0018291568,0.0000000000,0.0004673158
5121,0,0.0150373545,0.0100000000,0.0045943279
5123,0,0.0063575825,0.0033333333,0.0023347705
5124,0,0.0297267864,0.0000000000,0.0011855062
5126,0,0.0550788859,0.0633333333,0.0114172464
5128,0,0.0738892493,0.0266666667,0.1425012946
5129,0,0.0290924087,0.0000000000,0.0012148237
5132,0,0.0550043320,0.0000000000,0.0020003724
5134,0,0.0313259054,0.0000000000,0.0011097472
5135,0,0.0832726890,0.0066666667,0.0630577877
5136,0,0.0468252875,0.0000000000,0.0007531540
5137,0,0.0322017646,0.0000000000,0.0021414552
5138,0,0.0104822524,0.0033333333,0.0017945179
5139,0,0.0219359912,0.0033333333,0.0020456323
5140,0,0.0215051329,0.0533333333,0.0071535604
5141,0,0.0054662621,0.0066666667,0.0054393192
5142,1,0.0103956643,0.0066666667,0.0241727158
5144,0,0.0053638345,0.0033333333,0.0008586906
5145,0,0.0022097156,0.0766666667,0.0010351036
5146,0,0.0028217245,0.0433333333,0.0020874466
5147,0,0.0109775458,0.0400000000,0.0026875022
5151,0,0.0008922029,0.0000000000,0.0010997007
5152,0,0.1033125132,0.0066666667,0.0191805810
5153,0,0.5268476582,0.6266666667,0.9898118377
5154,0,0.0019786499,0.0000000000,0.0002622873
5155,0,0.0057377351,0.0000000000,0.0007149670
5157,0,0.0072746217,0.0000000000,0.0010405995
5158,0,0.0129701899,0.0033333333,0.0044943755
5159,0,0.0445335275,0.0000000000,0.0023476388
5160,0,0.0136112814,0.0000000000,0.0004567356
5161,0,0.0359507545,0.0033333333,0.0063817534
5162,0,0.0043837050,0.0133333333,0.0007459692
5163,0,0.0177393512,0.0000000000,0.0030045875
5164,0,0.0005657375,0.0000000000,0.0004514653
5166,0,0.0084897675,0.0066666667,0.0122127915
5167,0,0.0081994996,0.0000000000,0.0004925804
5168,0,0.0058227945,0.0000000000,0.0008816436
5171,0,0.0022837987,0.0000000000,0.0005137608
5173,0,0.0070870856,0.0000000000,0.0009548973
5174,0,0.0034823108,0.0000000000,0.0004331399
5175,0,0.0118176482,0.0200000000,0.0309046172
5176,0,0.0016623435,0.0000000000,0.0004395833
5177,0,0.0079499909,0.0000000000,0.0006946678
5178,0,0.0522486972,0.0166666667,0.0105714612
5181,0,0.0200075167,0.0000000000,0.0002631063
5182,0,0.0091378639,0.0000000000,0.0008436647
5184,0,0.0071714031,0.0000000000,0.0012548950
5186,0,0.0373095576,0.0000000000,0.0016446389
5188,0,0.0306633678,0.0000000000,0.0012164222
5189,0,0.0044241667,0.0000000000,0.0002061082
5190,0,0.0321141077,0.0200000000,0.0175087936
5191,0,0.0846386058,0.0033333333,0.0071328813
5192,0,0.0305425763,0.0000000000,0.0053216191
5194,0,0.0031113833,0.0066666667,0.0009580120
5195,0,0.0138274338,0.0000000000,0.0005792318
5197,0,0.0049850599,0.0000000000,0.0021712603
5198,0,0.0089358631,0.0000000000,0.0019134706
5199,0,0.3235118695,0.0100000000,0.0149087934
5200,0,0.0286318959,0.0000000000,0.0018361589
5201,0,0.6550449708,0.1000000000,0.1756590754
5202,0,0.0394276785,0.0233333333,0.0492551140
5204,0,0.0111847813,0.0000000000,0.0021254101
5206,0,0.0534260470,0.0000000000,0.0015809610
5209,0,0.0136136280,0.0033333333,0.0011420350
5211,0,0.0526906361,0.0000000000,0.0013482081
5213,0,0.0633539324,0.0000000000,0.0068445522
5214,0,0.0271204386,0.0066666667,0.0028573747
5216,0,0.0889138239,0.0033333333,0.0012261221
5217,0,0.0921003648,0.1333333333,0.0864367336
5220,1,0.6827713652,0.5633333333,0.9887791872
5221,0,0.0279867715,0.0433333333,0.0752370432
5222,0,0.0190122020,0.0200000000,0.0791310146
5223,0,0.0018891393,0.0066666667,0.0008569440
5224,0,0.0023007091,0.0333333333,0.1207096651
5225,0,0.0007431832,0.0033333333,0.0005119253
5227,0,0.0132149848,0.0033333333,0.0062253443
5228,0,0.0028615983,0.0000000000,0.0018638710
5229,0,0.1366227752,0.1066666667,0.4040541947
5230,0,0.0018187968,0.0000000000,0.0006161102
5232,0,0.0066876831,0.0033333333,0.0004901913
5233,0,0.1209572342,0.0366666667,0.1415924728
5234,0,0.0110034722,0.0000000000,0.0036806485
5235,0,0.0456805124,0.0000000000,0.0023495660
5236,0,0.0046011470,0.0000000000,0.0008070201
5237,0,0.0057526636,0.0033333333,0.0144424494
5239,0,0.0112687693,0.0000000000,0.0014883988
5241,0,0.0021548486,0.0000000000,0.0005513629
5242,0,0.0020404537,0.0000000000,0.0009759059
5243,0,0.0350328962,0.0133333333,0.0048238947
5244,0,0.0214907378,0.0000000000,0.0005624509
5246,0,0.0090025498,0.0000000000,0.0008831779
5247,0,0.0061746113,0.0000000000,0.0006571509
5248,0,0.0012922034,0.0000000000,0.0033411758
5249,0,0.0021467602,0.0000000000,0.0013547357
5251,0,0.0272257134,0.0433333333,0.0759088024
5252,0,0.0179047603,0.0933333333,0.0419525467
5253,0,0.1419067071,0.1100000000,0.4158999920
5254,0,0.0110382692,0.0000000000,0.0005049312
5255,0,0.0073519759,0.0000000000,0.0004654923
5258,0,0.0047612774,0.0000000000,0.0014041287
5259,0,0.0381034437,0.0033333333,0.0005018531
5260,0,0.0052327317,0.0000000000,0.0005268903
5261,0,0.0232220416,0.0066666667,0.0030429272
5262,0,0.0038887325,0.0166666667,0.0030198281
5263,0,0.0178855589,0.0000000000,0.0013979970
5264,0,0.0065491300,0.0000000000,0.0006715414
5265,0,0.0827191156,0.0166666667,0.2857842147
5266,0,0.0052879944,0.0000000000,0.0008580817
5267,0,0.0056488008,0.0033333333,0.0021008963
5268,0,0.0060525441,0.0000000000,0.0027291363
5270,0,0.0408614960,0.0000000000,0.0015889663
5272,0,0.0147665075,0.0000000000,0.0006005510
5273,0,0.0014980776,0.0200000000,0.0030300482
5274,0,0.0130582167,0.0000000000,0.0030785894
5275,0,0.0042495965,0.0000000000,0.0008502006
5277,0,0.0092724818,0.0000000000,0.0012265502
5278,0,0.0425843132,0.0033333333,0.0013615283
5279,0,0.0020598534,0.0000000000,0.0007448998
5280,0,0.0069419950,0.0000000000,0.0023934769
5281,0,0.0203616056,0.0000000000,0.0011902966
5282,0,0.0079913562,0.0000000000,0.0010981718
5284,0,0.0436566466,0.0000000000,0.0029870206
5285,0,0.0079069413,0.0000000000,0.0020090614
5286,0,0.0266821937,0.0033333333,0.0011408003
5288,0,0.0645820303,0.0066666667,0.0044567841
5289,0,0.0286604407,0.0000000000,0.0017642858
5290,0,0.0034321106,0.0133333333,0.0026722765
5293,0,0.0084718662,0.0000000000,0.0034097864
5294,0,0.0816836661,0.0033333333,0.0019056612
5297,0,0.0503643716,0.0600000000,0.1290301234
5298,0,0.0939283366,0.0000000000,0.0240329411
5299,0,0.0738747826,0.0133333333,0.0040396540
5300,0,0.0665843667,0.0900000000,0.0581673831
5302,0,0.2223929358,0.3033333333,0.5362226367
5304,0,0.0842915559,0.0000000000,0.0015738995
5305,0,0.1806863302,0.0033333333,0.0091564143
5307,0,0.0068677077,0.0133333333,0.0678578690
5309,0,0.0773310778,0.1866666667,0.1298352778
5310,1,0.0689123754,0.0433333333,0.0861197412
5311,0,0.0035029531,0.0033333333,0.0021322120
5312,0,0.0164991115,0.0033333333,0.0031946416
5313,0,0.0031079830,0.0000000000,0.0004524168
5315,0,0.0025026800,0.0000000000,0.0007842585
5316,0,0.0015360165,0.0000000000,0.0004494767
5317,0,0.0033790453,0.0000000000,0.0005280775
5318,0,0.0023235021,0.0000000000,0.0005140015
5322,0,0.0858174327,0.0033333333,0.0011145105
5323,0,0.0343363567,0.0733333333,0.1290810108
5327,0,0.0154885698,0.0633333333,0.0167644210
5330,0,0.0130440416,0.0000000000,0.0040078769
5331,0,0.0014834913,0.0000000000,0.0004519566
5332,0,0.0108787061,0.0000000000,0.0045580324
5333,0,0.0067036977,0.0100000000,0.0133167431
5335,1,0.4780032931,0.9000000000,0.9719812274
5337,0,0.0079146552,0.0000000000,0.0006781052
5338,0,0.0124713832,0.0033333333,0.0017150571
5339,0,0.0045790050,0.0033333333,0.0008826643
5340,0,0.0018423025,0.0033333333,0.0006522251
5341,0,0.0411126455,0.0100000000,0.0058179456
5342,0,0.0927156570,0.0400000000,0.0247820970
5344,0,0.0254811989,0.0000000000,0.0010500626
5345,0,0.0346128522,0.1500000000,0.2751376331
5348,0,0.3337874603,0.3866666667,0.6166151762
5349,0,0.0119649819,0.0000000000,0.0012748113
5350,0,0.0048626734,0.0000000000,0.0004944734
5353,0,0.0078990570,0.0000000000,0.0009470806
5354,0,0.0059966827,0.0000000000,0.0003999365
5355,0,0.0045300219,0.0000000000,0.0018101818
5356,0,0.0143754819,0.1433333333,0.1057876199
5359,0,0.0042104625,0.0000000000,0.0007724676
5360,0,0.0177992904,0.0033333333,0.0053229746
5361,0,0.0346120553,0.0000000000,0.0011286729
5362,0,0.0075820878,0.0000000000,0.0011054750
5363,0,0.1340135572,0.1166666667,0.2181374133
5365,0,0.0138622709,0.0000000000,0.0005704832
5367,0,0.0031175602,0.0066666667,0.0022231499
5369,0,0.0059016515,0.0000000000,0.0030870978
5370,0,0.0053957473,0.0000000000,0.0005981079
5371,0,0.0224793135,0.0000000000,0.0010796943
5372,0,0.0987669496,0.0366666667,0.0285881702
5373,0,0.0718189941,0.0066666667,0.0011607087
5375,0,0.0393745834,0.0000000000,0.0007724720
5377,0,0.1832503703,0.2400000000,0.3223227561
5379,0,0.0241873826,0.0000000000,0.0018769579
5380,0,0.0308927755,0.0200000000,0.0039636516
5381,0,0.0130979694,0.0000000000,0.0013448438
5382,0,0.0039712922,0.0033333333,0.0005566329
5383,0,0.0577347802,0.0033333333,0.0012772883
5385,0,0.0300819572,0.0133333333,0.0892533064
5386,0,0.0098223467,0.0266666667,0.0216180496
5387,0,0.0475194861,0.1066666667,0.1153069362
5388,0,0.2789831801,0.4066666667,0.7948795557
5389,0,0.0829503108,0.0266666667,0.0247515123
5390,0,0.0984959117,0.3400000000,0.4875969291
5393,0,0.0533404454,0.0900000000,0.5019621253
5394,0,0.0606370317,0.0266666667,0.1057277843
5395,1,0.8709941771,0.5266666667,0.9963763356
5396,0,0.0240143231,0.1000000000,0.2205156535
5397,0,0.0750729757,0.1100000000,0.2117021084
5398,0,0.0167090905,0.1033333333,0.0235386323
5399,0,0.0714199664,0.0566666667,0.1942293644
5401,1,0.1651847972,0.0966666667,0.2944106162
5402,1,0.4165810764,0.1766666667,0.1566454172
5403,0,0.0091990494,0.0100000000,0.0173742305
5405,0,0.0030949193,0.0000000000,0.0025768063
5406,0,0.0105994019,0.0100000000,0.0167248454
5408,0,0.0059219295,0.0033333333,0.0007759306
5410,0,0.0036472276,0.0033333333,0.0009879472
5411,0,0.0146724917,0.0200000000,0.0050782491
5413,0,0.0843789906,0.1566666667,0.1747766584
5414,0,0.0008453187,0.0000000000,0.0002531856
5415,0,0.0008457915,0.0000000000,0.0004380535
5416,0,0.0108734636,0.0166666667,0.0057226042
5417,0,0.0020363999,0.0000000000,0.0004267791
5419,0,0.0017582125,0.0066666667,0.0012926968
5426,0,0.0048378151,0.0000000000,0.0004363693
5427,0,0.0126334547,0.0000000000,0.0008076626
5429,0,0.0260261227,0.0000000000,0.0028599505
5430,0,0.0027576515,0.0033333333,0.0003459601
5431,0,0.0024916348,0.0000000000,0.0005190134
5432,0,0.0107798403,0.0000000000,0.0004644966
5433,0,0.0084997656,0.0166666667,0.0052482905
5436,0,0.0087669472,0.0000000000,0.0007174224
5438,0,0.0059235070,0.0000000000,0.0020772063
5439,0,0.0055568097,0.0000000000,0.0003717090
5440,0,0.0022457779,0.0000000000,0.0006730740
5442,0,0.0035086155,0.0066666667,0.0027144433
5443,0,0.0370927574,0.0400000000,0.1067513451
5444,0,0.0126007363,0.0233333333,0.0047956333
5445,0,0.0157754001,0.0000000000,0.0020102675
5446,0,0.0029851142,0.0000000000,0.0009734593
5448,0,0.0186972974,0.0000000000,0.0010413324
5450,0,0.1327347309,0.0733333333,0.0445489809
5451,0,0.0044559448,0.0000000000,0.0038167979
5452,0,0.0227865518,0.0966666667,0.2705630064
5455,0,0.0096219802,0.0033333333,0.0012384717
5456,0,0.0082125225,0.0000000000,0.0005396481
5457,0,0.0022230426,0.0000000000,0.0003437621
5458,0,0.0052724070,0.0000000000,0.0008753680
5459,0,0.0280707403,0.0000000000,0.0006317965
5460,0,0.1025078251,0.0066666667,0.0043516485
5461,0,0.0049630121,0.0033333333,0.0012618606
5462,0,0.0414541541,0.1066666667,0.0879961401
5463,0,0.0111414057,0.0000000000,0.0004070249
5465,0,0.0110472034,0.0000000000,0.0008268184
5466,0,0.0983727423,0.0066666667,0.0027557295
5467,0,0.0144338238,0.0000000000,0.0013332386
5469,0,0.0277380003,0.0000000000,0.0021369185
5470,0,0.0134595333,0.0066666667,0.0052206828
5471,0,0.0102844316,0.0000000000,0.0019716038
5472,0,0.5115577180,0.3600000000,0.7054069638
5473,0,0.4643526565,0.0666666667,0.0399429277
5474,0,0.1120105870,0.1100000000,0.2135639042
5475,0,0.0240225075,0.0166666667,0.0154867861
5477,0,0.0130378811,0.0033333333,0.0011356615
5480,0,0.0037022323,0.0000000000,0.0005822548
5481,0,0.0036611522,0.0066666667,0.0015902006
5485,0,0.0125303668,0.0200000000,0.0074479920
5487,0,0.0907304313,0.0933333333,0.2747647166
5488,0,0.0901421549,0.0500000000,0.1932580471
5489,1,0.3575479973,0.3500000000,0.6953545213
5491,1,0.3831505677,0.5333333333,0.9830238223
5492,0,0.0331665283,0.2233333333,0.3356614411
5493,0,0.0056771336,0.0866666667,0.0320777819
5494,0,0.0619396996,0.0900000000,0.2122640014
5495,0,0.0113096799,0.1133333333,0.0328372680
5496,0,0.0188626200,0.0933333333,0.0257919617
5498,0,0.0034604516,0.0000000000,0.0011263529
5501,0,0.0029246081,0.0000000000,0.0004536142
5502,0,0.0037407322,0.0000000000,0.0008785144
5503,0,0.0436094812,0.0400000000,0.0226310249
5505,0,0.0725792196,0.0266666667,0.0028975399
5507,0,0.0024405936,0.0000000000,0.0007191977
5508,0,0.0085520596,0.0000000000,0.0005758189
5509,0,0.0685582980,0.1166666667,0.1896874011
5510,0,0.0026274780,0.0000000000,0.0007228195
5511,0,0.0488240323,0.0000000000,0.0080165993
5512,0,0.0044735716,0.0000000000,0.0005277462
5513,0,0.0032411367,0.0000000000,0.0004780823
5514,0,0.0316776972,0.0066666667,0.0035844897
5515,0,0.0027436588,0.0000000000,0.0007895958
5516,0,0.0047212184,0.0000000000,0.0008763048
5517,0,0.0062879934,0.0000000000,0.0012094912
5518,0,0.0497172205,0.0066666667,0.0223336238
5519,0,0.0053309159,0.0000000000,0.0019729291
5520,0,0.0290627678,0.0000000000,0.0157295931
5521,0,0.0165298505,0.0033333333,0.0096142320
5522,0,0.0198296458,0.0033333333,0.0264806580
5525,0,0.0038557040,0.0000000000,0.0027248077
5526,0,0.0057550473,0.2000000000,0.2433943599
5527,0,0.0388190040,0.0000000000,0.0036236595
5529,0,0.0463571496,0.0433333333,0.1126525477
5530,0,0.0091037621,0.0066666667,0.0039474200
5531,0,0.0159696836,0.1933333333,0.6593660116
5532,0,0.0030034411,0.0000000000,0.0005504033
5533,0,0.0458752700,0.0166666667,0.0085877869
5534,0,0.0033530358,0.0000000000,0.0003655771
5536,0,0.0196016548,0.0000000000,0.0005197984
5537,1,0.0638483637,0.0533333333,0.4948737621
5538,0,0.0036845767,0.0000000000,0.0008834763
5539,0,0.0043323056,0.0000000000,0.0031002187
5541,0,0.0091415811,0.0000000000,0.0023469969
5543,0,0.0078283627,0.0033333333,0.0032996626
5545,0,0.0469199782,0.0000000000,0.0042261337
5547,0,0.0144677951,0.0000000000,0.0054759234
5549,0,0.0161835645,0.0000000000,0.0049791974
5552,0,0.0168329601,0.1500000000,0.6181445122
5553,0,0.0067766327,0.0000000000,0.0012078603
5555,0,0.0211794753,0.0000000000,0.0014064835
5556,0,0.0260941578,0.0000000000,0.0022679381
5557,0,0.0036131891,0.0066666667,0.1055871770
5558,0,0.0192209146,0.0000000000,0.0026875392
5559,0,0.0480499328,0.0033333333,0.0016001436
5561,0,0.0264515616,0.0000000000,0.0067070266
5562,0,0.0180096968,0.0633333333,0.2907560766
5563,0,0.0241367852,0.0000000000,0.0009229585
5565,0,0.0704365982,0.0100000000,0.0587160811
5566,0,0.0161694341,0.0066666667,0.1856494397
5567,0,0.0805621161,0.0633333333,0.2735069394
5570,0,0.0012950922,0.0000000000,0.0004737698
5571,0,0.0103715232,0.0233333333,0.0011653390
5572,0,0.0026272409,0.0000000000,0.0004449514
5573,0,0.0019836471,0.0000000000,0.0004300372
5574,0,0.0005548085,0.0000000000,0.0002339694
5576,0,0.0010191941,0.0000000000,0.0004644496
5577,0,0.0027988278,0.0000000000,0.0002886835
5578,0,0.0018208409,0.0000000000,0.0003182121
5580,0,0.0012983288,0.0000000000,0.0004505056
5581,0,0.0010394599,0.0000000000,0.0004264241
5582,0,0.0105429657,0.0100000000,0.0031834762
5584,0,0.0022379272,0.0000000000,0.0026759657
5585,0,0.0007845309,0.0000000000,0.0012243015
5586,0,0.0007793764,0.0000000000,0.0029728170
5587,0,0.0004680935,0.0000000000,0.0010825715
5588,0,0.0075938636,0.0000000000,0.0007993040
5589,0,0.0040512646,0.0000000000,0.0028207051
5593,0,0.0156828990,0.0033333333,0.0215560570
5598,0,0.0029631582,0.0000000000,0.0011263110
5599,0,0.1211729430,0.0333333333,0.0204275381
5600,0,0.0020198158,0.0000000000,0.0008318273
5602,0,0.0066033442,0.0000000000,0.0007656199
5603,0,0.0837720568,0.1400000000,0.2239252776
5604,0,0.1546050904,0.1900000000,0.4719652832
5605,0,0.0052308467,0.0000000000,0.0007584911
5606,0,0.0186844832,0.0000000000,0.0005743467
5607,0,0.0017213814,0.0000000000,0.0003104199
5608,0,0.0020613851,0.0000000000,0.0003740801
5609,0,0.0027091444,0.0033333333,0.0011868089
5610,0,0.0225401953,0.0233333333,0.0427780859
5611,0,0.0049207515,0.0200000000,0.0029316144
5612,0,0.0029030756,0.0000000000,0.0023816570
5613,0,0.0226572359,0.0000000000,0.0012361289
5614,0,0.0047107428,0.0000000000,0.0017635126
5615,0,0.0010275748,0.0033333333,0.0004095105
5616,1,0.7819078585,0.3700000000,0.9819966555
5618,1,0.6560570747,0.2366666667,0.6131454706
5619,0,0.0028837520,0.0000000000,0.0017266736
5620,0,0.0164236996,0.0000000000,0.0012267178
5622,0,0.0371650050,0.2533333333,0.0625949576
5625,0,0.0032144263,0.0000000000,0.0008297474
5626,0,0.0026323129,0.0000000000,0.0003896035
5627,0,0.0031003650,0.0033333333,0.0005031708
5628,0,0.0549582882,0.0000000000,0.0016478718
5629,0,0.0202006759,0.0000000000,0.0013108723
5630,0,0.1212757497,0.0466666667,0.0194286220
5632,0,0.0114664899,0.0000000000,0.0009617492
5633,0,0.1513370373,0.0533333333,0.1602137685
5635,0,0.1566101470,0.1400000000,0.2305915207
5636,0,0.1447920091,0.0100000000,0.0028380761
5637,0,0.0541992647,0.0066666667,0.0152862947
5639,0,0.0158358037,0.0000000000,0.0006793970
5640,0,0.0085758396,0.0000000000,0.0023483024
5642,0,0.0097028102,0.0033333333,0.0015644075
5645,0,0.1355125194,0.1133333333,0.0337516963
5646,0,0.0019121306,0.0000000000,0.0009932545
5647,0,0.0546021924,0.0000000000,0.0021639594
5648,0,0.2536249829,0.0866666667,0.0242847558
5649,0,0.0500135251,0.0966666667,0.1262200326
5650,0,0.1702158265,0.0700000000,0.2699134350
5651,0,0.1296742181,0.3166666667,0.7200986147
5653,0,0.0120657018,0.0100000000,0.0674681813
5654,0,0.0154322067,0.1500000000,0.3113730252
5655,0,0.0011296977,0.0033333333,0.0014494240
5656,0,0.0058389511,0.0200000000,0.0423622765
5658,0,0.0016025476,0.0000000000,0.0004426761
5660,0,0.0007716468,0.0000000000,0.0016879772
5661,0,0.0061761079,0.0000000000,0.0008084164
5662,0,0.0390445530,0.0100000000,0.0378313437
5663,0,0.0022160043,0.0000000000,0.0007565514
5665,0,0.0007801380,0.0000000000,0.0006016114
5668,0,0.0089926211,0.0033333333,0.0015018664
5669,0,0.0053767658,0.0100000000,0.0110614523
5670,0,0.0020770662,0.0000000000,0.0005353724
5672,0,0.0014831257,0.0000000000,0.0008939876
5673,0,0.0003265106,0.0033333333,0.0001592342
5675,0,0.0014164993,0.0033333333,0.0020091257
5676,0,0.0042018259,0.0000000000,0.0019082134
5677,0,0.0065405856,0.0000000000,0.0026418401
5678,0,0.0107296953,0.2100000000,0.4832555652
5679,0,0.0033295743,0.0033333333,0.0006712129
5681,0,0.0176961288,0.0366666667,0.0357486121
5682,0,0.0064438376,0.0200000000,0.0204800684
5685,0,0.0047752494,0.0000000000,0.0010525876
5687,0,0.0051885714,0.0000000000,0.0006652495
5688,0,0.0357447698,0.0000000000,0.0008271197
5689,0,0.0083083406,0.0133333333,0.0137314089
5691,0,0.0155120309,0.0066666667,0.0899234563
5692,0,0.0911049843,0.2933333333,0.6873559356
5694,0,0.0058757989,0.0066666667,0.0038342080
5695,0,0.0503393369,0.0000000000,0.0138191413
5697,0,0.0036123719,0.0000000000,0.0007017854
5698,0,0.0285259805,0.3066666667,0.6710252166
5703,0,0.0482004647,0.0000000000,0.0003810601
5705,0,0.0729068351,0.2533333333,0.5467916727
5708,0,0.0233316355,0.0000000000,0.0034770393
5709,0,0.0349611101,0.0000000000,0.0004046090
5710,0,0.0209248998,0.0100000000,0.0092648705
5711,0,0.0185270215,0.0033333333,0.0159979817
5712,0,0.0106699794,0.0000000000,0.0060525830
5713,0,0.1287454442,0.2066666667,0.5098109245
5714,0,0.0277379524,0.0000000000,0.0031315251
5716,0,0.0078375570,0.0000000000,0.0009466426
5717,0,0.0945479661,0.1800000000,0.5390114784
5718,0,0.0115929585,0.0000000000,0.0016221993
5719,0,0.0110775843,0.0033333333,0.0025579932
5722,0,0.0179504048,0.0033333333,0.0138106830
5723,0,0.0653149479,0.0000000000,0.0007446848
5725,0,0.1877934959,0.0066666667,0.0382586233
5726,0,0.0063268322,0.0000000000,0.0098709594
5728,0,0.0074589239,0.0000000000,0.0048002624
5730,0,0.0038816725,0.0000000000,0.0108045163
5731,0,0.0141185539,0.0000000000,0.0009583293
5732,0,0.0090140768,0.0000000000,0.0045516347
5734,0,0.0627777647,0.0500000000,0.1253940761
5735,1,0.3781020203,0.6700000000,0.9951159954
5736,0,0.0201040927,0.0300000000,0.5551117063
5737,0,0.0029456278,0.0233333333,0.1161044165
5738,0,0.1558307206,0.1000000000,0.0315607376
5740,0,0.0007027911,0.0033333333,0.0003254582
5741,0,0.0014168460,0.0000000000,0.0006070137
5742,0,0.0017516909,0.0000000000,0.0006861606
5744,0,0.0010970612,0.0466666667,0.0180951916
5745,0,0.0033573999,0.0000000000,0.0004980939
5746,0,0.0041079206,0.0000000000,0.0012174973
5747,0,0.0010083643,0.0000000000,0.0006523280
5749,0,0.0007826726,0.0000000000,0.0003189037
5750,0,0.1110968175,0.2933333333,0.6713753939
5751,0,0.0064308475,0.0000000000,0.0007989610
5752,0,0.0036999813,0.0000000000,0.0011706705
5753,0,0.0012963375,0.0000000000,0.0004537431
5754,0,0.1032107723,0.0066666667,0.0279644877
5755,0,0.0018656980,0.0000000000,0.0010174196
5756,0,0.0194306521,0.0100000000,0.0257767495
5757,0,0.0181721905,0.1233333333,0.4312409759
5758,0,0.0645348770,0.1866666667,0.3788022399
5759,0,0.0073852303,0.0000000000,0.0007478248
5760,0,0.0033393114,0.0000000000,0.0010751504
5761,0,0.0011757713,0.0000000000,0.0006877352
5762,0,0.0253499845,0.2566666667,0.3805655241
5764,0,0.0015673956,0.0000000000,0.0018837535
5766,0,0.0053802018,0.0000000000,0.0046749590
5767,0,0.0032731632,0.0000000000,0.0018818814
5768,0,0.0091710196,0.0066666667,0.0027206063
5769,0,0.0119661382,0.0133333333,0.0231682733
5770,0,0.0276913444,0.1900000000,0.1892276257
5771,0,0.0061782988,0.0000000000,0.0017271372
5773,0,0.0037901624,0.0000000000,0.0015132222
5774,0,0.0070393593,0.0100000000,0.0119517539
5775,0,0.0050388264,0.0000000000,0.0005858129
5776,0,0.0046249494,0.0000000000,0.0008451025
5778,0,0.0109953240,0.0100000000,0.0070984946
5780,0,0.0038865921,0.0000000000,0.0009921904
5781,0,0.0225207802,0.0000000000,0.0007369930
5782,0,0.0106967295,0.0000000000,0.0009721660
5784,0,0.0038212089,0.0000000000,0.0006894637
5785,0,0.0033782006,0.0033333333,0.0014828170
5786,0,0.0037258262,0.0000000000,0.0005585733
5790,0,0.0313631718,0.0133333333,0.0098861922
5791,0,0.0040719618,0.0000000000,0.0010553221
5793,0,0.0033098940,0.0000000000,0.0010956979
5797,0,0.2786770605,0.0300000000,0.0452056527
5798,0,0.0161183831,0.0000000000,0.0026626100
5800,0,0.0148091557,0.0000000000,0.0051740794
5802,0,0.0280799104,0.0033333333,0.0111672636
5803,0,0.0107043487,0.0000000000,0.0063004498
5804,0,0.0116424835,0.0000000000,0.0045221508
5805,0,0.0271436011,0.0566666667,0.1131192148
5806,0,0.0147190235,0.0000000000,0.0033067053
5807,0,0.0494871707,0.0100000000,0.1211255938
5808,0,0.0083274171,0.0066666667,0.0224274322
5809,0,0.0060745480,0.0000000000,0.0030945586
5810,0,0.0105636474,0.0000000000,0.0021490250
5811,0,0.0092971687,0.0000000000,0.0046359738
5812,0,0.0163028959,0.0000000000,0.0017389735
5815,0,0.0257127388,0.0033333333,0.0098393941
5816,0,0.0216639002,0.0000000000,0.0048712967
5817,0,0.0247242291,0.0033333333,0.0127409538
5819,0,0.0194840159,0.1000000000,0.4258459508
5823,0,0.1641469782,0.0366666667,0.0498761944
5824,0,0.0405787172,0.0600000000,0.1650396585
5825,0,0.0416240443,0.0600000000,0.3016637266
5826,0,0.0174251161,0.0466666667,0.1126158908
5827,0,0.0234346980,0.0300000000,0.1033277512
5829,0,0.0022376217,0.0000000000,0.0007126949
5830,0,0.0004223600,0.0000000000,0.0003126716
5832,0,0.0352649823,0.0066666667,0.0024918707
5833,0,0.0024291170,0.0000000000,0.0005297498
5834,0,0.0046601738,0.0000000000,0.0007679911
5836,0,0.0008032371,0.0000000000,0.0004276899
5837,0,0.0041783566,0.0000000000,0.0010709587
5839,0,0.0004585212,0.0000000000,0.0003838044
5840,0,0.0007755753,0.0000000000,0.0002057497
5842,0,0.0011486723,0.0000000000,0.0010495901
5843,0,0.0106001504,0.0100000000,0.0208571311
5846,0,0.0007178337,0.0000000000,0.0004095919
5847,0,0.0041157181,0.0000000000,0.0004192812
5848,0,0.0017179688,0.0000000000,0.0009796564
5850,0,0.0082149721,0.0000000000,0.0033481901
5851,0,0.0023309574,0.0000000000,0.0010088480
5852,0,0.0010732250,0.0000000000,0.0004440579
5854,0,0.0020967274,0.0033333333,0.0010093119
5856,0,0.0045554477,0.0066666667,0.0240005795
5858,0,0.0016402435,0.0000000000,0.0063003125
5859,0,0.0028929258,0.0233333333,0.0328028910
5861,0,0.0017918814,0.0000000000,0.0018760997
5862,0,0.0975205129,0.0033333333,0.0040883860
5863,0,0.0060818654,0.0000000000,0.0010938362
5864,0,0.0013940514,0.0000000000,0.0007085851
5865,0,0.0012805535,0.0000000000,0.0004974882
5866,0,0.0012261204,0.0000000000,0.0010871798
5867,0,0.0176235189,0.0000000000,0.0024221556
5868,0,0.0308155091,0.0000000000,0.0015902324
5869,0,0.0046524259,0.0000000000,0.0014304734
5870,0,0.0176293641,0.0000000000,0.0023271269
5873,0,0.0126479450,0.0000000000,0.0006834965
5874,0,0.0036139554,0.0000000000,0.0007647149
5876,0,0.0131919808,0.0000000000,0.0002710683
5880,0,0.0052237485,0.0000000000,0.0016736446
5881,0,0.0683757324,0.0033333333,0.0077761230
5882,0,0.0136884565,0.0000000000,0.0018151402
5883,0,0.0035225870,0.0000000000,0.0009668326
5885,0,0.0077372165,0.0066666667,0.0028492375
5886,0,0.0025003448,0.0000000000,0.0031999166
5887,0,0.0200765032,0.0000000000,0.0007857741
5888,0,0.0043730115,0.0000000000,0.0017715447
5890,0,0.0336983737,0.0266666667,0.0116592180
5891,0,0.0100598963,0.0000000000,0.0015910011
5892,0,0.0906593385,0.0333333333,0.0317546502
5893,0,0.0374469208,0.0000000000,0.0025375264
5894,0,0.1111394448,0.0000000000,0.0033625625
5895,0,0.0286440935,0.0033333333,0.0104453778
5896,0,0.0391592594,0.0000000000,0.0043210206
5899,0,0.1894079970,0.1233333333,0.1050915048
5900,0,0.0021961465,0.0000000000,0.0054283412
5901,0,0.0125289850,0.0000000000,0.0027601072
5902,0,0.0736108931,0.0000000000,0.0099519296
5903,0,0.0171235658,0.0000000000,0.0082070883
5904,0,0.0170593179,0.0000000000,0.0084005911
5905,0,0.2968019637,0.1866666667,0.6744406223
5906,0,0.0024263489,0.0033333333,0.0007429856
5907,0,0.0101809786,0.0000000000,0.0042356057
5910,1,0.8210547782,0.3833333333,0.9828185439
5911,0,0.0023704850,0.0000000000,0.0009414796
5913,0,0.0004381869,0.0000000000,0.0024814503
5914,0,0.0300909192,0.0000000000,0.0018678273
5915,0,0.0026790213,0.0000000000,0.0025621550
5916,0,0.0014232779,0.0033333333,0.0022294726
5917,0,0.0091384477,0.0000000000,0.0035859274
5918,0,0.0104962467,0.0066666667,0.0470657051
5919,0,0.0109343733,0.0000000000,0.0029867995
5920,0,0.0178449398,0.0000000000,0.0105952332
5921,0,0.0015558962,0.0033333333,0.0071366709
5922,0,0.0540096600,0.0633333333,0.1864218563
5923,0,0.0040909915,0.0033333333,0.0099462839
5924,0,0.0006583499,0.0000000000,0.0024864515
5926,0,0.0005565050,0.0000000000,0.0009908892
5927,0,0.0289894250,0.0066666667,0.0130259451
5928,0,0.0009936879,0.0033333333,0.0033676208
5930,0,0.0076681670,0.0000000000,0.0030703347
5931,0,0.0564556955,0.0000000000,0.0037519026
5933,0,0.0012574295,0.0000000000,0.0008818166
5934,0,0.0058558720,0.0033333333,0.0819803998
5935,0,0.0251539556,0.0033333333,0.0073348922
5936,0,0.0037073417,0.0000000000,0.0008669581
5938,0,0.0021120605,0.0000000000,0.0026938296
5939,0,0.0076192062,0.0000000000,0.0045909276
5940,0,0.3263015759,0.1633333333,0.8203508258
5941,0,0.0365194852,0.0000000000,0.0068648863
5942,1,0.0196199576,0.0000000000,0.0128642619
5943,0,0.0074157760,0.0000000000,0.0091122333
5944,0,0.0095943704,0.0000000000,0.0019665444
5949,0,0.0176757672,0.0133333333,0.0172024872
5950,0,0.0083535178,0.0000000000,0.0016315901
5951,0,0.0021947679,0.0000000000,0.0064613195
5952,0,0.0016956248,0.0066666667,0.0057562687
5953,0,0.0020765451,0.0000000000,0.0020041582
5955,0,0.0018915579,0.0000000000,0.0091934679
5956,0,0.0035880964,0.0000000000,0.0019422116
5957,0,0.0035580020,0.0000000000,0.0017312857
5958,0,0.0137766626,0.0033333333,0.0018584984
5960,0,0.0331227902,0.0233333333,0.0830729678
5961,0,0.0039935243,0.0033333333,0.0057864124
5962,0,0.0011852515,0.0000000000,0.0024758433
5963,0,0.0021596116,0.0000000000,0.0034228845
5964,0,0.0058789825,0.0000000000,0.0010096412
5965,0,0.0010194823,0.0000000000,0.0039583766
5966,0,0.0116458268,0.0033333333,0.0510182977
5967,0,0.0301139604,0.0100000000,0.0394736417
5969,0,0.1036030501,0.0266666667,0.0483413562
5970,0,0.0014626361,0.0000000000,0.0068678646
5971,0,0.0048438720,0.0000000000,0.0066474574
5972,0,0.0012767463,0.0000000000,0.0038107270
5974,0,0.0432010671,0.0266666667,0.0530011319
5975,0,0.0075857210,0.0000000000,0.0116304988
5976,0,0.0014366279,0.0066666667,0.0132569857
5977,0,0.0316736986,0.0100000000,0.0367619433
5978,0,0.0187527820,0.0033333333,0.0105943587
5980,0,0.0295139894,0.0033333333,0.0107731428
5982,0,0.0099025144,0.0066666667,0.0518981144
5983,0,0.0055335291,0.0000000000,0.0044219308
5984,0,0.0193286425,0.0133333333,0.0137744527
5985,0,0.0368935301,0.0366666667,0.0297410395
5986,0,0.0042351332,0.0533333333,0.0198356584
5988,0,0.0702523259,0.0066666667,0.0122986026
5990,0,0.1453687026,0.1366666667,0.6897061467
5991,0,0.0538119984,0.0900000000,0.2258283198
5992,0,0.0090670547,0.0633333333,0.5322237015
5994,0,0.0109116509,0.0400000000,0.1690335423
5995,0,0.0684114347,0.0533333333,0.3428671956
5996,0,0.0295738810,0.0466666667,0.1973706484
5998,0,0.0100148632,0.1500000000,0.8057146668
5999,0,0.0298731017,0.2100000000,0.9089225531
6000,1,0.0069898076,0.0666666667,0.0421398468
6002,0,0.0016279672,0.0166666667,0.0194933899
6003,0,0.0013521242,0.0033333333,0.0042956988
6004,0,0.0008780352,0.0000000000,0.0019518473
6005,0,0.0007634312,0.0000000000,0.0009039953
6007,0,0.0045379801,0.0000000000,0.0063007628
6009,0,0.0009246845,0.0033333333,0.0206330642
6010,0,0.0017481429,0.0033333333,0.0064528603
6011,0,0.0013840970,0.0133333333,0.0037951837
6012,0,0.0019727305,0.0000000000,0.0016751295
6014,0,0.0004553663,0.0033333333,0.0021174739
6017,0,0.0050268533,0.0000000000,0.0167322718
6018,0,0.0006331981,0.0000000000,0.0040785912
6019,0,0.0002901190,0.0033333333,0.0023410432
6020,0,0.0102428670,0.0000000000,0.0016305915
6022,0,0.0008724268,0.0000000000,0.0050366945
6024,0,0.0086236320,0.0166666667,0.0234697275
6025,1,0.3596350800,0.3200000000,0.9313059449
6026,0,0.0214704790,0.0400000000,0.0754984766
6027,0,0.0101127667,0.0100000000,0.0101632904
6028,0,0.0021779507,0.0033333333,0.0032730261
6032,0,0.0027281759,0.0166666667,0.0033440222
6035,0,0.0056655538,0.0100000000,0.0424484350
6037,0,0.0406440679,0.0100000000,0.0190631244
6038,0,0.0110333998,0.0000000000,0.0112986797
6042,0,0.0143558067,0.0000000000,0.0062025292
6043,0,0.0030603212,0.0000000000,0.0005499363
6044,0,0.0042101014,0.0000000000,0.0018125915
6047,0,0.0760881744,0.0700000000,0.0351249650
6049,0,0.0064832666,0.0000000000,0.0011992656
6050,0,0.0019333663,0.0000000000,0.0006184027
6051,0,0.0043518492,0.0000000000,0.0010424207
6052,0,0.0480233024,0.0000000000,0.0117010353
6055,0,0.0050044143,0.0000000000,0.0025235491
6056,0,0.0127108798,0.0000000000,0.0058402712
6060,0,0.0510709012,0.0033333333,0.0041144951
6061,0,0.0143482498,0.0000000000,0.0007534217
6062,0,0.0011521548,0.0000000000,0.0012576921
6063,0,0.0889064481,0.0166666667,0.0032099965
6064,0,0.0193772947,0.0000000000,0.0038748516
6065,0,0.0120126252,0.0000000000,0.0019818698
6066,0,0.0211396502,0.0033333333,0.0094033862
6067,0,0.0110758790,0.0000000000,0.0033280270
6069,0,0.0102593081,0.0000000000,0.0165350381
6070,0,0.0106444592,0.0000000000,0.0079159066
6071,0,0.0082977683,0.0000000000,0.0041256528
6072,0,0.0166452397,0.0000000000,0.0069065751
6073,0,0.0050722908,0.0000000000,0.0027406642
6074,0,0.0064801887,0.0000000000,0.0090859216
6075,0,0.0150191729,0.0000000000,0.0035815395
6076,0,0.0350848020,0.0000000000,0.0081122909
6077,0,0.0098775876,0.0000000000,0.0032498213
6078,0,0.0407792530,0.0066666667,0.0049738875
6080,0,0.0077593505,0.0666666667,0.3386173546
6081,0,0.0057177561,0.1266666667,0.3803741038
6082,0,0.0620605054,0.0300000000,0.0919750556
6083,0,0.0352092018,0.3266666667,0.8307849169
6084,0,0.1349580437,0.3633333333,0.8775767684
6086,0,0.0017956895,0.0000000000,0.0031023165
6087,0,0.0009132077,0.0000000000,0.0021818846
6088,0,0.0005788924,0.0000000000,0.0007836960
6089,0,0.0010059143,0.0000000000,0.0015463401
6090,0,0.0009175039,0.0000000000,0.0017264656
6092,0,0.0723154422,0.0133333333,0.0452015437
6093,0,0.0005004386,0.0000000000,0.0029099956
6094,0,0.0579917861,0.0366666667,0.0659796149
6095,0,0.0041135238,0.0400000000,0.0400139727
6096,0,0.0052516363,0.0033333333,0.0041340408
6097,0,0.0016037223,0.0000000000,0.0009947617
6098,0,0.0006332344,0.0033333333,0.0036169651
6099,0,0.0019768928,0.0000000000,0.0073876204
6100,0,0.0001543655,0.0000000000,0.0002936448
6101,0,0.0008134924,0.0000000000,0.0064971773
6103,0,0.0034209124,0.0000000000,0.0048209908
6104,0,0.0044644052,0.0000000000,0.0188878812
6105,0,0.0019088744,0.0000000000,0.0008726019
6106,0,0.0119592382,0.0000000000,0.0049110227
6107,0,0.0165097167,0.0100000000,0.0251257829
6109,0,0.0006394766,0.0000000000,0.0040644994
6110,0,0.0015860017,0.0000000000,0.0026733975
6111,0,0.0079306322,0.0000000000,0.0020866096
6114,0,0.0020659439,0.0033333333,0.0029206269
6115,0,0.0012150221,0.0000000000,0.0050452873
6116,0,0.0211676316,0.0033333333,0.0073003313
6119,0,0.0988117315,0.1033333333,0.0964627936
6120,0,0.0030609491,0.0000000000,0.0013151059
6121,0,0.0016093642,0.0000000000,0.0008337120
6123,0,0.1054856246,0.0100000000,0.0317564532
6124,0,0.0075328627,0.0000000000,0.0036425812
6125,0,0.0034888224,0.0000000000,0.0058997348
6126,0,0.0088419745,0.0000000000,0.0137547022
6127,0,0.0467343386,0.0400000000,0.1152391210
6130,0,0.0293778466,0.0033333333,0.0015111804
6131,0,0.0187656614,0.0000000000,0.0039392407
6132,0,0.0086796229,0.0000000000,0.0022177515
6133,0,0.0063853545,0.0000000000,0.0016219791
6134,0,0.0077962366,0.0000000000,0.0013484509
6138,0,0.0050081779,0.0000000000,0.0108456044
6140,0,0.0040281870,0.0000000000,0.0018794709
6141,0,0.0067383860,0.0000000000,0.0013418364
6142,0,0.0421472988,0.0000000000,0.0100269718
6143,0,0.0080138544,0.0000000000,0.0081094485
6144,0,0.0028847453,0.0000000000,0.0084848059
6146,0,0.0053640315,0.0000000000,0.0020103573
6147,0,0.0058824659,0.0000000000,0.0015408840
6151,0,0.0094585425,0.0000000000,0.0005707622
6152,0,0.0068445779,0.0000000000,0.0036435435
6154,1,0.3303689296,0.1800000000,0.5016158223
6155,0,0.0023708013,0.0100000000,0.0703749135
6157,0,0.0327941918,0.0000000000,0.0015716180
6158,0,0.0232380365,0.0000000000,0.0081125172
6159,0,0.0068845012,0.0233333333,0.0133465994
6160,1,0.4191835636,0.3300000000,0.6821855903
6163,0,0.0131342231,0.0000000000,0.0045378478
6164,0,0.0450177372,0.0866666667,0.3382209241
6165,0,0.0053935601,0.0000000000,0.0057398118
6166,0,0.0127757696,0.0800000000,0.4428493381
6168,0,0.0762300518,0.0733333333,0.2314531356
6169,0,0.0120774367,0.0433333333,0.1674207002
6170,0,0.0085620798,0.0766666667,0.8311236501
6171,0,0.0338945165,0.0933333333,0.2543506026
6172,0,0.0210068419,0.0900000000,0.2921406627
6173,1,0.0567689584,0.0133333333,0.1431233585
6175,0,0.0005484579,0.0000000000,0.0038943102
6177,0,0.0008036451,0.0000000000,0.0010377424
6179,1,0.2464251904,0.5700000000,0.9750324488
6180,0,0.0016750310,0.0033333333,0.0100863203
6182,0,0.0024998800,0.0000000000,0.0039939526
6186,0,0.0016755049,0.0033333333,0.0005874408
6187,0,0.0038589010,0.0033333333,0.0029954410
6189,0,0.0062448453,0.0000000000,0.0037785193
6190,0,0.0011322369,0.0000000000,0.0018723097
6191,0,0.0009202058,0.0000000000,0.0038197616
6192,0,0.0013171379,0.0000000000,0.0025912640
6193,0,0.0055751100,0.0000000000,0.0218506251
6195,0,0.0079109148,0.0000000000,0.0012438062
6196,0,0.0036292453,0.0000000000,0.0028689748
6197,0,0.0027280137,0.0033333333,0.0023837290
6198,0,0.0163854254,0.0000000000,0.0034981272
6199,0,0.0004848417,0.0033333333,0.0018557602
6200,0,0.0100927994,0.0000000000,0.0029148087
6201,0,0.0020469006,0.0000000000,0.0061203730
6202,0,0.0093752043,0.0000000000,0.0036957315
6204,0,0.0021353729,0.0000000000,0.0047193388
6206,0,0.0009077034,0.0000000000,0.0028667238
6207,0,0.0009930967,0.0000000000,0.0094386479
6210,0,0.0018535005,0.0000000000,0.0045858705
6212,0,0.0149450782,0.0366666667,0.1222134084
6214,0,0.0033118712,0.0000000000,0.0039614704
6215,0,0.0060868560,0.0000000000,0.0053975284
6217,0,0.0029877510,0.0000000000,0.0019725310
6218,0,0.0118014255,0.0000000000,0.0267438404
6219,0,0.0151572904,0.0200000000,0.0324035734
6220,0,0.0044311863,0.0033333333,0.0031733012
6222,0,0.0198971001,0.0200000000,0.0242483560
6223,0,0.0022000205,0.0000000000,0.0006070076
6225,0,0.0052007620,0.0000000000,0.0007250651
6226,0,0.0029226938,0.0000000000,0.0014920187
6227,0,0.1371089416,0.0366666667,0.0548671335
6229,0,0.0696046722,0.0033333333,0.0225478634
6230,0,0.0558956955,0.0066666667,0.0262063947
6231,0,0.0062940940,0.0033333333,0.0007711948
6232,0,0.0102867310,0.0000000000,0.0005995482
6234,0,0.0047888061,0.0000000000,0.0051692780
6235,0,0.0169112459,0.0000000000,0.0041764472
6236,0,0.0079196736,0.0000000000,0.0023688867
6241,0,0.0055025160,0.0000000000,0.0035294739
6242,0,0.0842115971,0.0333333333,0.0585138425
6243,0,0.0482681817,0.0000000000,0.0007910181
6244,0,0.1047038739,0.0033333333,0.0322848000
6245,0,0.0083432053,0.0000000000,0.0159890652
6247,0,0.0480238679,0.0000000000,0.0142017100
6249,1,0.7530716234,0.3800000000,0.9839370847
6250,0,0.0149493509,0.0066666667,0.0067870542
6253,0,0.0134818447,0.0033333333,0.0080434764
6254,0,0.0081084033,0.0033333333,0.0075594159
6255,0,0.0664649525,0.0333333333,0.1041649207
6256,1,0.5188482733,0.6966666667,0.9845482707
6257,1,0.0179793748,0.0066666667,0.0965014845
6258,0,0.0087863775,0.0700000000,0.0958307907
6259,0,0.0043563057,0.0000000000,0.0015704461
6261,0,0.0055713086,0.0133333333,0.0350439288
6263,0,0.0017589189,0.0000000000,0.0014192422
6265,0,0.0039483680,0.0000000000,0.0017301916
6266,0,0.0061436063,0.0033333333,0.0408722796
6268,0,0.0019179353,0.0000000000,0.0019475697
6269,0,0.0024695411,0.0000000000,0.0034572475
6270,0,0.0023951091,0.0000000000,0.0033556658
6271,0,0.0047911119,0.0000000000,0.0054144883
6273,0,0.0247630559,0.0000000000,0.0043937881
6274,0,0.0021876167,0.0000000000,0.0114782117
6275,0,0.0004446208,0.0000000000,0.0013667808
6276,0,0.0022939470,0.0000000000,0.0008581963
6278,0,0.0024234074,0.0000000000,0.0008376337
6279,0,0.0052714970,0.0000000000,0.0014231936
6282,0,0.0021973410,0.0000000000,0.0055569191
6285,0,0.0036369107,0.0000000000,0.0015166072
6286,0,0.0064917916,0.0033333333,0.0264476575
6287,0,0.0064850689,0.0000000000,0.0055657453
6290,0,0.1252820809,0.0933333333,0.2663325667
6291,0,0.0054529310,0.0000000000,0.0021302598
6292,0,0.0024600731,0.0000000000,0.0061585233
6294,0,0.0167928148,0.0100000000,0.0062423358
6295,0,0.0088070658,0.0000000000,0.0073291315
6297,0,0.0026840513,0.0033333333,0.0046406412
6298,0,0.1283450789,0.0366666667,0.2620843351
6302,0,0.0130608130,0.0000000000,0.0013331027
6304,0,0.0512799087,0.0000000000,0.0078432113
6305,0,0.0079274960,0.0000000000,0.0014428872
6306,0,0.0032623790,0.0000000000,0.0033183172
6308,0,0.0121292775,0.0000000000,0.0042010187
6310,0,0.0615754158,0.0033333333,0.0608143210
6311,0,0.0276146795,0.0000000000,0.0117682284
6313,0,0.0080517214,0.0000000000,0.0011015313
6314,0,0.0579529969,0.0033333333,0.0839339718
6315,0,0.0035789190,0.0000000000,0.0067046983
6316,0,0.0445631934,0.0033333333,0.0183167811
6318,0,0.0233692102,0.0500000000,0.1602825969
6319,0,0.0689939576,0.0000000000,0.0177288502
6320,0,0.0214874470,0.0000000000,0.0011459189
6321,0,0.0352673882,0.0100000000,0.0493441448
6322,0,0.6125688163,0.4200000000,0.9450030923
6323,0,0.0093258864,0.0000000000,0.0033646757
6325,0,0.0738296617,0.0300000000,0.0373497605
6326,0,0.0309437346,0.0000000000,0.0039225197
6327,0,0.0149650269,0.0066666667,0.0220638327
6329,0,0.0104609893,0.0000000000,0.0193987191
6330,0,0.0155717375,0.0000000000,0.0030891474
6331,0,0.0102868935,0.0000000000,0.0062473188
6332,0,0.0736629312,0.0066666667,0.0086750751
6333,0,0.0149631245,0.0066666667,0.0407843553
6334,0,0.0006829189,0.0100000000,0.0166155472
6335,0,0.0152989573,0.0433333333,0.0285243262
6336,0,0.0194558193,0.0000000000,0.0115717119
6337,0,0.0916300909,0.0566666667,0.1614374518
6338,0,0.0237291261,0.0166666667,0.0987128615
6339,0,0.0105973652,0.0233333333,0.4182622731
6341,1,0.0254232353,0.3866666667,0.8109109402
6342,0,0.0042801447,0.0033333333,0.0210317597
6343,0,0.0013453927,0.0033333333,0.0038783744
6345,0,0.0024763848,0.0133333333,0.0508553945
6346,0,0.0008629011,0.0066666667,0.0046404977
6347,0,0.0606978872,0.0466666667,0.0522645377
6350,0,0.0009365591,0.0000000000,0.0026782204
6351,0,0.0065576867,0.0066666667,0.0194781646
6352,0,0.0372170054,0.0000000000,0.0010803142
6353,0,0.0015175132,0.0000000000,0.0005429570
6354,0,0.0021910769,0.0000000000,0.0005559124
6357,0,0.0077607991,0.0000000000,0.0090865316
6358,0,0.0589712485,0.0066666667,0.0280599538
6360,0,0.1340224260,0.0066666667,0.0536957011
6362,0,0.0468253206,0.0033333333,0.0161105376
6364,0,0.0028041905,0.0000000000,0.0007701398
6366,0,0.1052561266,0.0133333333,0.0125319194
6367,0,0.0050817378,0.0000000000,0.0094865551
6369,0,0.0111399796,0.0000000000,0.0087927962
6373,0,0.0025864387,0.0000000000,0.0032241221
6374,0,0.0021214364,0.0033333333,0.0017724792
6375,0,0.0045251768,0.0000000000,0.0013851606
6376,0,0.0018203263,0.0000000000,0.0016823715
6377,0,0.0032292296,0.0000000000,0.0042271316
6378,0,0.0047814554,0.0000000000,0.0013352901
6379,0,0.0316282629,0.0000000000,0.0012144737
6380,0,0.0307528002,0.0000000000,0.0034751231
6381,0,0.1865585329,0.0000000000,0.0228231251
6383,0,0.0099004843,0.0000000000,0.0039891130
6384,0,0.0104520444,0.0000000000,0.0016380465
6385,0,0.0090973501,0.0000000000,0.0016096644
6386,0,0.0304645376,0.0000000000,0.0086615160
6387,0,0.0111715979,0.0000000000,0.0012031450
6389,0,0.0322153316,0.0233333333,0.0096280491
6391,0,0.3035580779,0.0000000000,0.0058180918
6392,0,0.0065452248,0.0000000000,0.0023918357
6393,0,0.0187631481,0.0000000000,0.0043528760
6394,0,0.0079648809,0.0000000000,0.0037920466
6395,0,0.0083132702,0.0000000000,0.0031533812
6396,0,0.0539263803,0.0033333333,0.0062720478
6397,0,0.0959597016,0.0000000000,0.0055233710
6399,0,0.2790680699,0.0200000000,0.0368831344
6400,0,0.0057240029,0.0000000000,0.0023687705
6401,0,0.0151493594,0.0000000000,0.0026340706
6403,0,0.0127263765,0.0000000000,0.0011271144
6404,0,0.0155688124,0.0000000000,0.0017176208
6405,0,0.0988636205,0.0566666667,0.0708415881
6407,0,0.1055367059,0.0000000000,0.0151214013
6408,0,0.0017917937,0.0300000000,0.0462653190
6409,0,0.0062177095,0.0033333333,0.0043708193
6410,0,0.0538245996,0.0000000000,0.0050035566
6411,0,0.0510939273,0.0000000000,0.0059819375
6412,0,0.0474489271,0.0000000000,0.0029647916
6413,0,0.0298717626,0.0000000000,0.0092802811
6414,0,0.0162192462,0.0033333333,0.0047962801
6415,0,0.0019576544,0.0000000000,0.0052351453
6417,0,0.0059433362,0.0000000000,0.0074711516
6418,0,0.0419911193,0.0000000000,0.1160320565
6419,0,0.1110360493,0.2733333333,0.3853536546
6420,1,0.0202995804,0.4200000000,0.3734303415
6422,0,0.0038548558,0.0000000000,0.0035968190
6423,0,0.0371096130,0.0233333333,0.0829908103
6424,0,0.0010517637,0.0000000000,0.0021918297
6425,0,0.0012251702,0.0033333333,0.0034122129
6426,0,0.0592564351,0.0133333333,0.0384198688
6427,0,0.0004422711,0.0000000000,0.0006333164
6428,0,0.0127608588,0.0000000000,0.0101834862
6429,0,0.0002548091,0.0000000000,0.0014919172
6430,0,0.0039421918,0.0100000000,0.0239659287
6434,0,0.0010370997,0.0000000000,0.0009082928
6436,0,0.0033059889,0.0000000000,0.0025453363
6437,0,0.0019258801,0.0000000000,0.0020123119
6440,0,0.0027240898,0.0000000000,0.0016398606
6441,0,0.0017929536,0.0000000000,0.0015820106
6442,0,0.0022277435,0.0000000000,0.0019633651
6443,0,0.0339847917,0.0266666667,0.0615280047
6444,0,0.0013325088,0.0000000000,0.0045236987
6445,0,0.0535967471,0.0400000000,0.1017765403
6446,0,0.0063814014,0.0066666667,0.0023130786
6447,0,0.0021620533,0.0000000000,0.0016490316
6448,0,0.0034963416,0.0266666667,0.1713018864
6449,0,0.0030240887,0.0000000000,0.0021753719
6454,0,0.0031669652,0.0000000000,0.0059247329
6455,0,0.0024912394,0.0000000000,0.0011987551
6456,0,0.0132866107,0.0000000000,0.0013904527
6458,0,0.0207248998,0.0000000000,0.0301562119
6459,0,0.2156068601,0.1366666667,0.4612242281
6460,0,0.0784872671,0.0033333333,0.0257256571
6461,0,0.0347374199,0.0266666667,0.0978527889
6462,0,0.0024246333,0.0000000000,0.0023704874
6463,0,0.0101538500,0.0000000000,0.0017376884
6465,0,0.0023786014,0.0000000000,0.0114009557
6466,0,0.0196606408,0.0100000000,0.0609818734
6467,0,0.0162728875,0.0000000000,0.0026985840
6468,0,0.0036673693,0.0033333333,0.0068078605
6469,0,0.0249118462,0.0033333333,0.0101248184
6470,0,0.0026448989,0.0000000000,0.0041846554
6471,0,0.1518170458,0.0033333333,0.0185839552
6472,0,0.0122826465,0.0000000000,0.0027666523
6473,0,0.0023553494,0.0000000000,0.0014666246
6474,0,0.1817404539,0.0000000000,0.0010699007
6476,0,0.0025183877,0.0066666667,0.0144960638
6477,0,0.0442912865,0.0000000000,0.0275666900
6478,0,0.0129523835,0.0000000000,0.0024317906
6479,1,0.0055044209,0.0000000000,0.0031284378
6481,0,0.0091350597,0.0166666667,0.0148299001
6482,0,0.0639741366,0.0000000000,0.0353637636
6483,0,0.0364741678,0.0000000000,0.0084417621
6484,0,0.0290070652,0.0100000000,0.0574502051
6485,0,0.0080092243,0.0066666667,0.0527316220
6486,0,0.0470114581,0.0000000000,0.0171739478
6487,0,0.0215596811,0.0000000000,0.0095207682
6488,0,0.0067413789,0.0000000000,0.0150656775
6489,0,0.1572151540,0.0300000000,0.2805806994
6491,0,0.0241208122,0.0000000000,0.0594964549
6492,0,0.3884415684,0.0100000000,0.0144939730
6493,0,0.0331260987,0.0033333333,0.0562380701
6494,0,0.1780674254,0.0500000000,0.2248681188
6495,0,0.0183184081,0.0000000000,0.0098213200
6500,0,0.0082683838,0.0033333333,0.0182584524
6501,0,0.0355330022,0.0000000000,0.0179254673
6503,0,0.9244407411,0.3866666667,0.9317351580
6506,0,0.0236634862,0.0566666667,0.3813344836
6508,0,0.0006426769,0.0000000000,0.0017040499
6509,0,0.0025493061,0.0000000000,0.0008729275
6511,0,0.1222095422,0.0100000000,0.0212450325
6512,0,0.0279838231,0.0700000000,0.5304022431
6513,0,0.0114520442,0.0033333333,0.0230746791
6515,0,0.0056976626,0.0000000000,0.0006047898
6516,0,0.0116041153,0.0000000000,0.0027203308
6517,0,0.0019132959,0.0000000000,0.0024500673
6518,0,0.0038015827,0.0000000000,0.0033089831
6519,0,0.1696099396,0.4066666667,0.9756624103
6521,0,0.0049615288,0.0033333333,0.0079849120
6522,0,0.0008514880,0.0000000000,0.0011678505
6524,0,0.0050912546,0.0066666667,0.0009635593
6526,1,0.8547321681,0.6400000000,0.9895796180
6528,0,0.0237830466,0.0000000000,0.0025192844
6529,0,0.0081697203,0.0000000000,0.0017391407
6530,0,0.0046783151,0.0000000000,0.0004962400
6531,0,0.0013323206,0.0000000000,0.0016877612
6533,0,0.0139676635,0.0300000000,0.0451835170
6534,0,0.0552173655,0.0066666667,0.0072462424
6536,0,0.0069779882,0.0000000000,0.0004412596
6538,0,0.0032875892,0.0000000000,0.0023733184
6540,0,0.1496805174,0.0200000000,0.0473855622
6542,0,0.0068245056,0.0000000000,0.0032920607
6544,0,0.0056461138,0.0000000000,0.0028374174
6545,0,0.0251799475,0.0066666667,0.0030392536
6546,0,0.0066987731,0.0000000000,0.0044913641
6548,0,0.0093404265,0.0000000000,0.0209863260
6553,0,0.0062314133,0.0000000000,0.0027455729
6557,0,0.0052123121,0.0000000000,0.0059719482
6560,0,0.0086064161,0.0000000000,0.0042604413
6561,0,0.0261533221,0.0000000000,0.0177521221
6562,0,0.0172404993,0.0000000000,0.0066009718
6567,0,0.0343810103,0.0000000000,0.0085322289
6568,0,0.0047828619,0.0000000000,0.0007922809
6570,0,0.0062235608,0.0066666667,0.0102114873
6571,0,0.0106433374,0.0000000000,0.0030799811
6572,0,0.0440118608,0.0100000000,0.0355331749
6577,0,0.0442874664,0.0000000000,0.0042407773
6578,0,0.0423305432,0.0133333333,0.0283201970
6579,0,0.0680405860,0.0000000000,0.0047348724
6580,0,0.0548058363,0.0000000000,0.0020280974
6581,0,0.0309229942,0.0033333333,0.0054140743
6582,0,0.0238194488,0.0000000000,0.0049126288
6583,0,0.0200030085,0.0000000000,0.0034810400
6585,0,0.0269835760,0.0766666667,0.3450449109
6586,0,0.0080102977,0.0200000000,0.0630598441
6588,0,0.0160080464,0.0233333333,0.1150940508
6589,0,0.0373413819,0.0800000000,0.4162526429
6590,0,0.0019729173,0.0000000000,0.0017437679
6592,0,0.0060231646,0.0000000000,0.0056089247
6593,0,0.0107789215,0.0000000000,0.0068915500
6594,0,0.0018353030,0.0033333333,0.0069319024
6595,0,0.0179913907,0.0033333333,0.0110616079
6596,0,0.0008000877,0.0000000000,0.0019234730
6597,0,0.0012272917,0.0000000000,0.0037745277
6599,0,0.0320978269,0.0033333333,0.0121506443
6600,0,0.0038189582,0.0000000000,0.0015966196
6601,0,0.0080939694,0.0033333333,0.0151808634
6603,0,0.0078666996,0.0266666667,0.0346169509
6604,0,0.0069373418,0.0033333333,0.0165377520
6605,0,0.0036863569,0.0000000000,0.0019383222
6607,0,0.0150192630,0.0000000000,0.0020837372
6608,0,0.0099118010,0.0000000000,0.0011162689
6609,0,0.0046186336,0.0033333333,0.0014665297
6611,0,0.0018148006,0.0000000000,0.0010336305
6612,0,0.0018709677,0.0000000000,0.0011937609
6614,0,0.0136924740,0.0000000000,0.0042843050
6615,0,0.0019703103,0.0000000000,0.0019035185
6618,0,0.2346555249,0.4533333333,0.7787426710
6620,0,0.0019082444,0.0000000000,0.0039929058
6621,0,0.0020482995,0.0000000000,0.0034398769
6622,0,0.0020359178,0.0000000000,0.0038955589
6623,0,0.1490866672,0.0066666667,0.0104559045
6624,0,0.0037994101,0.0033333333,0.0157173648
6627,0,0.0712628538,0.0000000000,0.0012975094
6630,0,0.0525074349,0.0100000000,0.0750259608
6632,0,0.1299006525,0.0800000000,0.0573231839
6633,0,0.0324602983,0.0500000000,0.0499005392
6634,0,0.0056678085,0.0000000000,0.0022447277
6635,0,0.0165953217,0.0000000000,0.0160225686
6636,0,0.0195838017,0.0000000000,0.0024973419
6637,0,0.0040639803,0.0000000000,0.0015719631
6638,0,0.0395763786,0.0000000000,0.0256215557
6639,0,0.0328868926,0.0000000000,0.0063704364
6641,0,0.0071640100,0.0166666667,0.0125818737
6642,0,0.0070676406,0.0000000000,0.0053542224
6644,0,0.2676114135,0.0466666667,0.0631698817
6645,0,0.1086116612,0.0000000000,0.0021663795
6647,0,0.0038979358,0.0000000000,0.0089029232
6649,0,0.0257879060,0.0000000000,0.0043842490
6650,0,0.1453880683,0.0933333333,0.0842049420
6652,0,0.0622745021,0.0500000000,0.0393288024
6654,0,0.0032244551,0.0133333333,0.0719764680
6655,0,0.1581895136,0.0100000000,0.0750666633
6656,0,0.0177948580,0.0000000000,0.0017844610
6658,0,0.0578848910,0.0533333333,0.1201750264
6659,0,0.2391475232,0.0033333333,0.0127411503
6660,0,0.0108139932,0.0000000000,0.0032847731
6661,0,0.0187440564,0.0033333333,0.0079475641
6662,0,0.0194868587,0.0000000000,0.0034231660
6663,0,0.0586034613,0.0300000000,0.0525750332
6664,0,0.2119531732,0.0000000000,0.0112287570
6665,0,0.0328734199,0.0033333333,0.0088606328
6666,0,0.0292125156,0.0000000000,0.0135437520
6667,0,0.2521216487,0.0966666667,0.0873661265
6670,0,0.0187543038,0.0533333333,0.2332145572
6671,0,0.0465806181,0.0533333333,0.3456704021
6672,0,0.0140253875,0.0766666667,0.2152831554
6673,0,0.3023111056,0.3700000000,0.9419652224
6674,1,0.2429902899,0.2900000000,0.6733833551
6676,0,0.0041200890,0.0433333333,0.3010570705
6678,0,0.0135818714,0.0866666667,0.3679360449
6679,1,0.1784240455,0.1700000000,0.9618666172
6681,0,0.0151628461,0.0066666667,0.0091260346
6682,0,0.0053651503,0.0033333333,0.0370037630
6683,0,0.0028607393,0.0066666667,0.0015437405
6684,0,0.0067595017,0.0700000000,0.0534466766
6686,0,0.0172920249,0.0000000000,0.0025675260
6688,0,0.0012740687,0.0033333333,0.0010259505
6689,0,0.0075193637,0.0033333333,0.0018931968
6690,0,0.0154851895,0.0000000000,0.0010472294
6691,0,0.0079809731,0.3200000000,0.1079859510
6692,0,0.0217475014,0.0033333333,0.0015482820
6693,0,0.0014112779,0.0000000000,0.0016596611
6695,0,0.1229636127,0.0866666667,0.3481844664
6696,0,0.0253946994,0.0900000000,0.2054001540
6697,0,0.0017555833,0.0000000000,0.0019588163
6698,0,0.0062667080,0.0000000000,0.0043757819
6699,0,0.0083655556,0.0000000000,0.0064090965
6700,0,0.0042779586,0.0000000000,0.0021077001
6701,0,0.0161697303,0.0066666667,0.0282971822
6702,0,0.0050667722,0.0000000000,0.0026142758
6703,0,0.0023258337,0.0000000000,0.0045128381
6706,0,0.1443525119,0.0233333333,0.0344116092
6707,0,0.0089182222,0.0000000000,0.0358153321
6709,0,0.0012890047,0.0000000000,0.0018360252
6710,0,0.0038071894,0.0033333333,0.0057532652
6711,0,0.0165300413,0.0200000000,0.0366777554
6712,0,0.0189552536,0.0066666667,0.0329323374
6714,0,0.0134752200,0.0066666667,0.0279981364
6716,0,0.0017104840,0.0000000000,0.0052611469
6717,0,0.1045410967,0.0000000000,0.0430478081
6718,0,0.0397780251,0.0000000000,0.0032977469
6721,0,0.0534822968,0.0000000000,0.0083667058
6722,0,0.1966517684,0.1500000000,0.1330199987
6723,0,0.0031377383,0.0000000000,0.0040541105
6724,0,0.0045754476,0.0000000000,0.0017174352
6725,0,0.0101352057,0.0000000000,0.0039374544
6726,0,0.0099826265,0.0400000000,0.0458117649
6727,0,0.0167420672,0.0000000000,0.0022835340
6729,0,0.0085582350,0.0000000000,0.0100191971
6732,0,0.0776431898,0.0066666667,0.2285219431
6733,0,0.0585992444,0.0100000000,0.0024464710
6734,0,0.0069198433,0.0466666667,0.3182807267
6735,0,0.0241285376,0.0000000000,0.0026883280
6736,0,0.0121054627,0.0000000000,0.0008313020
6737,0,0.0384797809,0.0000000000,0.0009338026
6738,0,0.0028893897,0.0000000000,0.0025844271
6739,0,0.0903134770,0.0000000000,0.0018911491
6740,0,0.0365253418,0.0000000000,0.0018288933
6742,0,0.0111021809,0.0000000000,0.0016027595
6746,0,0.0160977642,0.0000000000,0.0065725758
6747,0,0.0386341030,0.0033333333,0.0024595873
6748,0,0.0033763937,0.0000000000,0.0013997830
6749,0,0.0154240618,0.0000000000,0.0038239842
6750,0,0.0280570991,0.0000000000,0.0041850391
6752,0,0.0104059717,0.0000000000,0.0027494794
6754,0,0.1329170744,0.1166666667,0.1826807857
6755,0,0.0120574668,0.0000000000,0.0013678207
6756,0,0.0165075004,0.0033333333,0.0013592493
6757,0,0.0376909822,0.0000000000,0.0078283641
6759,0,0.0270259564,0.0533333333,0.2649454176
6760,1,0.0577523548,0.1333333333,0.2679726779
6761,0,0.0018755034,0.0033333333,0.0037143361
6762,0,0.0178267150,0.0033333333,0.0088721691
6764,0,0.0010963629,0.0000000000,0.0010562737
6766,0,0.0010237676,0.0133333333,0.0013634136
6767,0,0.0012381490,0.0000000000,0.0014078893
6770,0,0.0201395999,0.0000000000,0.0065566134
6771,0,0.0020154493,0.0000000000,0.0016687949
6772,0,0.0027598894,0.0000000000,0.0015519919
6773,0,0.0060743092,0.0000000000,0.0032966530
6774,0,0.0103014022,0.0100000000,0.1191156581
6775,0,0.0010254340,0.0000000000,0.0009036444
6776,0,0.0021762234,0.0000000000,0.0110076517
6777,0,0.0220261117,0.0000000000,0.0234464500
6778,0,0.0043877436,0.0000000000,0.0020254317
6779,0,0.0022724532,0.0000000000,0.0023660755
6780,0,0.0276892933,0.0266666667,0.0254240297
6782,0,0.0008030362,0.0000000000,0.0008921687
6783,0,0.1886496520,0.0066666667,0.0048562903
6784,0,0.0225213754,0.0033333333,0.0158013497
6785,0,0.0260145907,0.0100000000,0.0150758568
6787,0,0.0470333445,0.0000000000,0.0299284589
6788,0,0.1273931289,0.0100000000,0.0344423428
6790,0,0.0017265841,0.0000000000,0.0032361615
6791,0,0.0204331854,0.0100000000,0.0062515656
6792,0,0.0149786254,0.0000000000,0.0018730611
6793,0,0.0025714546,0.0000000000,0.0029706948
6795,0,0.1622321566,0.0000000000,0.0261006244
6796,0,0.0944338922,0.0100000000,0.0069495416
6797,0,0.0601962872,0.0200000000,0.0425599590
6798,0,0.0036948317,0.0033333333,0.0027597197
6805,0,0.0048751817,0.0000000000,0.0069109886
6807,0,0.0048309422,0.0000000000,0.0018211285
6808,0,0.0238104307,0.0000000000,0.0025390028
6809,0,0.0106121501,0.0000000000,0.0285453405
6811,0,0.0305939869,0.0000000000,0.0014921451
6812,0,0.0622466293,0.0000000000,0.0069981003
6813,0,0.0812884249,0.0266666667,0.0402222201
6814,0,0.0058437557,0.0066666667,0.0063100546
6815,0,0.0087226959,0.0000000000,0.0002471650
6819,0,0.0033034755,0.0000000000,0.0172143169
6821,0,0.0056082939,0.0033333333,0.0092313420
6823,0,0.0050795864,0.0000000000,0.0544517376
6826,0,0.0102170260,0.0000000000,0.0139521090
6827,0,0.0037465106,0.0000000000,0.0154267177
6828,0,0.0177897591,0.0000000000,0.0026325791
6829,0,0.1405963425,0.0100000000,0.0172295142
6830,0,0.0013925611,0.0000000000,0.0048944294
6831,0,0.0700588092,0.0133333333,0.0372378826
6832,0,0.5155229502,0.0133333333,0.0052239257
6833,0,0.0054691377,0.0000000000,0.0015132366
6834,0,0.1437656476,0.0466666667,0.0620666370
6835,0,0.0964447861,0.0600000000,0.0415189639
6836,0,0.0170336970,0.0033333333,0.0057190210
6837,0,0.0476738036,0.0433333333,0.0494044721
6838,0,0.0032318689,0.0000000000,0.0037521631
6840,0,0.0106807374,0.0133333333,0.0752646700
6843,0,0.0071990416,0.0166666667,0.3255425394
6844,0,0.0500681776,0.0233333333,0.0660155490
6845,0,0.0058612145,0.0633333333,0.2973833382
6847,0,0.0087534812,0.0066666667,0.0004745778
6848,0,0.0012275752,0.0000000000,0.0003790084
6850,0,0.0007281260,0.0000000000,0.0008623858
6851,0,0.0004427142,0.0000000000,0.0007698716
6852,0,0.0004697123,0.0000000000,0.0006667537
6853,0,0.0002478050,0.0033333333,0.0000901853
6854,0,0.0007124842,0.0000000000,0.0005411289
6856,0,0.0004736265,0.0000000000,0.0003547328
6857,0,0.0005309585,0.0000000000,0.0007381773
6858,0,0.0034957444,0.0000000000,0.0010031966
6859,0,0.0087482176,0.0000000000,0.0033182760
6860,0,0.0010909216,0.0000000000,0.0012787622
6862,0,0.0048526367,0.0000000000,0.0003216208
6863,0,0.0064766731,0.0000000000,0.0014819482
6865,0,0.0505241119,0.1033333333,0.0220736507
6866,0,0.0030181840,0.0000000000,0.0005454687
6867,0,0.0016302342,0.0000000000,0.0012632055
6869,0,0.0037507086,0.0233333333,0.0216585416
6870,0,0.0018315080,0.0000000000,0.0007573153
6871,0,0.0026951305,0.0000000000,0.0001020470
6873,0,0.0008044077,0.0000000000,0.0015461957
6875,0,0.0274003188,0.1133333333,0.0565729551
6877,0,0.0823512961,0.0000000000,0.0160924606
6879,0,0.0007235977,0.0000000000,0.0008353426
6880,0,0.0146097639,0.0066666667,0.0006084023
6881,0,0.0012652411,0.0000000000,0.0007407629
6883,0,0.0182422517,0.0000000000,0.0016711385
6884,0,0.0032367964,0.0000000000,0.0016304394
6887,0,0.0049627108,0.0000000000,0.0005408819
6889,0,0.0068106152,0.0000000000,0.0059091612
6891,0,0.0077803773,0.0000000000,0.0004601065
6894,0,0.0105686409,0.0000000000,0.0009351532
6896,0,0.0037070139,0.0133333333,0.0058299806
6897,0,0.0023125737,0.0000000000,0.0027413147
6898,0,0.4454298807,0.2633333333,0.7748236656
6899,0,0.0069663474,0.0000000000,0.0073620295
6900,0,0.0082234528,0.0000000000,0.0014095603
6901,0,0.0051306566,0.0000000000,0.0004604650
6903,0,0.0053451325,0.0033333333,0.0025398955
6904,0,0.0053439190,0.0000000000,0.0040309941
6905,0,0.0041880830,0.0000000000,0.0025241685
6906,0,0.0021807502,0.0000000000,0.0026417070
6907,0,0.0232452149,0.0000000000,0.0008598246
6908,0,0.0059828160,0.0000000000,0.0056645097
6910,0,0.0232567572,0.0200000000,0.0346676037
6913,0,0.0044707210,0.0000000000,0.0007218901
6915,0,0.0016611823,0.0000000000,0.0016623092
6917,0,0.0029386372,0.0000000000,0.0018629647
6918,0,0.0053016301,0.0000000000,0.0067608212
6922,0,0.0769424196,0.0200000000,0.1386497468
6923,0,0.1158869535,0.0533333333,0.1698577553
6924,0,0.0832378099,0.1000000000,0.2515695095
6925,1,0.2820390916,0.2400000000,0.3745405972
6926,0,0.0418831939,0.2066666667,0.6613366008
6927,0,0.0105148482,0.0000000000,0.0048787524
6928,0,0.0038239073,0.0000000000,0.0005330332
6930,0,0.0042862058,0.0266666667,0.0048934170
6933,1,0.2082691945,0.4633333333,0.7635061145
6935,0,0.0030839988,0.0000000000,0.0007070744
6936,0,0.0018464575,0.0033333333,0.0005401843
6937,0,0.0011223357,0.0000000000,0.0003592666
6938,0,0.0005081133,0.0000000000,0.0011253046
6939,0,0.0037802049,0.0000000000,0.0047703525
6941,0,0.0018895065,0.0033333333,0.0026263515
6942,0,0.0286093425,0.0900000000,0.0528240390
6944,0,0.0007754903,0.0000000000,0.0010751043
6947,0,0.0122679555,0.0000000000,0.0019233128
6948,0,0.0011395540,0.0000000000,0.0003101297
6949,0,0.0322301577,0.0066666667,0.0036961983
6950,0,0.0008672974,0.0000000000,0.0007888968
6951,0,0.0114665094,0.0233333333,0.0067121112
6954,0,0.0033557710,0.0000000000,0.0010225562
6956,0,0.0080497885,0.0033333333,0.0147657283
6958,0,0.0134874916,0.0166666667,0.0102953194
6959,0,0.0084647788,0.0000000000,0.0005238214
6960,0,0.0015770945,0.0000000000,0.0020701459
6963,0,0.0088418761,0.0300000000,0.0112437652
6964,0,0.0018792103,0.0033333333,0.0015415922
6965,0,0.0054093022,0.0066666667,0.0048627355
6966,0,0.0161812698,0.0166666667,0.0082620205
6967,0,0.0046151314,0.0000000000,0.0021179405
6968,0,0.0162758264,0.0233333333,0.0065852879
6969,0,0.0030484524,0.0000000000,0.0008799516
6970,0,0.0010962123,0.0000000000,0.0007632043
6971,0,0.0116936295,0.0033333333,0.0096275900
6973,0,0.0246619569,0.0033333333,0.0146287382
6974,0,0.0073436997,0.0000000000,0.0007879775
6976,0,0.0224843573,0.0133333333,0.0084941257
6977,0,0.0076853205,0.0166666667,0.1306067556
6978,0,0.1012406004,0.0333333333,0.0379577503
6979,0,0.0504960562,0.0066666667,0.0131501192
6981,0,0.0354818463,0.0000000000,0.0018172866
6983,0,0.0101002858,0.0033333333,0.0027082015
6984,0,0.0263187197,0.0266666667,0.0384755321
6985,0,0.0010728023,0.0033333333,0.0043868828
6986,0,0.0007922126,0.0000000000,0.0018142064
6989,0,0.0554002997,0.0000000000,0.0026886950
6990,0,0.0059118804,0.0000000000,0.0023191276
6991,1,0.3073322789,0.3433333333,0.9795535803
6992,0,0.0018547208,0.0000000000,0.0009677892
6993,0,0.0158440818,0.0000000000,0.0029828446
6994,0,0.0019090505,0.0000000000,0.0017409845
6995,0,0.1122899652,0.0566666667,0.1084708869
6996,0,0.0082347248,0.0166666667,0.0063331272
6997,0,0.0051127141,0.0000000000,0.0039378996
6998,0,0.0124548061,0.0000000000,0.0109254029
6999,0,0.0059452467,0.0066666667,0.0065571135
7002,0,0.0257958949,0.0066666667,0.0102762273
7004,0,0.1700273558,0.0600000000,0.5430701375
7005,0,0.0216244943,0.0933333333,0.4832039475
7006,0,0.0050287435,0.0733333333,0.0667885169
7007,0,0.0003427595,0.0066666667,0.0132831717
7008,0,0.0051687775,0.0000000000,0.0016618297
7009,0,0.0052149733,0.0033333333,0.0494505130
7013,0,0.0515126625,0.0700000000,0.1252454817
7014,0,0.0005992746,0.0033333333,0.0009412796
7015,0,0.0018006655,0.0133333333,0.0039710645
7019,0,0.0025949497,0.0166666667,0.0184473302
7020,0,0.0015731928,0.0000000000,0.0055595101
7022,0,0.0009524929,0.0000000000,0.0014803227
7023,0,0.0008804213,0.0000000000,0.0006188328
7025,0,0.0141267753,0.0100000000,0.0272337701
7026,0,0.0021497796,0.0000000000,0.0010702932
7029,0,0.0109180375,0.0000000000,0.0123038292
7030,0,0.0017816351,0.0000000000,0.0010239040
7031,0,0.0023098616,0.0000000000,0.0016854424
7032,0,0.0407073876,0.0166666667,0.0103713032
7033,0,0.0042993022,0.0000000000,0.0024775052
7034,0,0.0083601450,0.0000000000,0.0061028646
7035,0,0.0023755759,0.0000000000,0.0055012098
7036,0,0.0024811292,0.0000000000,0.0009628793
7037,0,0.1972638875,0.0100000000,0.0037314738
7038,0,0.0052522116,0.0000000000,0.0033673805
7039,0,0.0072922171,0.0000000000,0.0059603341
7040,0,0.0014361954,0.0000000000,0.0048714723
7041,0,0.0043426072,0.0000000000,0.0039986768
7043,0,0.0021832814,0.0000000000,0.0095896544
7045,0,0.0010313555,0.0000000000,0.0048498791
7048,0,0.0056075334,0.0033333333,0.0126952101
7049,0,0.0114101107,0.0000000000,0.0213256963
7051,0,0.0438308892,0.0033333333,0.0253658127
7053,0,0.0112939077,0.0000000000,0.0016909480
7054,0,0.0074251689,0.0000000000,0.0027430085
7055,0,0.0093968687,0.0000000000,0.0021596383
7058,0,0.0289760510,0.0000000000,0.0006793128
7059,0,0.0706587451,0.0000000000,0.0034743999
7061,0,0.0012332764,0.0000000000,0.0094030136
7064,0,0.0185300938,0.0233333333,0.0318615474
7065,0,0.0046127819,0.0000000000,0.0206174012
7066,0,0.1247115524,0.0033333333,0.0251535568
7068,0,0.0031304559,0.0100000000,0.0048157112
7069,0,0.0203379032,0.0000000000,0.0059929714
7070,0,0.0206492014,0.0000000000,0.0018262985
7072,0,0.0095441697,0.0000000000,0.0073986216
7074,0,0.0373082761,0.0033333333,0.0034829078
7075,0,0.0081302335,0.0000000000,0.0037230013
7076,0,0.1942902126,0.0000000000,0.0114689106
7077,0,0.0188299502,0.0033333333,0.0152610857
7078,0,0.0036126717,0.0000000000,0.0114878304
7080,0,0.0176052618,0.0133333333,0.0282617826
7082,0,0.1594910283,0.6100000000,0.9600748420
7083,0,0.0159476232,0.0766666667,0.5359513164
7086,0,0.0322611462,0.0233333333,0.1618422866
7090,0,0.0019913759,0.0000000000,0.0019794465
7092,0,0.0079619125,0.0533333333,0.0933130831
7093,0,0.0005654194,0.0000000000,0.0008866375
7096,0,0.0464991580,0.0133333333,0.0057983664
7097,0,0.0218137691,0.0066666667,0.0137565779
7098,0,0.0023037952,0.0133333333,0.0212296825
7099,0,0.0023099156,0.0000000000,0.0014255206
7100,0,0.0015579517,0.0166666667,0.0062997723
7102,0,0.0014842271,0.0000000000,0.0009959632
7103,0,0.0038149052,0.0000000000,0.0009603662
7104,0,0.0027861949,0.0066666667,0.0056812447
7105,0,0.0057975752,0.0000000000,0.0059781563
7106,0,0.0010091633,0.0000000000,0.0006940957
7108,0,0.0032535853,0.0000000000,0.0022743747
7109,0,0.0009305271,0.0000000000,0.0032132680
7110,0,0.0191811279,0.0000000000,0.0025783277
7111,0,0.0010155197,0.0000000000,0.0025586039
7113,0,0.0156761317,0.0000000000,0.0415911973
7114,0,0.0016212256,0.0000000000,0.0018433533
7117,0,0.0032899497,0.0000000000,0.0034066783
7118,0,0.0155918473,0.0000000000,0.0039993189
7119,0,0.0036722399,0.0000000000,0.0011767268
7120,0,0.0057262619,0.0233333333,0.0374654084
7121,0,0.0572749146,0.0433333333,0.0760462731
7122,0,0.0032600742,0.0166666667,0.0295346491
7124,0,0.0110665181,0.0000000000,0.0011010477
7125,0,0.0050622437,0.0000000000,0.0041624079
7126,0,0.0549075009,0.0866666667,0.1823429167
7127,0,0.0016615751,0.0000000000,0.0045614825
7128,0,0.1671412001,0.0000000000,0.0208894815
7129,0,0.0039260742,0.0000000000,0.0025016766
7130,0,0.0039569781,0.0000000000,0.0117155081
7131,0,0.0452433574,0.0233333333,0.0827032179
7132,0,0.0078521420,0.0000000000,0.0204064865
7133,0,0.0361060071,0.0000000000,0.0936276540
7135,0,0.0328424753,0.0033333333,0.0076141199
7136,0,0.0545933189,0.0000000000,0.0992061347
7137,0,0.3793843981,0.2200000000,0.5268481970
7138,0,0.0088277769,0.0000000000,0.0033183249
7139,0,0.0176080714,0.0033333333,0.0442624390
7140,0,0.0219237430,0.0033333333,0.0048054364
7141,0,0.0211498020,0.0133333333,0.1263378114
7142,0,0.0039614179,0.0133333333,0.0144508202
7143,0,0.0061353246,0.0000000000,0.0066649425
7144,0,0.0014557773,0.0000000000,0.0023423990
7146,0,0.0203076049,0.0033333333,0.0323513485
7147,0,0.0016775202,0.0000000000,0.0022743575
7148,0,0.0157404859,0.0000000000,0.0069376258
7149,0,0.0337223862,0.0000000000,0.0016771833
7153,0,0.0147951433,0.0000000000,0.0015874699
7154,0,0.0973167291,0.0000000000,0.0057721077
7156,0,0.0023433184,0.0000000000,0.0061779441
7157,0,0.0047814769,0.0333333333,0.0551640838
7158,0,0.0146208195,0.0000000000,0.0034095775
7159,0,0.2028654551,0.0100000000,0.0461765453
7160,0,0.0288053410,0.0000000000,0.0012622181
7161,0,0.0101149152,0.0000000000,0.0035781481
7162,0,0.0177613866,0.0033333333,0.0096633229
7165,0,0.0336601640,0.0033333333,0.0028810138
7166,0,0.0529968554,0.0433333333,0.0458448268
7167,0,0.0264573902,0.0066666667,0.3338005245
7168,1,0.5326929904,0.7366666667,0.9941880703
7171,0,0.0003599759,0.0000000000,0.0032593189
7172,0,0.0113861685,0.0033333333,0.0553591475
7173,0,0.0021455276,0.0033333333,0.0048748185
7179,0,0.0005074130,0.0000000000,0.0006089166
7180,0,0.0061096912,0.0000000000,0.0016394696
7182,0,0.0083938473,0.0066666667,0.0252030324
7184,0,0.0250590866,0.0066666667,0.0104482407
7185,0,0.0011707023,0.0000000000,0.0007721102
7186,0,0.0010323159,0.0000000000,0.0365867093
7189,0,0.0197059062,0.0233333333,0.0271062311
7191,0,0.0034816543,0.0066666667,0.0191859473
7192,0,0.0028586782,0.0000000000,0.0012563691
7194,0,0.2060947400,0.2533333333,0.7262576222
7195,0,0.0309861497,0.0000000000,0.0167709775
7196,0,0.0130743620,0.0000000000,0.0110654058
7197,0,0.0015925961,0.0000000000,0.0016126927
7198,0,0.0055864841,0.0000000000,0.0016826206
7199,0,0.0008201857,0.0000000000,0.0018225219
7201,0,0.0028584141,0.0000000000,0.0029032324
7202,0,0.0038192056,0.0000000000,0.0068236087
7203,0,0.2308883791,0.0900000000,0.4453980029
7205,0,0.0100452948,0.0000000000,0.0011517451
7206,0,0.0039190600,0.0000000000,0.0018934708
7208,0,0.0011581389,0.0000000000,0.0029210781
7209,0,0.0027897202,0.0000000000,0.0029858125
7210,0,0.0051529302,0.0000000000,0.0022674622
7212,0,0.0026555740,0.0033333333,0.0041982154
7213,0,0.0016504000,0.0100000000,0.0060544307
7214,0,0.0051562203,0.0033333333,0.0115388967
7215,0,0.0228891132,0.0000000000,0.0025831945
7216,0,0.0410560269,0.0000000000,0.0045420481
7217,0,0.0007863417,0.0033333333,0.0049259174
7218,0,0.0034556138,0.0000000000,0.0031437743
7222,0,0.0250513765,0.0000000000,0.0127154384
7223,0,0.2328387530,0.0266666667,0.1934569180
7225,0,0.0023015559,0.0000000000,0.0011189764
7228,0,0.0031887671,0.0100000000,0.0068503018
7229,0,0.0074388592,0.0033333333,0.0061978316
7230,0,0.0333896591,0.0000000000,0.0010149833
7233,0,0.0428847506,0.0000000000,0.0011724774
7234,0,0.0291418671,0.0000000000,0.0124549596
7235,0,0.0207501115,0.0033333333,0.0296108704
7236,0,0.0950774834,0.0200000000,0.0450116284
7237,0,0.0022953997,0.0000000000,0.0011698725
7238,0,0.0052810012,0.0000000000,0.0022616198
7239,0,0.0360081797,0.0000000000,0.0012282606
7240,0,0.0363192370,0.0000000000,0.0029855925
7241,0,0.1458784631,0.0200000000,0.1055037826
7242,0,0.0155018961,0.0000000000,0.0028523675
7244,0,0.0378226974,0.0000000000,0.0058975196
7245,0,0.0077134908,0.0000000000,0.0033650834
7247,0,0.0065790796,0.0300000000,0.0749164447
7250,0,0.0216256333,0.0500000000,0.1529610902
7251,0,0.0060292569,0.0000000000,0.0260667428
7252,0,0.0091073981,0.0200000000,0.1748655140
7255,0,0.0142445589,0.0400000000,0.3516069651
7256,0,0.0073710825,0.2200000000,0.7601730227
7258,0,0.0022339768,0.0000000000,0.0006187989
7260,0,0.0023380661,0.0000000000,0.0006310684
7261,0,0.0523303147,0.1533333333,0.2664283514
7265,0,0.0024990410,0.0033333333,0.0299039055
7267,0,0.0007914679,0.0033333333,0.0012698482
7268,0,0.0007224944,0.0033333333,0.0067222249
7270,0,0.0003321329,0.0000000000,0.0011571490
7272,0,0.0015427222,0.0000000000,0.0035060763
7273,0,0.0206988227,0.0866666667,0.0445739217
7274,0,0.0008459818,0.0033333333,0.0161351040
7275,0,0.0007691650,0.0000000000,0.0009934007
7276,0,0.0027398271,0.0000000000,0.0015614089
7277,0,0.0033512114,0.0066666667,0.0089623891
7278,0,0.0985279519,0.0033333333,0.0046560932
7282,0,0.0012076036,0.0000000000,0.0025557433
7283,0,0.0010902471,0.0000000000,0.0013645873
7285,0,0.0328112711,0.0000000000,0.0280799977
7292,0,0.0092105795,0.0000000000,0.0122393034
7295,0,0.0018383006,0.0000000000,0.0020303067
7296,0,0.0398199798,0.0033333333,0.0229604617
7297,0,0.0013301419,0.0000000000,0.0018969037
7299,0,0.0024632261,0.0000000000,0.0023061507
7300,0,0.0876580141,0.0000000000,0.0021814478
7301,0,0.0045902811,0.0000000000,0.0026003763
7302,0,0.0079159028,0.0000000000,0.0010288650
7303,0,0.0157132716,0.0000000000,0.0011068913
7304,0,0.0053004291,0.0033333333,0.0364827625
7305,0,0.0057619815,0.0000000000,0.0071177548
7307,0,0.0055680101,0.0033333333,0.0245067477
7308,0,0.0203628387,0.0033333333,0.0050144913
7309,0,0.0109122486,0.0066666667,0.0358978808
7312,0,0.0021382660,0.0000000000,0.0008691375
7316,0,0.0817036400,0.0000000000,0.0016687083
7317,0,0.0452306055,0.0000000000,0.0051361062
7318,0,0.0020702108,0.0700000000,0.0757399797
7320,0,0.0061440619,0.0000000000,0.0018770911
7321,0,0.0259010530,0.0033333333,0.0099949446
7322,0,0.0110876199,0.0066666667,0.0064799692
7323,0,0.0016669865,0.0000000000,0.0004428719
7324,0,0.0482843349,0.0000000000,0.0071310913
7326,0,0.0192537247,0.0000000000,0.0095234253
7328,0,0.0122134238,0.0000000000,0.0019849071
7330,0,0.0035971341,0.0000000000,0.0026004890
7331,0,0.0038593872,0.0000000000,0.0016432162
7332,0,0.0044278757,0.0000000000,0.0053315731
7333,0,0.0026307439,0.0033333333,0.0088239070
7334,0,0.0711531948,0.0700000000,0.1671470702
7335,0,0.0077161745,0.0233333333,0.4170798957
7337,0,0.0275593480,0.0700000000,0.0537672825
7338,0,0.0028785330,0.0133333333,0.3576163352
7339,0,0.0085924957,0.1166666667,0.5254585743
7344,0,0.0075816937,0.0000000000,0.0041117040
7345,0,0.0053214542,0.0000000000,0.0247722752
7347,0,0.0076144930,0.0000000000,0.0024192100
7348,0,0.0022697501,0.0000000000,0.0014663760
7349,0,0.0002917730,0.0033333333,0.0002480590
7350,0,0.0027703217,0.0000000000,0.0013454278
7351,0,0.0009901614,0.0000000000,0.0008119298
7352,0,0.0026802838,0.0000000000,0.0014186963
7354,0,0.0008602792,0.0000000000,0.0021515051
7355,0,0.0034455846,0.0033333333,0.0196091663
7356,0,0.0009776914,0.0000000000,0.0014609381
7357,0,0.0058755375,0.0066666667,0.0813194588
7358,0,0.0029686812,0.0000000000,0.0006888795
7359,0,0.0005648314,0.0000000000,0.0005617916
7360,0,0.0026600061,0.0000000000,0.0005720475
7361,0,0.0014508670,0.0000000000,0.0014161720
7362,0,0.0015395157,0.0000000000,0.0014907285
7365,0,0.0191718302,0.0033333333,0.0281074326
7366,0,0.0076313050,0.0100000000,0.0048890323
7368,0,0.0843950204,0.0200000000,0.3274160624
7369,0,0.0003250631,0.0000000000,0.0022829368
7370,0,0.0004375490,0.0000000000,0.0015357909
7371,0,0.0050989214,0.0000000000,0.0026055139
7373,0,0.0040692513,0.0000000000,0.0009301973
7375,0,0.0135187429,0.0033333333,0.0258780550
7376,0,0.0041213501,0.0000000000,0.0026221578
7377,0,0.0070374073,0.0000000000,0.0014198911
7378,0,0.0207464387,0.0033333333,0.0554955490
7379,0,0.0299491627,0.0000000000,0.0200642068
7380,0,0.0045315711,0.0033333333,0.0217892490
7381,0,0.0009318897,0.0000000000,0.0035149369
7384,0,0.0026140585,0.0033333333,0.0066076415
7387,0,0.0004886127,0.0033333333,0.0016003121
7388,0,0.0027283833,0.0000000000,0.0116076041
7389,0,0.0021290491,0.0033333333,0.0010988216
7390,0,0.0052113429,0.0000000000,0.0025423528
7391,0,0.0032571549,0.0000000000,0.0016200830
7392,0,0.0032207921,0.0033333333,0.0016646967
7393,0,0.0019934067,0.0000000000,0.0011341544
7394,0,0.0024639738,0.0000000000,0.0015682202
7395,0,0.0019425623,0.0033333333,0.0026528894
7397,0,0.0050929254,0.0000000000,0.0020448091
7400,0,0.0061237471,0.0000000000,0.0018122180
7402,0,0.0495632670,0.0033333333,0.0110564660
7404,0,0.0155360152,0.0233333333,0.0480953194
7406,0,0.0014450673,0.0000000000,0.0028228019
7411,0,0.0033598553,0.0000000000,0.0017132455
7413,0,0.0082301221,0.0000000000,0.0029123100
7414,0,0.0045683898,0.0000000000,0.0011850230
7415,0,0.0055084497,0.0000000000,0.0015997697
7417,0,0.0072136063,0.0000000000,0.0013772460
7418,0,0.0057805717,0.0000000000,0.0013452850
7420,0,0.0059255945,0.0033333333,0.0027239074
7423,0,0.0069001683,0.0633333333,0.0613038130
7426,0,0.0016690509,0.0800000000,0.1501201689
7428,0,0.0003303419,0.0000000000,0.0002733279
7429,0,0.0002511384,0.0100000000,0.0013666898
7430,0,0.0003518821,0.0000000000,0.0003470606
7431,0,0.0006249199,0.0066666667,0.0054042875
7433,0,0.0015002312,0.0000000000,0.0001903211
7434,0,0.0003718651,0.0000000000,0.0006377143
7435,0,0.0005738036,0.0000000000,0.0009895731
7437,0,0.0010713438,0.0000000000,0.0006394677
7438,0,0.0005529432,0.0000000000,0.0010758963
7440,0,0.0010648431,0.0000000000,0.0001699080
7441,0,0.0002637848,0.0000000000,0.0004505434
7444,0,0.0007531692,0.0000000000,0.0002425316
7445,0,0.0064914504,0.0166666667,0.0048643695
7446,0,0.0023765367,0.0000000000,0.0003150765
7448,0,0.0003865920,0.0100000000,0.0014700475
7451,0,0.0008740584,0.0000000000,0.0021181430
7452,0,0.0028357040,0.0033333333,0.0027784307
7454,0,0.0018462220,0.0033333333,0.0023422642
7455,0,0.0053987414,0.0000000000,0.0049147620
7456,0,0.0018993039,0.0000000000,0.0001970396
7457,0,0.0042814285,0.0000000000,0.0011675869
7458,0,0.0007090077,0.0000000000,0.0007309525
7461,0,0.0012786136,0.0000000000,0.0007849629
7463,0,0.0014784659,0.0000000000,0.0009216220
7465,0,0.0063020018,0.0000000000,0.0004518029
7466,0,0.0102952754,0.0000000000,0.0013722419
7467,0,0.0003272332,0.0000000000,0.0003564894
7468,0,0.0011696954,0.0000000000,0.0005390893
7470,0,0.0016001431,0.0000000000,0.0008761616
7472,0,0.0188317396,0.0100000000,0.0263831858
7474,0,0.0998465962,0.1800000000,0.2500197589
7476,0,0.0082014545,0.0033333333,0.0010412178
7479,0,0.0026337955,0.0000000000,0.0004901287
7480,0,0.0006837244,0.0033333333,0.0007867197
7482,0,0.0006566829,0.0000000000,0.0002314713
7483,0,0.0242023004,0.0033333333,0.0020192272
7484,0,0.0013232826,0.0033333333,0.0014004423
7485,0,0.0126700609,0.0100000000,0.0060667535
7486,0,0.0117998961,0.0000000000,0.0007124494
7487,0,0.0023053551,0.0000000000,0.0017307188
7488,0,0.0085172351,0.0000000000,0.0011180951
7489,0,0.0195964696,0.0000000000,0.0005223179
7490,0,0.0024268208,0.0000000000,0.0008116374
7492,0,0.0724232232,0.1166666667,0.1031696722
7494,0,0.1089762056,0.0333333333,0.0091757206
7495,0,0.0202667003,0.0166666667,0.0278712902
7496,0,0.0030277885,0.0000000000,0.0011369350
7498,0,0.0078947949,0.0000000000,0.0008451194
7501,0,0.0468775893,0.0733333333,0.0564316623
7502,0,0.0023360606,0.0000000000,0.0009746348
7504,0,0.0010127435,0.0366666667,0.0101426411
7505,0,0.0330330523,0.0133333333,0.0006616546
7507,0,0.0208645436,0.0633333333,0.3054319322
7508,0,0.0053928070,0.0366666667,0.1200749949
7509,0,0.0015819711,0.0066666667,0.0376705565
7510,1,0.3869578348,0.8633333333,0.9985238910
7511,1,0.0095916244,0.0866666667,0.4889196754
7513,0,0.0003490148,0.0066666667,0.0008896633
7515,0,0.0004370645,0.0000000000,0.0009533374
7516,0,0.0088139260,0.0200000000,0.0170390308
7518,0,0.0038560138,0.0000000000,0.0015256397
7520,0,0.0013294857,0.0000000000,0.0007935608
7521,0,0.0002776643,0.0000000000,0.0007092248
7522,0,0.0004525016,0.0000000000,0.0003482698
7523,0,0.0065137491,0.0100000000,0.0130576342
7524,0,0.0005308121,0.0133333333,0.0039616623
7525,0,0.0004512248,0.0000000000,0.0002662105
7529,0,0.0002595712,0.0000000000,0.0013597194
7530,0,0.0002078317,0.0033333333,0.0007831622
7531,0,0.0020903474,0.0000000000,0.0002178842
7535,0,0.0041489433,0.0033333333,0.0040370496
7537,1,0.1754741799,0.7433333333,0.9897683263
7538,0,0.1514445328,0.2133333333,0.1553703099
7539,0,0.0004099671,0.0000000000,0.0011080808
7540,0,0.0007139277,0.0000000000,0.0005325198
7542,0,0.0018371814,0.0000000000,0.0007490073
7543,0,0.0048390654,0.0000000000,0.0012347597
7544,0,0.0048233032,0.0000000000,0.0019532542
7545,0,0.0025409075,0.0000000000,0.0015994370
7546,0,0.0017810862,0.0000000000,0.0009219461
7547,0,0.0012123148,0.0000000000,0.0005085710
7548,0,0.0013469592,0.0000000000,0.0028227416
7549,0,0.0065591124,0.0000000000,0.0003117500
7550,0,0.0065661882,0.0000000000,0.0007962620
7552,0,0.0007351222,0.0000000000,0.0003793538
7553,0,0.0045263248,0.0000000000,0.0005539448
7555,0,0.0068061089,0.0166666667,0.0050952402
7557,0,0.0011133538,0.0000000000,0.0009227822
7560,0,0.0315617486,0.0133333333,0.0213832874
7561,0,0.0195449325,0.0000000000,0.0054047080
7563,0,0.0882418634,0.0166666667,0.0285988841
7564,0,0.0010953091,0.0200000000,0.0011725381
7565,1,0.3654352823,0.2166666667,0.8757698536
7566,0,0.0011397825,0.0000000000,0.0004613136
7567,0,0.0057083133,0.0000000000,0.0012318499
7568,0,0.0565296660,0.0433333333,0.0599235184
7570,1,0.7332157407,0.5766666667,0.9883511662
7571,0,0.0024231049,0.0000000000,0.0013450077
7572,0,0.0020028416,0.0000000000,0.0039408877
7573,0,0.0019141399,0.0000000000,0.0038350238
7576,0,0.0317364183,0.0000000000,0.0054732030
7578,0,0.0014825120,0.0000000000,0.0013226155
7579,0,0.0029107823,0.0133333333,0.0668859780
7580,0,0.2771859909,0.0366666667,0.0553539991
7582,0,0.0855180699,0.0200000000,0.0220330488
7583,0,0.0164028778,0.0000000000,0.0028993960
7585,0,0.0035475720,0.0000000000,0.0036701683
7586,0,0.0748636153,0.0500000000,0.0261786263
7588,0,0.1571087702,0.2166666667,0.1969615966
7589,0,0.0197557212,0.0033333333,0.0132840844
7590,0,0.0115667262,0.0000000000,0.0069757160
7591,0,0.0250619423,0.0033333333,0.0238113534
7592,1,0.1566053260,0.0400000000,0.3326008022
7593,0,0.0053047068,0.0866666667,0.4648541808
7594,1,0.7118672814,0.8866666667,0.9986883998
7595,0,0.0013027384,0.0000000000,0.0022326580
7596,0,0.0007539875,0.0600000000,0.0182638895
7597,0,0.0009963181,0.0000000000,0.0006955091
7598,0,0.0022259417,0.0000000000,0.0029733004
7599,0,0.0023283058,0.0000000000,0.0003018176
7600,0,0.0014212357,0.0000000000,0.0024052430
7601,0,0.0005750279,0.0000000000,0.0004646268
7602,0,0.0873896523,0.1833333333,0.4380331337
7605,0,0.0011051009,0.0000000000,0.0003705169
7607,0,0.0120883679,0.0066666667,0.0043927743
7608,0,0.0008199929,0.0000000000,0.0006707557
7609,0,0.0002613366,0.0166666667,0.0032030786
7610,0,0.0019074397,0.0000000000,0.0003450373
7611,0,0.0027735883,0.0000000000,0.0008640639
7614,0,0.0090127877,0.0033333333,0.0034262091
7615,0,0.0073033101,0.0033333333,0.0121734217
7616,0,0.0058446092,0.0000000000,0.0342429392
7617,0,0.0008055652,0.0000000000,0.0007859670
7620,0,0.0089940136,0.0066666667,0.0022769556
7621,0,0.0053552721,0.0000000000,0.0013355757
7623,0,0.0000795030,0.0000000000,0.0009393046
7624,0,0.0018870652,0.0000000000,0.0021070873
7625,0,0.0092533506,0.0100000000,0.0019441443
7627,0,0.0066702152,0.0233333333,0.0427704863
7628,0,0.0039423241,0.0000000000,0.0042914059
7629,0,0.0012652024,0.0000000000,0.0017064534
7633,0,0.0011345061,0.0000000000,0.0009592327
7634,0,0.0049930587,0.0033333333,0.0226399284
7636,0,0.0026626309,0.0000000000,0.0007095165
7639,0,0.0073355546,0.0000000000,0.0021796145
7640,0,0.0043143866,0.0000000000,0.0013194807
7641,0,0.0035584383,0.0000000000,0.0005255445
7644,0,0.0137706690,0.0000000000,0.0082712928
7645,0,0.0056601374,0.0000000000,0.0019680236
7646,0,0.0015052079,0.0000000000,0.0291875135
7647,0,0.0088061694,0.0200000000,0.0029254132
7648,0,0.0069294965,0.0000000000,0.0007549515
7650,0,0.0005857007,0.0033333333,0.0010706286
7651,0,0.0915328353,0.0266666667,0.0185302440
7653,0,0.0171585123,0.0033333333,0.0050818981
7655,0,0.0069136734,0.0000000000,0.0008944359
7657,0,0.0823770256,0.0033333333,0.0040401816
7658,0,0.0019716135,0.0066666667,0.0029521722
7659,0,0.0507931673,0.0000000000,0.0054121846
7661,0,0.0062631570,0.0300000000,0.0111202616
7662,0,0.0020629408,0.0033333333,0.0030723319
7664,0,0.0918242151,0.0333333333,0.0397323556
7666,0,0.0086357789,0.0033333333,0.0056759114
7667,0,0.0461850426,0.0000000000,0.0073785931
7668,0,0.0299759352,0.0000000000,0.0010735794
7669,0,0.0048550038,0.0033333333,0.0036126906
7670,1,0.1712489404,0.5733333333,0.8766769767
7671,0,0.0076064752,0.0033333333,0.0042088497
7672,0,0.0621253224,0.0000000000,0.0026165731
7673,0,0.0104673835,0.0400000000,0.0158108734
7674,0,0.0045335446,0.0000000000,0.0025285892
7675,0,0.0735155678,0.0000000000,0.0258955918
7676,0,0.0226436345,0.0066666667,0.1888428181
7677,0,0.0606462919,0.1033333333,0.3200678229
7679,0,0.0326263650,0.0733333333,0.0582581498
7680,0,0.0063224366,0.0400000000,0.0782143697
7682,0,0.0164305097,0.0866666667,0.4999178648
7684,0,0.0393588808,0.0733333333,0.2577628195
7686,0,0.0172455300,0.1233333333,0.0892295539
7687,0,0.0040106888,0.1500000000,0.7209487557
7688,1,0.0226294184,0.2000000000,0.6123628616
7689,0,0.0018261197,0.0000000000,0.0010646416
7690,0,0.0002256625,0.0033333333,0.0012751197
7692,0,0.0080303258,0.0100000000,0.0074647302
7693,0,0.0001679361,0.0000000000,0.0004455190
7696,0,0.0060753403,0.0066666667,0.0065382770
7697,0,0.0135691103,0.1000000000,0.0220758021
7699,0,0.0003040822,0.0000000000,0.0031599517
7701,0,0.0577619098,0.0566666667,0.1742454320
7704,0,0.0005691242,0.0066666667,0.0003739396
7705,0,0.0004100559,0.0000000000,0.0007511260
7706,0,0.0032234794,0.0033333333,0.0073101209
7707,0,0.0019865439,0.0000000000,0.0007336313
7708,0,0.0002511133,0.0000000000,0.0013142456
7709,0,0.0027899839,0.0000000000,0.0011692429
7711,0,0.0084373317,0.0000000000,0.0067175748
7714,0,0.0023315890,0.0000000000,0.0051772394
7716,0,0.0031182831,0.0100000000,0.0124768037
7717,0,0.0027800440,0.0033333333,0.0143357841
7719,0,0.0013542972,0.0033333333,0.0044009839
7722,0,0.0024962300,0.0000000000,0.0024933526
7724,0,0.0029024382,0.0000000000,0.0017265290
7726,0,0.0015212132,0.0000000000,0.0011258819
7727,0,0.0020001721,0.0000000000,0.0077563915
7728,0,0.0008206706,0.0000000000,0.0004720602
7729,0,0.0100282950,0.0066666667,0.0637595132
7730,0,0.0522879502,0.0566666667,0.0712862313
7732,0,0.0004815334,0.0000000000,0.0040542665
7734,0,0.0035508415,0.0000000000,0.0011986163
7735,0,0.0011098071,0.0000000000,0.0012668576
7736,0,0.0625175469,0.0233333333,0.0194443110
7738,0,0.0024102941,0.0066666667,0.0066079833
7739,0,0.0438593776,0.0466666667,0.0171536375
7741,0,0.0088950329,0.0033333333,0.0049220040
7742,0,0.0023589527,0.0033333333,0.0036005310
7744,0,0.0018039281,0.0200000000,0.0041751545
7745,0,0.0978483757,0.1066666667,0.0583146475
7746,0,0.0028267363,0.0000000000,0.0010572079
7747,0,0.0189091723,0.0000000000,0.0021455074
7748,0,0.0316605061,0.0133333333,0.0272295326
7750,0,0.0084698165,0.0000000000,0.0009818835
7751,0,0.0788921179,0.0066666667,0.0027368860
7752,0,0.0024729978,0.0000000000,0.0017942692
7753,0,0.0030529813,0.0166666667,0.0729684606
7755,0,0.0029740927,0.0000000000,0.0010619072
7756,0,0.0061073043,0.0333333333,0.0787066892
7757,1,0.2261290926,0.5866666667,0.9737749696
7758,0,0.0022051800,0.0033333333,0.0019176943
7759,0,0.0070274149,0.0033333333,0.0128292255
7761,0,0.0008746511,0.0300000000,0.0035468708
7762,0,0.0043542159,0.0066666667,0.0109056449
7763,0,0.0003038974,0.0000000000,0.0009794150
7764,1,0.2987200504,0.3333333333,0.9281658530
7765,0,0.0005643029,0.0000000000,0.0003918400
7766,0,0.0115521362,0.0100000000,0.0054074307
7767,0,0.0040738583,0.0233333333,0.0120455036
7768,0,0.0032776058,0.0333333333,0.0081020677
7769,0,0.0006292532,0.0000000000,0.0019143313
7771,0,0.0002543678,0.0000000000,0.0003461702
7772,0,0.0006253165,0.0000000000,0.0006930560
7773,0,0.0002940506,0.0000000000,0.0000780512
7774,0,0.0003075408,0.0000000000,0.0005515287
7777,0,0.0027079839,0.0133333333,0.0072375857
7778,0,0.0002724620,0.0000000000,0.0003562323
7779,0,0.0011922799,0.0000000000,0.0009734658
7781,0,0.0005671540,0.0000000000,0.0006271044
7782,0,0.0013314367,0.0033333333,0.0004954018
7784,0,0.0005456467,0.0000000000,0.0003562323
7785,0,0.0946439644,0.1066666667,0.1521953642
7790,0,0.0008738309,0.0000000000,0.0011906486
7793,0,0.0008072852,0.0000000000,0.0006863088
7794,0,0.0009919290,0.0000000000,0.0015071830
7795,0,0.0294632223,0.0066666667,0.0024118423
7796,0,0.0003404266,0.0000000000,0.0001646134
7798,0,0.0012330680,0.0000000000,0.0010316446
7799,0,0.0028630725,0.0000000000,0.0011739061
7800,0,0.0008136584,0.0066666667,0.0027332834
7801,0,0.0020621103,0.0000000000,0.0005905278
7802,0,0.0084875213,0.0033333333,0.0040096212
7803,0,0.1321059634,0.0266666667,0.0691203177
7804,0,0.0020819310,0.0000000000,0.0006849605
7805,0,0.0039634624,0.0033333333,0.0016301220
7807,0,0.0048326757,0.0166666667,0.0087231612
7809,0,0.0048070802,0.0000000000,0.0005516194
7811,0,0.0215612609,0.0066666667,0.0186749715
7812,0,0.0009068553,0.0000000000,0.0007637376
7813,0,0.0018625416,0.0000000000,0.0009840674
7814,0,0.0030075589,0.0000000000,0.0025236618
7817,0,0.0018310524,0.0000000000,0.0008947853
7818,0,0.0007307850,0.0000000000,0.0010346014
7819,0,0.0076504766,0.0066666667,0.0050099897
7820,0,0.0049728484,0.0100000000,0.0129208565
7821,0,0.0012903518,0.0033333333,0.0174587779
7822,0,0.0019726912,0.0000000000,0.0028876171
7824,0,0.1361151175,0.0133333333,0.0018532517
7825,0,0.0039009786,0.0000000000,0.0014177023
7826,0,0.0015579826,0.0000000000,0.0006005441
7827,0,0.3147870647,0.2900000000,0.8492861986
7828,0,0.0058948348,0.0000000000,0.0014247680
7829,0,0.0020840569,0.0000000000,0.0024929044
7830,0,0.0017976506,0.0000000000,0.0009796531
7831,0,0.0008602120,0.0033333333,0.0002627985
7832,0,0.0104488936,0.0000000000,0.0008980031
7833,0,0.0028644767,0.0000000000,0.0015072965
7834,0,0.0134679460,0.0000000000,0.0015786160
7836,0,0.0028668858,0.0000000000,0.0022032966
7837,0,0.0062483795,0.0000000000,0.0028281247
7839,0,0.0266095892,0.1233333333,0.1331371665
7841,0,0.0022811679,0.0000000000,0.0041115908
7842,0,0.0391809122,0.0066666667,0.0028188869
7844,0,0.0142684465,0.0400000000,0.1938622445
7846,0,0.0023369136,0.0233333333,0.1020621955
7847,0,0.0043855458,0.1033333333,0.1919699907
7848,0,0.0204076942,0.5133333333,0.8520647287
7849,0,0.0041655778,0.0900000000,0.4301947355
7851,0,0.0000963488,0.0000000000,0.0007890411
7854,0,0.0101114737,0.0466666667,0.0181048792
7855,0,0.0004431043,0.0000000000,0.0017642867
7856,0,0.0001381898,0.0200000000,0.0005162551
7857,0,0.0005635114,0.0000000000,0.0025136217
7860,0,0.0004599428,0.0166666667,0.0399429910
7861,0,0.0010255919,0.0000000000,0.0018558195
7863,0,0.0054279684,0.0100000000,0.0033673020
7864,0,0.0020383645,0.0000000000,0.0010815689
7865,0,0.0290618372,0.0866666667,0.1360416263
7867,0,0.0051947310,0.0200000000,0.0052502276
7869,0,0.0010480297,0.0233333333,0.0052475315
7870,0,0.0005040695,0.0000000000,0.0010085995
7871,0,0.0016277344,0.0133333333,0.0010287395
7876,0,0.0011380937,0.0000000000,0.0006317361
7879,0,0.0071644620,0.0166666667,0.0021520352
7880,0,0.0012541542,0.0066666667,0.0002821067
7882,0,0.0010761231,0.0000000000,0.0006422823
7883,0,0.0001316638,0.0033333333,0.0004152245
7884,0,0.0017877357,0.0066666667,0.0026918538
7887,0,0.0063191943,0.0133333333,0.0030329968
7888,0,0.0031311039,0.0000000000,0.0007642105
7889,0,0.0007717800,0.0000000000,0.0008426295
7891,0,0.0009516975,0.0000000000,0.0006358814
7892,0,0.0019460893,0.0000000000,0.0004611617
7893,0,0.0026331965,0.0033333333,0.0004035193
7895,0,0.0010726205,0.0000000000,0.0003741020
7896,0,0.0132547061,0.0100000000,0.0007201617
7897,0,0.0192095997,0.0066666667,0.0095579233
7898,0,0.0231034787,0.0066666667,0.0049731112
7900,0,0.0186809477,0.0033333333,0.0041631334
7901,0,0.0014113360,0.0000000000,0.0003924378
7902,0,0.0023034877,0.0133333333,0.0094666732
7903,0,0.0064812244,0.0033333333,0.0090269186
7904,0,0.0059044199,0.0000000000,0.0010661971
7905,0,0.0009372122,0.0000000000,0.0005411273
7906,0,0.0042332181,0.0000000000,0.0005596589
7907,0,0.0153076728,0.0033333333,0.0071067843
7909,0,0.0011830026,0.0033333333,0.0020049890
7910,0,0.0074571779,0.0000000000,0.0015703219
7911,0,0.0003554415,0.0000000000,0.0030335551
7912,0,0.0023265470,0.0000000000,0.0016492538
7913,0,0.0136925786,0.0000000000,0.0007948558
7914,0,0.0022836475,0.0000000000,0.0007766219
7915,0,0.0052351779,0.0033333333,0.0003848868
7917,0,0.0026808945,0.0000000000,0.0004141333
7918,0,0.0096571426,0.0000000000,0.0005461464
7919,0,0.0085392686,0.0000000000,0.0004707614
7922,0,0.0209657040,0.0033333333,0.0136844702
7923,0,0.0045611212,0.0000000000,0.0038830468
7924,0,0.0100424658,0.0000000000,0.0070418860
7925,0,0.0069029652,0.0266666667,0.0147823440
7926,0,0.0012618155,0.0033333333,0.0018026559
7927,1,0.1080599791,0.5933333333,0.8785782456
7928,0,0.0118164845,0.0000000000,0.0025088536
7930,0,0.0030510185,0.0000000000,0.0098770065
7931,0,0.0711242209,0.0233333333,0.5135241747
7932,0,0.0070898943,0.0800000000,0.3150379062
7933,0,0.0134390444,0.0266666667,0.2070101947
7934,0,0.0088973509,0.0900000000,0.3683369756
7935,0,0.0007213048,0.0100000000,0.0470669679
7937,0,0.0678668647,0.0700000000,0.2251092792
7938,0,0.0028613112,0.0733333333,0.1082951799
7939,0,0.0092360417,0.0133333333,0.1106271967
7942,0,0.0003868274,0.0000000000,0.0003139320
7945,0,0.0042276585,0.0000000000,0.0013798125
7946,0,0.0005868489,0.0000000000,0.0003255494
7947,0,0.0005440026,0.0000000000,0.0014856063
7949,0,0.0008544871,0.0000000000,0.0004808082
7952,0,0.0005269338,0.0000000000,0.0004951835
7954,0,0.0002357254,0.0000000000,0.0006055437
7955,0,0.0013866799,0.0033333333,0.0006763319
7958,0,0.0015362510,0.0000000000,0.0015497517
7959,0,0.0065948591,0.0100000000,0.0034455406
7960,0,0.0005378012,0.0000000000,0.0001855853
7961,0,0.0014736183,0.0000000000,0.0001412083
7962,0,0.0164073985,0.0300000000,0.0145400334
7963,0,0.0029559310,0.0033333333,0.0050995206
7965,0,0.0008511247,0.0000000000,0.0005082084
7966,0,0.0002842033,0.0066666667,0.0008538398
7969,0,0.0006457851,0.0000000000,0.0003667088
7972,0,0.0036562862,0.0033333333,0.0059387940
7975,0,0.0020395729,0.0033333333,0.0008842886
7976,0,0.0014262982,0.0000000000,0.0003177756
7977,0,0.0028643195,0.0033333333,0.0008618782
7978,0,0.0889481092,0.0733333333,0.0722583309
7980,0,0.0002254998,0.0000000000,0.0002882731
7981,0,0.0016669603,0.0000000000,0.0002248863
7982,0,0.0005891382,0.0000000000,0.0010450279
7984,0,0.0014924984,0.0000000000,0.0003302289
7985,0,0.0013563341,0.0033333333,0.0004639235
7988,0,0.0014916013,0.0000000000,0.0003104749
7989,0,0.0007640648,0.0000000000,0.0009162609
7990,0,0.0008872586,0.0000000000,0.0006578728
7991,0,0.0009463191,0.0000000000,0.0004960350
7992,0,0.0045923037,0.0033333333,0.0006130987
7996,0,0.0048939005,0.0000000000,0.0006471916
7997,0,0.0037389199,0.0000000000,0.0003225961
7999,0,0.0226267633,0.0166666667,0.0053765806
8000,0,0.0008104564,0.0000000000,0.0002878255
8001,0,0.0592183681,0.0133333333,0.0025755726
8002,0,0.0193645039,0.0166666667,0.0065783444
8003,0,0.0018024828,0.0000000000,0.0011597748
8005,0,0.0312605013,0.0000000000,0.0013645367
8007,0,0.0191511998,0.0033333333,0.0010249898
8008,0,0.0009308053,0.0066666667,0.0014694835
8009,0,0.0032665248,0.0000000000,0.0028191844
8011,0,0.2744233666,0.3366666667,0.8413940668
8012,0,0.0092436064,0.0000000000,0.0097177178
8013,0,0.0743941760,0.0266666667,0.0303479973
8014,0,0.0262676243,0.0133333333,0.0069328710
8017,0,0.0041292850,0.0033333333,0.0014274470
8018,0,0.0101097881,0.0000000000,0.0020551044
8019,0,0.0101272888,0.0000000000,0.0019586456
8021,0,0.0017434652,0.0000000000,0.0037764665
8023,0,0.0213423570,0.1066666667,0.3189638257
8025,0,0.0078327954,0.0633333333,0.4554967284
8027,1,0.0599911671,0.1700000000,0.5538755655
8033,0,0.0014357871,0.0000000000,0.0057082693
8034,0,0.0003942192,0.0000000000,0.0007843184
8035,0,0.0008681873,0.0000000000,0.0009377144
8037,0,0.0037609760,0.0000000000,0.0012290494
8038,0,0.0006614745,0.0000000000,0.0006236810
8039,0,0.0067966161,0.0033333333,0.0035895908
8041,0,0.0010956884,0.0000000000,0.0005622011
8042,0,0.0016295390,0.0266666667,0.0049750460
8043,0,0.0038488832,0.0000000000,0.0013189537
8044,0,0.0002481439,0.0033333333,0.0015273658
8045,0,0.0003037507,0.0033333333,0.0064573409
8047,0,0.0012555902,0.0000000000,0.0005405747
8048,0,0.0004680899,0.0000000000,0.0011288546
8049,0,0.0005333960,0.0000000000,0.0024823842
8050,0,0.0001512415,0.0000000000,0.0012102996
8052,0,0.0002655737,0.0000000000,0.0019043764
8053,0,0.0023544413,0.0066666667,0.0114501342
8054,0,0.0005613990,0.0000000000,0.0021751970
8056,0,0.0006185994,0.0000000000,0.0000799565
8057,0,0.0034231197,0.0000000000,0.0003607343
8060,0,0.0011256755,0.0000000000,0.0019615381
8061,0,0.0010922879,0.0033333333,0.0036669371
8062,0,0.0009090628,0.0000000000,0.0006541924
8064,0,0.0006474482,0.0033333333,0.0012108617
8065,0,0.0015752438,0.0033333333,0.0026670762
8066,0,0.0002037144,0.0000000000,0.0040537333
8067,0,0.0007949176,0.0000000000,0.0036305785
8068,0,0.0008759579,0.0000000000,0.0006528137
8069,0,0.0023461338,0.0000000000,0.0021562818
8070,0,0.0007882805,0.0000000000,0.0022495505
8072,0,0.0007160262,0.0000000000,0.0024026553
8073,0,0.0007340155,0.0000000000,0.0013453824
8074,0,0.0020741689,0.0066666667,0.0012172000
8075,0,0.0026253162,0.0000000000,0.0009885079
8076,0,0.0010753243,0.0000000000,0.0011941601
8077,0,0.0050297764,0.0133333333,0.0641739070
8081,0,0.0019014062,0.0033333333,0.0012070651
8082,0,0.0262565345,0.0100000000,0.0059726220
8083,0,0.0032147270,0.0000000000,0.0021855212
8084,0,0.0034321024,0.0100000000,0.0025337106
8087,0,0.0014931354,0.0200000000,0.0108989803
8088,0,0.0026631575,0.0033333333,0.0037457854
8089,0,0.0038126907,0.0100000000,0.0122067416
8090,0,0.0025727901,0.0000000000,0.0033904794
8093,0,0.0037431145,0.0000000000,0.0011089087
8094,0,0.0019546695,0.0000000000,0.0013836918
8095,0,0.0007381138,0.0066666667,0.0023947149
8097,0,0.0019157272,0.0000000000,0.0005284554
8098,0,0.0044158302,0.0000000000,0.0013432750
8099,0,0.0042018942,0.0000000000,0.0020972425
8100,0,0.0010999012,0.0033333333,0.0009402870
8101,0,0.0017361744,0.0000000000,0.0059085591
8102,0,0.0083031288,0.0000000000,0.0233727675
8104,0,0.0021887568,0.0066666667,0.0040551852
8105,0,0.0051263879,0.0000000000,0.0024209495
8109,0,0.0036317570,0.0433333333,0.0100426171
8110,0,0.0062865748,0.0000000000,0.0044324286
8112,1,0.0009543412,0.0066666667,0.0495564491
8114,0,0.0019678155,0.0000000000,0.0007853598
8115,0,0.0183375934,0.2866666667,0.9554080963
8117,0,0.0010771484,0.0000000000,0.0005910711
8118,0,0.0022120684,0.0000000000,0.0043650526
8119,0,0.0002349109,0.0000000000,0.0003008621
8120,0,0.0081911558,0.0066666667,0.0171941221
8121,0,0.0003495296,0.0000000000,0.0007238097
8122,0,0.0008542236,0.0000000000,0.0002879246
8123,0,0.0041117765,0.0000000000,0.0018971061
8124,0,0.0002468388,0.0000000000,0.0001699813
8125,0,0.0026100697,0.0000000000,0.0002171623
8126,0,0.0057631592,0.0033333333,0.0042612101
8128,0,0.0006473936,0.0000000000,0.0002097143
8129,0,0.0003710617,0.0033333333,0.0005302082
8131,0,0.0004097054,0.0100000000,0.0006654825
8132,0,0.0019366218,0.0000000000,0.0092518972
8134,0,0.0057220078,0.0000000000,0.0005502081
8137,0,0.0005883192,0.0000000000,0.0009037016
8138,0,0.0002142305,0.0000000000,0.0002181990
8139,0,0.0187136874,0.0333333333,0.0378397703
8140,0,0.0022671299,0.0000000000,0.0018092145
8141,0,0.0003685153,0.0000000000,0.0031110856
8142,0,0.0085825316,0.0466666667,0.0143451663
8143,0,0.0078187914,0.0100000000,0.0037589995
8144,0,0.0017016982,0.0000000000,0.0013547705
8145,0,0.0025541301,0.0000000000,0.0007833045
8147,0,0.0002615512,0.0000000000,0.0011726225
8148,0,0.0016088570,0.0000000000,0.0053430684
8149,0,0.0010757714,0.0000000000,0.0009464140
8153,0,0.0058729179,0.0833333333,0.0987085104
8154,0,0.0055072033,0.0000000000,0.0009730046
8155,0,0.0235950340,0.0033333333,0.0075999512
8156,0,0.0064941887,0.0133333333,0.0079028150
8157,0,0.0013255953,0.0000000000,0.0024927561
8159,0,0.0013096016,0.0000000000,0.0039746682
8162,0,0.0012088462,0.0000000000,0.0007359269
8164,0,0.0029240301,0.0000000000,0.0010721516
8167,0,0.0010929492,0.0000000000,0.0005322019
8168,0,0.0021801421,0.0033333333,0.0097099710
8169,0,0.0027426092,0.0000000000,0.0035693184
8171,0,0.0247026987,0.0033333333,0.0019767336
8173,0,0.0006583614,0.0066666667,0.0231116582
8174,0,0.0009415840,0.0000000000,0.0011461765
8176,0,0.0022053931,0.0000000000,0.0040540202
8177,0,0.0102827075,0.0000000000,0.0006234231
8178,0,0.0097836544,0.0166666667,0.0370621495
8179,0,0.0264978889,0.0133333333,0.0116195800
8180,0,0.0027013654,0.0000000000,0.0012000788
8182,0,0.0025176188,0.0033333333,0.0032999776
8183,0,0.0025328732,0.0066666667,0.0010892831
8184,0,0.0368998191,0.0000000000,0.0057576965
8185,0,0.0205135104,0.0033333333,0.0070873289
8186,0,0.0156008864,0.0033333333,0.0011737652
8187,0,0.0078089956,0.0000000000,0.0105509926
8188,0,0.0228687283,0.0000000000,0.0235640556
8189,0,0.0046257455,0.0000000000,0.0037200984
8190,0,0.0122057501,0.0233333333,0.0278591923
8191,0,0.0094600350,0.0066666667,0.0123734772
8192,0,0.0019580037,0.0533333333,0.5330083370
8193,1,0.2496547627,0.7166666667,0.9959895015
8196,1,0.0798961632,0.6866666667,0.9722602367
8198,0,0.0364768096,0.0366666667,0.4817589223
8199,0,0.0153715538,0.1000000000,0.1691407263
8201,0,0.0005085386,0.0033333333,0.0060212752
8202,0,0.0002414074,0.0000000000,0.0015352111
8203,0,0.0004995463,0.0000000000,0.0011164933
8204,0,0.0002967849,0.0000000000,0.0006709478
8209,0,0.0020182479,0.0033333333,0.0011047791
8211,0,0.0000873644,0.0000000000,0.0011351639
8213,0,0.0008115295,0.0066666667,0.0150165735
8214,0,0.0001821905,0.0000000000,0.0005832362
8215,0,0.0012100899,0.0000000000,0.0068627866
8216,0,0.0013202584,0.0033333333,0.0056940517
8217,0,0.0851879376,0.2000000000,0.7859208584
8218,0,0.0010967770,0.0033333333,0.0009603186
8219,0,0.0005226654,0.0033333333,0.0018040576
8220,0,0.0002748928,0.0000000000,0.0016836702
8221,0,0.0002773738,0.0000000000,0.0030957256
8223,0,0.0007606904,0.0000000000,0.0008991885
8224,0,0.0106722876,0.0133333333,0.0365453176
8226,0,0.0007747924,0.0000000000,0.0011189576
8227,0,0.1154008732,0.1333333333,0.8041245341
8228,0,0.0262431236,0.0000000000,0.0019008359
8230,0,0.0007692904,0.0000000000,0.0022703747
8232,0,0.0069978425,0.0100000000,0.0329905860
8234,0,0.0011923972,0.0000000000,0.0004838779
8235,0,0.0023784927,0.0000000000,0.0012456202
8236,0,0.0108336272,0.0000000000,0.0035768135
8237,0,0.0023229836,0.0000000000,0.0006197338
8238,0,0.0010973248,0.0000000000,0.0014709032
8239,0,0.0107012595,0.0000000000,0.0038519497
8240,0,0.0040687971,0.0133333333,0.0312062558
8241,0,0.0023989839,0.0000000000,0.0009936161
8242,0,0.0045541747,0.0300000000,0.0032328286
8243,0,0.0006897674,0.0000000000,0.0021334107
8244,0,0.0108969601,0.0000000000,0.0039120466
8247,0,0.0047697591,0.0000000000,0.0024739963
8249,0,0.0050414795,0.0000000000,0.0007497650
8252,0,0.0038042963,0.0000000000,0.0029670575
8253,0,0.0018610474,0.0000000000,0.0014838807
8254,0,0.0016399025,0.0000000000,0.0024487588
8255,0,0.0032159629,0.0000000000,0.0010116642
8256,0,0.0009166548,0.0000000000,0.0024475616
8257,0,0.0198508892,0.0033333333,0.0050641196
8258,0,0.0007283685,0.0000000000,0.0014893855
8259,0,0.0115468929,0.0000000000,0.0005305358
8260,0,0.0019462021,0.0000000000,0.0006594760
8261,0,0.0020977737,0.0066666667,0.0257004984
8262,0,0.0095016824,0.0066666667,0.0246295035
8264,0,0.0017050255,0.0000000000,0.0019791073
8265,0,0.0111667633,0.0000000000,0.0044487156
8267,0,0.0023134408,0.0000000000,0.0036890830
8268,0,0.0028940112,0.0066666667,0.0045210947
8269,0,0.0018946530,0.0000000000,0.0013385542
8271,0,0.0015468123,0.0000000000,0.0026583602
8272,0,0.0161661671,0.1066666667,0.1208114773
8273,0,0.0344208519,0.2066666667,0.3562090397
8275,0,0.0013279641,0.0033333333,0.0382024199
8279,0,0.0326309449,0.1100000000,0.4353426993
8281,0,0.0150632150,0.0466666667,0.2283008546
8282,0,0.0030736595,0.0533333333,0.3091747463
8283,0,0.0033279426,0.0400000000,0.1422321051
8284,0,0.0014732314,0.0100000000,0.1089737490
8285,0,0.0003331274,0.0000000000,0.0006844525
8288,0,0.0007126742,0.0000000000,0.0006942165
8290,0,0.0005832324,0.0000000000,0.0040655672
8292,0,0.0001668015,0.0000000000,0.0011610112
8293,0,0.0001520806,0.0200000000,0.0087073827
8295,0,0.0003396129,0.0000000000,0.0013905083
8297,0,0.0003476952,0.0033333333,0.0085405828
8298,0,0.0002146684,0.0000000000,0.0016669085
8300,0,0.0005641053,0.0000000000,0.0014408112
8304,0,0.0017589570,0.0033333333,0.0019131392
8306,0,0.0004604471,0.0300000000,0.0049186675
8307,0,0.0022061518,0.0000000000,0.0005733687
8309,0,0.0017841789,0.0000000000,0.0130198412
8311,0,0.0011161724,0.0000000000,0.0071025258
8313,0,0.0009357474,0.0000000000,0.0009663565
8316,0,0.0005367333,0.0300000000,0.0138232615
8317,0,0.0014716954,0.0000000000,0.0008488270
8319,0,0.0019336422,0.0000000000,0.0021083932
8320,0,0.0038545993,0.0000000000,0.0283927880
8323,0,0.0024188256,0.0033333333,0.0131177213
8326,0,0.0016743375,0.0000000000,0.0009050627
8328,0,0.0154840948,0.0133333333,0.0048249112
8329,0,0.0155153858,0.0066666667,0.0098707313
8330,0,0.0233695626,0.0000000000,0.0164446123
8332,0,0.0082395148,0.0000000000,0.0101014525
8333,0,0.0177933289,0.0000000000,0.0021068850
8334,0,0.0239929368,0.0000000000,0.0024058840
8335,0,0.0096013351,0.0000000000,0.0029914065
8336,0,0.0172688876,0.0100000000,0.0154854050
8337,0,0.0323439711,0.0000000000,0.0148536824
8338,0,0.0023720800,0.0000000000,0.0028403560
8339,0,0.0035814476,0.0033333333,0.0081669753
8341,0,0.0011655066,0.0000000000,0.0040056128
8342,0,0.0059895201,0.0100000000,0.0080010640
8343,0,0.0076047782,0.0000000000,0.0035625817
8344,0,0.0107174331,0.0400000000,0.0381065123
8347,0,0.0066214483,0.0000000000,0.0040394645
8348,0,0.0038383674,0.0033333333,0.0031003410
8350,0,0.0007777344,0.0000000000,0.0031325791
8351,0,0.0148647246,0.0033333333,0.0090550203
8353,0,0.0028197869,0.0000000000,0.0035722486
8356,0,0.0569103867,0.0066666667,0.0093938904
8357,0,0.2014179414,0.1433333333,0.6223011613
8358,1,0.0137500317,0.0200000000,0.2090572715
8360,0,0.0011371742,0.0000000000,0.0007264387
8361,0,0.0004223544,0.0066666667,0.0018474075
8363,0,0.0604771798,0.3066666667,0.8147994280
8364,0,0.0094032906,0.0000000000,0.0028953874
8366,0,0.0004020846,0.0000000000,0.0016059292
8369,0,0.0028664591,0.0000000000,0.0010687623
8370,0,0.0008301209,0.0000000000,0.0018976651
8371,0,0.0010473637,0.0000000000,0.0035773695
8373,0,0.0013392658,0.0000000000,0.0092759635
8374,0,0.0022790145,0.0000000000,0.0092885355
8375,0,0.0389928883,0.1633333333,0.1161768511
8376,0,0.0017922345,0.0000000000,0.0037891779
8377,0,0.0023405148,0.0166666667,0.1134123355
8378,0,0.0034678070,0.0033333333,0.0194858480
8380,0,0.0007310182,0.0000000000,0.0031565290
8381,0,0.0005706842,0.0000000000,0.0008156617
8383,0,0.0005754123,0.0000000000,0.0011397168
8385,0,0.0023641141,0.0000000000,0.0073366775
8386,0,0.0009068551,0.0000000000,0.0003327213
8387,0,0.0004524632,0.0000000000,0.0023470114
8388,0,0.0021039773,0.0033333333,0.0271555409
8389,0,0.0026314771,0.0133333333,0.0894445032
8392,0,0.0016775106,0.0000000000,0.0075583607
8393,0,0.0009667941,0.0000000000,0.0009647061
8394,0,0.0026442951,0.0000000000,0.0201254543
8395,0,0.0018478773,0.0000000000,0.0013442982
8396,0,0.0042575364,0.0066666667,0.0036817626
8397,0,0.0005153395,0.0000000000,0.0023148607
8398,0,0.0006329365,0.0000000000,0.0012741539
8400,0,0.0496425243,0.0100000000,0.0248706341
8401,0,0.0050304820,0.0000000000,0.0022291627
8402,0,0.0011497007,0.0000000000,0.0019311374
8403,0,0.0207625714,0.0133333333,0.0217502974
8404,0,0.0078492717,0.0000000000,0.0059186500
8405,0,0.0020554331,0.0000000000,0.0036617212
8407,0,0.0013422893,0.0066666667,0.0127939396
8409,0,0.0006171186,0.0000000000,0.0011969854
8410,0,0.0058080236,0.0000000000,0.0034804957
8412,0,0.0017595097,0.0000000000,0.0072259428
8413,0,0.0043257997,0.0033333333,0.0025979374
8415,0,0.0008250524,0.0066666667,0.0066207973
8416,0,0.0370622324,0.0100000000,0.0096968664
8417,0,0.0005079937,0.0000000000,0.0012302088
8418,0,0.0016175287,0.0000000000,0.0036402009
8419,0,0.0091836904,0.0100000000,0.0311049279
8421,0,0.0033049933,0.0000000000,0.0073974943
8423,0,0.0762754918,0.1600000000,0.0651700348
8424,0,0.0139700933,0.0000000000,0.0196104329
8425,0,0.0051761103,0.0066666667,0.0146065392
8426,0,0.0088456105,0.0000000000,0.0008938314
8428,0,0.0289236019,0.0000000000,0.0039739320
8431,0,0.0686685998,0.1600000000,0.3649961948
8432,0,0.0287418413,0.0366666667,0.0532833040
8433,0,0.0094130684,0.0000000000,0.0032376356
8434,0,0.0293008979,0.0000000000,0.0027938171
8435,0,0.0008809145,0.0066666667,0.0285488665
8436,0,0.0044173483,0.0000000000,0.0022849077
8439,0,0.0125045622,0.0800000000,0.2359920740
8440,0,0.0081852077,0.0266666667,0.2427211553
8442,0,0.0002289456,0.0033333333,0.0024179721
8443,0,0.0004341846,0.0000000000,0.0006178501
8444,0,0.0003337725,0.0000000000,0.0009355070
8445,0,0.0002375289,0.0000000000,0.0029865324
8447,0,0.0009892221,0.0000000000,0.0011448207
8449,0,0.0010536868,0.0000000000,0.0021065420
8450,0,0.0003928648,0.0000000000,0.0060945433
8452,0,0.0008329499,0.0000000000,0.0066280081
8454,0,0.0008636552,0.0000000000,0.0020679238
8455,0,0.0011985828,0.0000000000,0.0009308468
8456,0,0.0385511374,0.0400000000,0.2311324924
8457,0,0.0012659044,0.0000000000,0.0028377157
8458,0,0.0012794648,0.0133333333,0.0205617510
8459,0,0.0005827811,0.0033333333,0.0077192136
8460,0,0.0003071068,0.0000000000,0.0009811597
8462,0,0.0013431697,0.0000000000,0.0009422034
8464,0,0.0010445173,0.0266666667,0.0613636561
8467,0,0.0006189061,0.0000000000,0.0005743201
8468,0,0.0005072705,0.0000000000,0.0052105915
8469,0,0.0004101794,0.0000000000,0.0016604150
8471,0,0.0005622570,0.0000000000,0.0037551799
8474,0,0.0011546565,0.0000000000,0.0097807441
8476,0,0.0011709057,0.0000000000,0.0014926190
8478,0,0.0004641897,0.0000000000,0.0022825750
8479,0,0.0766157993,0.1266666667,0.3666945100
8480,0,0.0017965938,0.0000000000,0.0038668243
8481,0,0.0005519267,0.0000000000,0.0040020128
8482,0,0.0001878003,0.0066666667,0.0039227619
8485,0,0.0142577853,0.0033333333,0.0165171046
8487,0,0.0021075800,0.0000000000,0.0015349166
8488,0,0.0151245835,0.0000000000,0.0111155324
8490,0,0.0126328628,0.0000000000,0.0041563800
8491,0,0.0565937858,0.0100000000,0.0518603548
8492,0,0.0065366364,0.0000000000,0.0015428682
8493,0,0.0019297141,0.0000000000,0.0016506321
8494,0,0.0017140536,0.0000000000,0.0015991522
8495,0,0.0024935948,0.0000000000,0.0006158172
8496,0,0.0007399244,0.0000000000,0.0028644770
8498,0,0.0005711665,0.0000000000,0.0022940277
8503,0,0.0120631142,0.0166666667,0.0031590718
8504,0,0.0036254769,0.0000000000,0.0097369822
8509,0,0.0046299060,0.0000000000,0.0011534579
8510,0,0.0015074774,0.0000000000,0.0029367830
8512,0,0.0128231144,0.0000000000,0.0013084575
8513,0,0.0016485238,0.0000000000,0.0028701497
8515,0,0.0239114272,0.0000000000,0.0329743065
8516,0,0.0150061282,0.0066666667,0.0086648744
8517,0,0.0006345813,0.0066666667,0.0046052905
8518,0,0.1293010203,0.0300000000,0.0128159048
8519,0,0.0009225471,0.0100000000,0.0086344006
8522,0,0.0304852252,0.3100000000,0.5887575150
8523,0,0.0000861832,0.0000000000,0.0006088530
8524,0,0.0009347965,0.0000000000,0.0005088542
8527,0,0.0072194645,0.0066666667,0.0020367110
8528,0,0.0008402710,0.0000000000,0.0008176180
8529,0,0.0003847997,0.0000000000,0.0026745929
8530,0,0.0059004003,0.0033333333,0.0042254594
8531,0,0.0002214985,0.0000000000,0.0004844710
8533,0,0.0106489300,0.0133333333,0.0146873947
8535,0,0.0006275395,0.0000000000,0.0024828187
8536,0,0.0075500805,0.0000000000,0.0033992429
8539,0,0.0014873222,0.0000000000,0.0015737833
8541,0,0.0007704375,0.0033333333,0.0012019114
8543,0,0.0002339295,0.0000000000,0.0016016718
8545,0,0.0015624210,0.0000000000,0.0036361353
8546,0,0.0021583771,0.0000000000,0.0036714522
8547,0,0.0009055376,0.0000000000,0.0018820703
8548,0,0.0000770054,0.0000000000,0.0047681979
8549,0,0.0015217208,0.0000000000,0.0008733926
8551,0,0.0060516780,0.0000000000,0.0031169460
8552,0,0.0086511099,0.0000000000,0.0005666423
8553,0,0.0049715264,0.0000000000,0.0012489698
8554,0,0.0041083072,0.0000000000,0.0004654908
8555,0,0.0013028525,0.0000000000,0.0007560063
8556,0,0.0037451099,0.0000000000,0.0009180851
8558,0,0.0185079713,0.0000000000,0.0009134189
8559,0,0.0025045526,0.0000000000,0.0004922654
8560,0,0.0036042148,0.0000000000,0.0004279911
8562,0,0.0014548741,0.0000000000,0.0046736612
8563,0,0.0167042636,0.0000000000,0.0025799028
8564,0,0.0011892520,0.0000000000,0.0011252295
8565,0,0.0005739934,0.0000000000,0.0014920883
8566,0,0.0011654073,0.0000000000,0.0009232602
8567,0,0.0009516647,0.0000000000,0.0005140312
8569,0,0.0021422681,0.0000000000,0.0010150602
8572,0,0.0373212757,0.1033333333,0.4141542912
8574,0,0.0021320812,0.0000000000,0.0009379145
8575,0,0.0839414944,0.0033333333,0.0015372772
8576,0,0.0006776327,0.0033333333,0.0037394313
8577,0,0.0052686235,0.0000000000,0.0008266671
8578,0,0.0121197500,0.0000000000,0.0003503310
8579,0,0.0050899531,0.0000000000,0.0005850089
8580,0,0.0009892164,0.0000000000,0.0002767644
8582,0,0.0078642334,0.0000000000,0.0019463383
8585,0,0.0161326952,0.0000000000,0.0023163909
8586,0,0.0066566826,0.0066666667,0.0038724488
8587,0,0.0011471995,0.0033333333,0.0018992326
8588,0,0.0039556545,0.0000000000,0.0007431956
8589,0,0.0082279437,0.0033333333,0.0040374026
8590,0,0.0447626906,0.0000000000,0.0012587989
8591,0,0.0051926263,0.0000000000,0.0060400055
8592,0,0.0053094734,0.0000000000,0.0035941813
8593,0,0.0083409746,0.0000000000,0.0045086583
8594,0,0.0036404631,0.0000000000,0.0007741809
8595,0,0.0422109013,0.0066666667,0.0086527187
8596,0,0.0023145120,0.0000000000,0.0019712369
8597,0,0.1014119114,0.3100000000,0.1018061638
8598,0,0.0196740285,0.0233333333,0.0045746719
8599,0,0.0142181239,0.0000000000,0.0004840562
8600,0,0.0065556893,0.0000000000,0.0010607122
8602,0,0.0062914860,0.0666666667,0.0177698173
8603,0,0.0165704148,0.0233333333,0.0415668562
8605,0,0.0379705962,0.4966666667,0.9373458624
8606,0,0.0107138939,0.0800000000,0.2444743663
8607,0,0.0045139084,0.0733333333,0.6879431009
8609,1,0.0408548366,0.3966666667,0.8734698892
8610,1,0.0105347173,0.0566666667,0.0889571384
8611,0,0.0009625305,0.0000000000,0.0004613228
8614,0,0.0026034104,0.0000000000,0.0007505238
8615,0,0.0008356237,0.0000000000,0.0001790543
8617,0,0.0009099474,0.0000000000,0.0025481987
8618,0,0.0062224576,0.0000000000,0.0005768616
8622,0,0.0082577152,0.0033333333,0.0016682809
8624,0,0.0024474863,0.0000000000,0.0003687372
8625,0,0.0004731620,0.0000000000,0.0003225155
8627,0,0.0062571256,0.0000000000,0.0036721516
8628,0,0.0010943173,0.0000000000,0.0033560917
8629,0,0.0018510255,0.0000000000,0.0004340008
8630,0,0.0009439452,0.0000000000,0.0004152669
8631,0,0.0316699340,0.0000000000,0.0100607146
8632,0,0.0003067568,0.0000000000,0.0009067005
8633,0,0.0013292208,0.0000000000,0.0015875561
8635,0,0.0013464884,0.0000000000,0.0009958370
8636,0,0.0005964715,0.0000000000,0.0015410351
8638,0,0.0010539904,0.0000000000,0.0006567088
8641,0,0.0036170244,0.0000000000,0.0022617294
8642,0,0.0020484635,0.0000000000,0.0038583202
8644,0,0.0551944501,0.0000000000,0.0013838368
8645,0,0.0004261875,0.0000000000,0.0005124894
8647,0,0.0060738119,0.0000000000,0.0003283240
8652,0,0.0008534489,0.0000000000,0.0009318978
8654,0,0.0405756182,0.0033333333,0.0127501385
8656,0,0.0571806324,0.0133333333,0.0190258697
8657,0,0.0005020471,0.0000000000,0.0005997882
8658,0,0.0067882379,0.0000000000,0.0051163547
8659,0,0.0010200835,0.0000000000,0.0003228228
8660,0,0.0608711422,0.0000000000,0.0064697675
8662,0,0.0031209349,0.0000000000,0.0005965038
8663,0,0.0018488787,0.0033333333,0.0007516637
8664,0,0.0013539109,0.0000000000,0.0004866711
8665,0,0.0513988493,0.0000000000,0.0022710888
8666,0,0.0144553249,0.0066666667,0.0031777450
8668,0,0.0080539032,0.0000000000,0.0006386830
8670,0,0.0503749993,0.0000000000,0.0003680959
8673,0,0.0075061496,0.0066666667,0.0025862013
8674,0,0.0084998948,0.0000000000,0.0009422196
8675,0,0.0002372058,0.0000000000,0.0011398601
8676,0,0.0008231992,0.0000000000,0.0009889078
8677,0,0.0070746360,0.0000000000,0.0004570594
8679,0,0.0215257816,0.0000000000,0.0010259667
8680,0,0.1756286022,0.0033333333,0.0067230975
8681,0,0.0043484725,0.0000000000,0.0008467763
8682,0,0.0016208763,0.0000000000,0.0025651543
8684,0,0.0239772339,0.0000000000,0.0026603700
8685,0,0.0173492551,0.0000000000,0.0014618858
8686,0,0.0057469089,0.0000000000,0.0007113887
8687,0,0.0014973190,0.0000000000,0.0024025834
8688,0,0.0031598280,0.0000000000,0.0007908244
8690,0,0.0107428516,0.0133333333,0.0961585566
8692,0,0.0003012344,0.0000000000,0.0004512454
8693,0,0.0002004481,0.0000000000,0.0010657558
8695,0,0.0002959092,0.0000000000,0.0005499872
8697,0,0.0033741142,0.0000000000,0.0026081372
8698,0,0.0001279211,0.0000000000,0.0005572182
8700,0,0.0004751110,0.0000000000,0.0002766138
8701,0,0.0006617737,0.0000000000,0.0010229230
8702,0,0.0002000329,0.0000000000,0.0002166678
8703,0,0.0001437128,0.0000000000,0.0003299290
8704,0,0.0008225294,0.0033333333,0.0006827817
8706,0,0.0140453463,0.0033333333,0.0052698706
8707,0,0.0052760622,0.0033333333,0.0041480651
8711,0,0.0012172454,0.0000000000,0.0002630755
8712,0,0.0006964358,0.0000000000,0.0007004320
8713,0,0.0007071802,0.0000000000,0.0003130850
8714,0,0.0017434630,0.0000000000,0.0013352743
8716,0,0.0002099343,0.0033333333,0.0005736715
8717,0,0.0007289000,0.0000000000,0.0002813943
8718,0,0.0014157796,0.0000000000,0.0002250995
8719,0,0.0009547319,0.0000000000,0.0002841875
8720,0,0.0015718490,0.0000000000,0.0012349308
8721,0,0.0007895896,0.0000000000,0.0006662695
8722,0,0.0007153259,0.0000000000,0.0006349601
8725,0,0.0005949647,0.0000000000,0.0008584374
8726,0,0.0018094575,0.0000000000,0.0002678718
8727,0,0.0003921919,0.0000000000,0.0003297950
8728,0,0.0010230133,0.0000000000,0.0008401957
8729,0,0.0001680263,0.0033333333,0.0007378369
8732,0,0.0040892550,0.0000000000,0.0005770670
8733,0,0.0015419464,0.0000000000,0.0011165614
8734,0,0.0021751224,0.0000000000,0.0012317870
8736,0,0.0036060252,0.0000000000,0.0032391502
8737,0,0.0020659243,0.0000000000,0.0006281850
8740,0,0.0002968418,0.0033333333,0.0012343181
8741,0,0.0006357039,0.0000000000,0.0002830898
8742,0,0.0055153391,0.0000000000,0.0005507324
8746,0,0.0066515371,0.0000000000,0.0043809763
8747,0,0.0159969191,0.0000000000,0.0007058894
8748,0,0.0063657523,0.0000000000,0.0007006309
8751,0,0.0075297864,0.0000000000,0.0006589938
8753,0,0.1432507274,0.0100000000,0.0013350436
8755,0,0.0018498273,0.0000000000,0.0005838745
8756,0,0.0004896696,0.0000000000,0.0009636690
8757,0,0.0023953778,0.0000000000,0.0017928266
8758,0,0.0030168000,0.0000000000,0.0007503894
8759,0,0.0669363736,0.0033333333,0.0006546451
8762,0,0.0260129205,0.0000000000,0.0023510351
8764,0,0.0077337403,0.0000000000,0.0015388913
8765,0,0.0045984503,0.0000000000,0.0005792571
8768,0,0.0870285202,0.1233333333,0.0955815986
8769,0,0.0229019596,0.0000000000,0.0047047292
8770,0,0.0033458394,0.0033333333,0.0022986105
8771,0,0.0069383530,0.0000000000,0.0013304903
8773,0,0.0001574915,0.0000000000,0.0015473275
8774,0,0.0008144360,0.0000000000,0.0003392221
8775,0,0.0034302087,0.0066666667,0.0007294258
8776,0,0.0003785677,0.0000000000,0.0002831487
8777,0,0.0043814552,0.0066666667,0.0026942345
8778,0,0.0001389193,0.0000000000,0.0000863097
8779,0,0.0016947824,0.0000000000,0.0019106442
8780,0,0.0021461383,0.0066666667,0.0011070363
8781,0,0.0018120614,0.0033333333,0.0011299347
8782,0,0.0031604577,0.0000000000,0.0001470223
8783,0,0.0019154512,0.0000000000,0.0002928810
8784,0,0.0001819655,0.0233333333,0.0010658355
8786,0,0.0002819598,0.0000000000,0.0003821580
8787,0,0.0022464735,0.0033333333,0.0018219261
8789,0,0.0106550036,0.0033333333,0.0047172699
8790,0,0.0027549202,0.0000000000,0.0004646044
8791,0,0.0012678175,0.0000000000,0.0009453276
8792,0,0.0010168906,0.0000000000,0.0024052707
8795,0,0.0002961232,0.0000000000,0.0006151514
8796,0,0.0007492460,0.0000000000,0.0003619427
8798,0,0.0002523306,0.0000000000,0.0004186101
8799,0,0.0058118834,0.0000000000,0.0007239494
8801,0,0.0081736128,0.0066666667,0.0009790993
8804,0,0.0161469420,0.0000000000,0.0012445457
8806,0,0.0011454847,0.0000000000,0.0005348162
8807,0,0.0031316397,0.0000000000,0.0004012765
8808,0,0.0004353602,0.0000000000,0.0001628449
8810,0,0.0047495717,0.0000000000,0.0002946758
8811,0,0.0006526495,0.0000000000,0.0002271083
8814,0,0.0010956716,0.0000000000,0.0013910758
8815,0,0.0275014287,0.0000000000,0.0010546956
8816,0,0.0275494269,0.0033333333,0.0035975422
8818,0,0.0131520076,0.0000000000,0.0039785309
8819,0,0.0099063397,0.0000000000,0.0005675905
8820,0,0.0021400023,0.0000000000,0.0008743685
8821,0,0.0044622798,0.0000000000,0.0008213389
8822,0,0.0010241927,0.0000000000,0.0004066334
8823,0,0.0236047636,0.0000000000,0.0005594200
8824,0,0.0693326875,0.0100000000,0.0156888124
8825,0,0.0005895810,0.0000000000,0.0004280323
8826,0,0.0041251826,0.0000000000,0.0005930855
8829,0,0.0030026344,0.0033333333,0.0015970196
8830,0,0.0050077780,0.0000000000,0.0002817535
8831,0,0.0017352763,0.0000000000,0.0012615252
8833,0,0.0056215575,0.0000000000,0.0002144231
8834,0,0.0075966037,0.0000000000,0.0010034459
8836,0,0.0090432263,0.0100000000,0.0029156073
8837,0,0.0023860409,0.0000000000,0.0024455285
8838,0,0.0034710164,0.0000000000,0.0003174897
8840,0,0.0005070567,0.0000000000,0.0015493481
8841,0,0.0022880244,0.0166666667,0.0019673251
8842,0,0.0046564636,0.0000000000,0.0005941191
8844,0,0.0023835253,0.0000000000,0.0015992298
8846,0,0.1020995112,0.0600000000,0.2040889114
8848,0,0.0005566974,0.0000000000,0.0009395151
8851,0,0.0011735015,0.0000000000,0.0002341559
8853,0,0.0020496284,0.0000000000,0.0005633840
8854,0,0.0006315127,0.0000000000,0.0002975783
8855,0,0.0003220725,0.0000000000,0.0006882872
8857,0,0.0412962341,0.2866666667,0.2965466976
8858,0,0.0003505706,0.0000000000,0.0003704434
8859,0,0.0001810411,0.0000000000,0.0003428455
8860,0,0.0018035627,0.0000000000,0.0003037491
8861,0,0.0002360552,0.0000000000,0.0002946319
8862,0,0.0007345600,0.0000000000,0.0001589869
8863,0,0.0018001794,0.0000000000,0.0003555167
8867,0,0.0002160292,0.0000000000,0.0012371182
8868,0,0.0044863964,0.0000000000,0.0003658756
8869,0,0.0044310451,0.0000000000,0.0013306754
8870,0,0.0008078280,0.0000000000,0.0002792599
8872,0,0.0012335392,0.0000000000,0.0002728361
8874,0,0.0005509998,0.0000000000,0.0005373376
8875,0,0.0031230965,0.0033333333,0.0021240290
8876,0,0.0024124986,0.0033333333,0.0063516633
8877,0,0.0003080053,0.0000000000,0.0004868583
8878,0,0.0033005100,0.0000000000,0.0007653827
8879,0,0.0016506187,0.0000000000,0.0017717613
8880,0,0.0022155131,0.0000000000,0.0010084223
8881,0,0.0011752474,0.0000000000,0.0005898086
8882,0,0.0006777373,0.0000000000,0.0010361085
8883,0,0.0070367359,0.0066666667,0.0024145758
8886,0,0.0011389539,0.0000000000,0.0020309910
8887,0,0.0025921540,0.0000000000,0.0007880537
8889,0,0.0015600687,0.0000000000,0.0002651077
8890,0,0.0034246160,0.0000000000,0.0015947039
8891,0,0.0021197036,0.0000000000,0.0003422814
8892,0,0.0004491182,0.0033333333,0.0012496683
8895,0,0.0017017356,0.0000000000,0.0006928113
8898,0,0.0011398775,0.0033333333,0.0002656714
8899,0,0.0033518019,0.0000000000,0.0006302326
8901,0,0.0003298838,0.0000000000,0.0008350882
8903,0,0.0121223332,0.0000000000,0.0009364314
8904,0,0.0092786501,0.0000000000,0.0010356840
8905,0,0.0059063008,0.0000000000,0.0002052095
8906,0,0.0751199072,0.0066666667,0.0040808194
8907,0,0.0021633156,0.0000000000,0.0002487774
8910,0,0.0069127300,0.0000000000,0.0008842149
8911,0,0.0033083021,0.0000000000,0.0012413552
8913,0,0.0070229306,0.0000000000,0.0021426915
8914,0,0.0155667845,0.0000000000,0.0005695823
8916,0,0.0778467407,0.0100000000,0.0092924815
8917,0,0.0561116814,0.1233333333,0.4649406374
8918,0,0.0030329495,0.0000000000,0.0032330959
8919,0,0.0417744650,0.0066666667,0.0059110099
8920,0,0.0020099474,0.0000000000,0.0023689836
8921,0,0.0302309291,0.0033333333,0.0020762999
8922,0,0.0051267916,0.0000000000,0.0007087732
8923,0,0.0039760437,0.0133333333,0.0021866455
8924,0,0.0051540809,0.0166666667,0.0204467159
8925,0,0.0092150922,0.0000000000,0.0005707997
8928,0,0.0028641111,0.0000000000,0.0446196795
8929,0,0.0286963360,0.0433333333,0.1247542277
8930,0,0.0108634582,0.0800000000,0.4242831767
8931,0,0.0011979126,0.0000000000,0.0003398657
8932,0,0.0004079830,0.0000000000,0.0031447758
8933,0,0.0011099434,0.0000000000,0.0002635520
8936,0,0.0005940552,0.0000000000,0.0003209448
8937,0,0.0010451680,0.0000000000,0.0002033318
8938,0,0.0023304182,0.0066666667,0.0032834744
8939,0,0.0008364164,0.0000000000,0.0004456683
8941,0,0.0002403550,0.0000000000,0.0022206064
8942,0,0.0001859057,0.0000000000,0.0012431405
8943,0,0.0045048530,0.0033333333,0.0013059854
8944,0,0.0010886174,0.0000000000,0.0013647466
8946,0,0.0009841969,0.0000000000,0.0002597958
8947,0,0.0004723794,0.0000000000,0.0004998180
8948,0,0.0002479532,0.0033333333,0.0006786670
8949,0,0.0011134984,0.0000000000,0.0002065205
8950,0,0.0321627626,0.0033333333,0.0094234487
8952,0,0.0014697368,0.0066666667,0.0010659472
8953,0,0.0014784267,0.0000000000,0.0002484894
8954,0,0.0007876376,0.0000000000,0.0019447560
8955,0,0.0114993871,0.0000000000,0.0024190363
8956,0,0.0131110683,0.0000000000,0.0046714325
8957,0,0.0384813897,0.0066666667,0.0069956025
8959,0,0.0005348217,0.0000000000,0.0004715179
8960,0,0.0045066309,0.0000000000,0.0032828113
8961,0,0.0012111490,0.0066666667,0.0012423558
8962,0,0.0013997305,0.0000000000,0.0037088122
8964,0,0.0009422686,0.0000000000,0.0013082898
8966,0,0.0079870638,0.0000000000,0.0012058263
8967,0,0.0009069398,0.0000000000,0.0031632325
8969,0,0.0277295690,0.0033333333,0.0025723001
8970,0,0.0119737648,0.0000000000,0.0043201447
8971,0,0.0036461770,0.0000000000,0.0019461504
8973,0,0.0168639311,0.0000000000,0.0006404452
8974,0,0.0531186970,0.0000000000,0.0020269358
8978,0,0.0004265156,0.0000000000,0.0037444334
8979,0,0.0069787943,0.0000000000,0.0051679956
8981,0,0.0092417911,0.0033333333,0.0007168234
8983,0,0.1139226556,0.0733333333,0.0489333719
8985,0,0.3181709527,0.0966666667,0.1318370402
8988,0,0.0036820834,0.0000000000,0.0021198562
8989,0,0.0029079545,0.0000000000,0.0019385047
8990,0,0.0338574982,0.0000000000,0.0013443014
8991,0,0.0031088628,0.0000000000,0.0022694806
8993,0,0.0005779318,0.0000000000,0.0031158598
8994,0,0.0079355190,0.0033333333,0.0007466773
8996,0,0.0118600660,0.0000000000,0.0018068271
8997,0,0.0042793299,0.0000000000,0.0022271655
8999,0,0.0105796091,0.0000000000,0.0003645981
9000,0,0.0046244736,0.0000000000,0.0020019189
9001,0,0.0289602541,0.0033333333,0.0026288619
9003,0,0.0021646383,0.0000000000,0.0009666166
9004,0,0.0172450000,0.0166666667,0.0407108739
9005,0,0.0014840624,0.0000000000,0.0012855253
9006,0,0.1454255765,0.0666666667,0.1443738937
9007,0,0.0051422842,0.0000000000,0.0015923724
9008,0,0.0134972901,0.0200000000,0.0262441933
9011,0,0.0048842365,0.0000000000,0.0099022845
9012,0,0.0017497073,0.0000000000,0.0028669268
9013,0,0.0028604370,0.0000000000,0.0037323569
9015,1,0.1703160308,0.1100000000,0.5947619081
9019,1,0.0119927830,0.0166666667,0.0802403092
9021,0,0.0002569920,0.0000000000,0.0008174104
9022,0,0.0001849322,0.0000000000,0.0007268355
9023,0,0.0066458580,0.0000000000,0.0005227234
9027,0,0.0001460030,0.0033333333,0.0012166632
9028,0,0.0007088025,0.0000000000,0.0003385713
9029,0,0.0030561539,0.0000000000,0.0018249090
9030,0,0.0006140455,0.0033333333,0.0005707559
9033,0,0.0006718255,0.0000000000,0.0005481630
9034,0,0.0004623788,0.0000000000,0.0014970353
9035,0,0.0086001667,0.0133333333,0.0008238911
9036,0,0.0003395134,0.0000000000,0.0016292406
9037,0,0.0006865566,0.0000000000,0.0007631218
9040,0,0.0028237230,0.0066666667,0.0016462064
9041,0,0.0009316946,0.0000000000,0.0008587975
9042,0,0.0533873562,0.1033333333,0.3666854799
9045,0,0.0003930658,0.0033333333,0.0017376959
9046,0,0.0010300392,0.0000000000,0.0003048015
9047,0,0.0004098637,0.0000000000,0.0020339603
9048,0,0.0006929955,0.0000000000,0.0008485669
9049,0,0.0037519502,0.0000000000,0.0012104569
9050,0,0.0005751613,0.0000000000,0.0008902097
9051,0,0.0001956568,0.0000000000,0.0004126742
9052,0,0.0007820049,0.0000000000,0.0003382976
9053,0,0.0006875310,0.0000000000,0.0006393154
9054,0,0.0006798545,0.0000000000,0.0006080635
9057,0,0.0017593959,0.0000000000,0.0025746466
9058,0,0.0025383959,0.0000000000,0.0007557210
9059,0,0.0156721514,0.0033333333,0.0094401995
9060,0,0.0015347410,0.0000000000,0.0018387826
9061,0,0.0032478245,0.0000000000,0.0020838948
9062,0,0.0021353663,0.0000000000,0.0012474362
9063,0,0.0018161375,0.0000000000,0.0006894884
9064,0,0.0009152416,0.0000000000,0.0012075319
9065,0,0.0017458063,0.0000000000,0.0003988883
9066,0,0.0071586640,0.0000000000,0.0018275045
9069,0,0.0025688715,0.0000000000,0.0008912231
9071,0,0.0062320413,0.0000000000,0.0033379237
9073,0,0.0013762055,0.0000000000,0.0005350921
9074,0,0.0040275559,0.0000000000,0.0004636160
9075,0,0.0069255236,0.0000000000,0.0007363384
9078,0,0.0027393688,0.0066666667,0.0034835911
9079,0,0.0033842469,0.0000000000,0.0006651138
9082,0,0.0025694830,0.0066666667,0.0034189457
9085,1,0.9277704469,0.5866666667,0.9944468737
9086,0,0.0317867274,0.0033333333,0.0054369359
9088,0,0.0018975881,0.0000000000,0.0053105121
9091,0,0.0040936325,0.0300000000,0.0050171087
9093,0,0.0041201867,0.0033333333,0.0031529434
9094,0,0.0042499842,0.0000000000,0.0033383837
9095,0,0.1710619139,0.0900000000,0.2338735163
9096,0,0.0282937900,0.0233333333,0.0082774749
9097,0,0.0081266480,0.0000000000,0.0383566320
9098,0,0.0189589494,0.1033333333,0.5138400197
9099,0,0.0078811199,0.0000000000,0.0006315209
9100,0,0.0082272606,0.0033333333,0.0006291572
9101,0,0.0215627857,0.0100000000,0.0043970766
9102,0,0.0002398230,0.0000000000,0.0005355332
9103,0,0.0003667969,0.0000000000,0.0003616783
9104,0,0.0010933111,0.0000000000,0.0008404779
9106,0,0.0010486616,0.0000000000,0.0004685116
9107,0,0.0004792162,0.0000000000,0.0013523090
9108,0,0.0002250357,0.0000000000,0.0013508352
9111,0,0.0021562272,0.0000000000,0.0006840227
9112,0,0.0034072647,0.0000000000,0.0021433798
9113,0,0.0003598939,0.0000000000,0.0001626697
9114,0,0.0008303673,0.0000000000,0.0004302885
9116,0,0.0032833264,0.0000000000,0.0006926628
9117,0,0.0002991969,0.0000000000,0.0000713493
9118,0,0.0035000019,0.0000000000,0.0002361450
9119,0,0.0039007089,0.0033333333,0.0001888808
9120,0,0.0003180738,0.0000000000,0.0008240705
9121,0,0.0012646340,0.0000000000,0.0004857641
9122,0,0.0024264500,0.0000000000,0.0045634769
9124,0,0.0021683052,0.0000000000,0.0006670270
9125,0,0.0112200719,0.0033333333,0.0021327152
9126,0,0.0006696341,0.0000000000,0.0002831913
9129,0,0.0043243844,0.0000000000,0.0009534159
9130,0,0.0008474115,0.0000000000,0.0012206662
9132,0,0.0038072581,0.0000000000,0.0006200041
9133,0,0.0058564679,0.0000000000,0.0001181506
9134,0,0.0083355437,0.0000000000,0.0005850337
9135,0,0.0014191451,0.0000000000,0.0011248919
9139,0,0.0013643466,0.0000000000,0.0002102943
9140,0,0.0017886882,0.0000000000,0.0006029909
9142,0,0.0033460897,0.0000000000,0.0006548068
9143,0,0.0050027120,0.0000000000,0.0005054416
9144,0,0.0038323905,0.0000000000,0.0010733871
9145,0,0.0015473448,0.0000000000,0.0006876444
9146,0,0.0033315140,0.0000000000,0.0003837508
9149,0,0.0011765503,0.0000000000,0.0010422335
9150,0,0.0113665563,0.0000000000,0.0022622342
9151,0,0.0323762466,0.0000000000,0.0029765619
9152,0,0.0088238230,0.0100000000,0.0004470481
9153,0,0.0098581184,0.0033333333,0.0017701590
9154,0,0.0012416046,0.0000000000,0.0007371612
9156,0,0.0803956039,0.0000000000,0.0102376482
9157,0,0.0314227652,0.0000000000,0.0044916649
9158,0,0.0828342043,0.0066666667,0.0008163067
9159,0,0.0102741497,0.0000000000,0.0010385528
9162,0,0.0007343340,0.0000000000,0.0013777949
9163,0,0.0034753805,0.0000000000,0.0007411512
9164,0,0.0159568153,0.0000000000,0.0029665132
9165,0,0.1117802611,0.1933333333,0.3426681161
9166,0,0.2615404856,0.2866666667,0.4480960965
9167,0,0.0386152960,0.0033333333,0.0011641202
9168,0,0.0014526383,0.0000000000,0.0008883477
9169,0,0.0019916920,0.0000000000,0.0017700755
9170,0,0.0119768892,0.0000000000,0.0027332131
9173,0,0.0023682709,0.0000000000,0.0017797151
9174,0,0.0026080420,0.0033333333,0.0003518452
9176,1,0.1171195662,0.2700000000,0.9413611889
9177,0,0.0009617847,0.0000000000,0.0002521252
9179,0,0.0112700610,0.0100000000,0.0130577879
9180,0,0.0003631501,0.0000000000,0.0006082000
9181,0,0.0003625020,0.0000000000,0.0006541989
9183,0,0.0042165815,0.0000000000,0.0005993699
9184,0,0.0005451260,0.0000000000,0.0003295584
9185,0,0.0017989024,0.0000000000,0.0001314680
9186,0,0.0059643152,0.0000000000,0.0005918336
9187,0,0.0002090447,0.0000000000,0.0052328608
9188,0,0.0021130684,0.0066666667,0.0039613480
9189,0,0.0012645349,0.0000000000,0.0004148275
9191,0,0.0002289670,0.0066666667,0.0095424345
9194,0,0.0012285284,0.0000000000,0.0003838143
9195,0,0.0003908730,0.0000000000,0.0018128295
9196,0,0.0008029780,0.0000000000,0.0008940903
9197,0,0.0023287679,0.0000000000,0.0006216425
9198,0,0.0062051598,0.0000000000,0.0003561086
9199,0,0.0007479164,0.0000000000,0.0006977461
9201,0,0.0003125770,0.0000000000,0.0002496254
9202,0,0.0017645872,0.0000000000,0.0009069312
9203,0,0.0013197858,0.0000000000,0.0004678179
9204,0,0.0009165324,0.0000000000,0.0005352224
9206,0,0.0006697713,0.0000000000,0.0005768478
9207,0,0.0045043212,0.0000000000,0.0002534365
9209,0,0.0009346309,0.0000000000,0.0022685835
9210,0,0.0233847703,0.0066666667,0.0033086496
9211,0,0.0407456545,0.0566666667,0.0183277205
9212,0,0.0053139501,0.0000000000,0.0014424627
9214,0,0.0023102253,0.0000000000,0.0009628503
9215,0,0.0010858573,0.0000000000,0.0003736267
9216,0,0.0021636003,0.0000000000,0.0004642371
9217,0,0.0020461524,0.0000000000,0.0002119842
9218,0,0.0140570377,0.0000000000,0.0044377535
9219,0,0.0070569229,0.0000000000,0.0034881202
9220,0,0.0301862231,0.0033333333,0.0043807160
9221,0,0.0298250310,0.0100000000,0.0045901169
9222,0,0.0006933303,0.0000000000,0.0016391433
9223,0,0.0014495571,0.0033333333,0.0005270319
9224,0,0.0021689796,0.0000000000,0.0010767464
9225,0,0.0106225053,0.0000000000,0.0038398746
9228,0,0.0075694039,0.0000000000,0.0004566072
9229,0,0.0024679578,0.0000000000,0.0014181735
9231,0,0.0038400005,0.0000000000,0.0060619540
9234,0,0.0061425900,0.0033333333,0.0113516757
9238,0,0.0025632826,0.0000000000,0.0004615700
9240,0,0.0319736080,0.0033333333,0.0120926192
9241,0,0.0111693512,0.0033333333,0.0030277802
9242,0,0.0032529543,0.0033333333,0.0435967110
9243,0,0.0834959798,0.1166666667,0.0357097276
9245,0,0.0053192072,0.0000000000,0.0040550176
9246,0,0.0030262062,0.0000000000,0.0051813521
9247,0,0.0162058137,0.0000000000,0.0048590773
9248,0,0.0060203134,0.0000000000,0.0049077547
9250,0,0.0074246940,0.0066666667,0.0089438828
9252,0,0.0013663438,0.0433333333,0.0085422592
9253,0,0.0025740591,0.0000000000,0.0027273176
9254,0,0.0067295838,0.0033333333,0.0019180906
9255,0,0.0040992984,0.0000000000,0.0009711361
9256,0,0.0058332937,0.0000000000,0.0031187986
9258,0,0.1183035071,0.1600000000,0.4534277916
9259,0,0.0002923443,0.0033333333,0.0021962256
9261,0,0.0222010319,0.0100000000,0.0073373476
9262,0,0.0002476786,0.0000000000,0.0013319395
9263,0,0.0010923041,0.0000000000,0.0016554120
9264,0,0.0031887004,0.0000000000,0.0008650428
9265,0,0.0003564119,0.0000000000,0.0008307311
9266,0,0.0024934415,0.0000000000,0.0006190715
9267,0,0.0002870562,0.0000000000,0.0002306817
9268,0,0.0324876251,0.0033333333,0.0155776059
9271,0,0.0418017655,0.0166666667,0.0109159471
9272,0,0.0024719038,0.0000000000,0.0030275413
9274,0,0.0003414461,0.0100000000,0.0022801319
9275,0,0.0464741888,0.0033333333,0.0030938261
9276,0,0.0002821730,0.0000000000,0.0003697146
9278,0,0.0088647006,0.0000000000,0.0005537046
9279,0,0.0030160895,0.0000000000,0.0005633343
9280,0,0.0002086908,0.0000000000,0.0008547612
9281,0,0.0018930080,0.0000000000,0.0006816185
9282,0,0.0011481176,0.0100000000,0.0120252334
9284,0,0.0013056283,0.0000000000,0.0004036516
9285,0,0.0020570289,0.0000000000,0.0012680732
9286,0,0.0035754704,0.0033333333,0.0035434293
9288,0,0.0011587970,0.0000000000,0.0018159004
9289,0,0.0434600556,0.0000000000,0.0012172000
9290,0,0.0020494377,0.0033333333,0.0046399673
9291,0,0.0030916785,0.0033333333,0.0021408012
9293,0,0.0028449923,0.0000000000,0.0010457609
9294,0,0.0008012960,0.0000000000,0.0074628224
9295,0,0.0004201595,0.0033333333,0.0012468298
9298,0,0.0036601521,0.0000000000,0.0004712494
9299,0,0.0068772289,0.0000000000,0.0022450716
9300,0,0.0051874104,0.0033333333,0.0028659401
9303,0,0.0009150315,0.0033333333,0.0006609207
9304,0,0.0021720811,0.0000000000,0.0018083698
9305,0,0.0134973835,0.0000000000,0.0007376275
9306,0,0.0007327656,0.0000000000,0.0015301054
9307,0,0.0026690338,0.0133333333,0.0025810723
9311,0,0.0098837493,0.0000000000,0.0023224519
9315,0,0.0008397711,0.0000000000,0.0030686827
9316,0,0.0139108467,0.0000000000,0.0017934198
9319,0,0.0050241695,0.0133333333,0.0163058285
9322,0,0.0409886320,0.0100000000,0.0228905976
9323,0,0.0035734964,0.0000000000,0.0011277996
9324,0,0.0044126990,0.0000000000,0.0229765773
9326,0,0.0068535356,0.0000000000,0.0029048421
9327,0,0.0064102318,0.0066666667,0.0095007969
9328,0,0.0020161246,0.0000000000,0.0036144126
9329,0,0.0065495566,0.0066666667,0.0051209005
9330,0,0.0109669251,0.0066666667,0.0053609461
9331,0,0.0022362357,0.0000000000,0.0012297614
9334,0,0.0083973073,0.0200000000,0.0152651556
9335,0,0.0154742916,0.0100000000,0.0392108038
9336,0,0.2122990666,0.0400000000,0.0917105749
9337,0,0.0188001216,0.0233333333,0.1717200875
9341,0,0.0003288730,0.0000000000,0.0002808577
9342,0,0.0006453571,0.0033333333,0.0127410972
9343,0,0.0006259448,0.0000000000,0.0004883261
9344,0,0.0036639220,0.0000000000,0.0023601355
9345,0,0.0009763798,0.0000000000,0.0008870426
9346,0,0.0041628677,0.0033333333,0.0138042225
9347,0,0.0035040628,0.0000000000,0.0004583518
9349,0,0.0080312872,0.0066666667,0.0052492493
9350,0,0.0009572096,0.0000000000,0.0003791327
9351,0,0.0070938886,0.0000000000,0.0019097705
9352,0,0.0004807984,0.0000000000,0.0004239815
9353,0,0.0017130293,0.0000000000,0.0016291459
9358,0,0.0001137759,0.0000000000,0.0017976905
9359,0,0.0030608725,0.0000000000,0.0090993736
9360,0,0.0207269914,0.0033333333,0.0003505859
9361,0,0.0047088239,0.0000000000,0.0001972296
9362,0,0.0010367530,0.0000000000,0.0006159108
9364,0,0.0004548912,0.0000000000,0.0004913592
9365,0,0.0006034387,0.0000000000,0.0028189244
9366,0,0.0053542889,0.0200000000,0.0024557458
9368,0,0.0066715995,0.0000000000,0.0013969057
9369,0,0.0014763206,0.0000000000,0.0006780276
9371,0,0.0113632229,0.0000000000,0.0011515663
9374,0,0.0067080293,0.0000000000,0.0022879764
9375,0,0.0031028596,0.0000000000,0.0004401541
9376,0,0.0011775624,0.0033333333,0.0003961376
9377,0,0.0007405030,0.0000000000,0.0003094758
9378,0,0.0016647677,0.0000000000,0.0005771888
9379,0,0.0053235328,0.0000000000,0.0009781421
9380,0,0.0134047426,0.0000000000,0.0022329607
9381,0,0.0076320745,0.0000000000,0.0067702131
9383,0,0.0021916738,0.0000000000,0.0005733327
9384,0,0.0020704340,0.0000000000,0.0004525410
9385,0,0.0571653124,0.0033333333,0.0092394967
9388,0,0.0221386677,0.0000000000,0.0013632085
9389,0,0.0035118778,0.0000000000,0.0007873230
9391,0,0.0050523465,0.0000000000,0.0003452065
9392,0,0.0043991394,0.0000000000,0.0040164916
9393,0,0.0163238236,0.0000000000,0.0055361437
9397,0,0.0581637090,0.0000000000,0.0008778655
9398,0,0.0371310356,0.0066666667,0.0015983765
9399,0,0.0052722008,0.0000000000,0.0005765794
9400,0,0.0235728286,0.0000000000,0.0011575194
9401,0,0.0131416203,0.0000000000,0.0013355445
9402,0,0.0012045655,0.0000000000,0.0010350621
9404,0,0.0058483818,0.0166666667,0.0334395245
9406,0,0.0320171015,0.0000000000,0.0008175393
9407,0,0.0291038378,0.0133333333,0.1000443548
9408,0,0.0908678871,0.0066666667,0.0030512186
9409,0,0.0060087319,0.0066666667,0.0020231293
9410,0,0.0039765431,0.0000000000,0.0022439065
9416,0,0.0003672526,0.0033333333,0.0014846234
9417,0,0.0016866487,0.0000000000,0.0004276675
9418,0,0.0020795637,0.0000000000,0.0002984665
9419,0,0.0023300481,0.0033333333,0.0017920177
9421,0,0.0017074133,0.0000000000,0.0009044149
9424,0,0.0006679585,0.0000000000,0.0010623974
9425,0,0.0002576123,0.0000000000,0.0002098323
9426,0,0.0017614803,0.0100000000,0.0031552105
9427,0,0.0167642222,0.0033333333,0.0087692840
9429,0,0.0014822578,0.0000000000,0.0017303119
9430,0,0.0004408889,0.0000000000,0.0004041679
9431,0,0.0004393855,0.0000000000,0.0004144546
9433,0,0.0072906573,0.0000000000,0.0003144889
9434,0,0.0096933261,0.0033333333,0.0017151763
9435,0,0.0010245376,0.0000000000,0.0001565834
9436,0,0.0096008102,0.0000000000,0.0015306751
9437,0,0.0030421391,0.0000000000,0.0004592107
9438,0,0.0034396714,0.0000000000,0.0003670897
9440,0,0.0048772078,0.0000000000,0.0044543622
9442,0,0.0024710278,0.0033333333,0.0020455925
9444,0,0.0115936344,0.0000000000,0.0008006701
9446,0,0.0035992707,0.0000000000,0.0044992855
9448,0,0.0050285506,0.0000000000,0.0015428065
9450,0,0.0012547822,0.0033333333,0.0012793215
9452,0,0.0015892064,0.0000000000,0.0002397666
9454,0,0.0274528762,0.0066666667,0.0094585074
9456,0,0.0045486111,0.0000000000,0.0097276121
9461,0,0.0031445011,0.0066666667,0.0135936346
9462,0,0.0054125137,0.0000000000,0.0047526956
9463,0,0.0094296752,0.0000000000,0.0008992390
9464,0,0.0015145207,0.0000000000,0.0009133223
9465,0,0.0237925507,0.0000000000,0.0084067546
9467,0,0.0310654946,0.0000000000,0.0040392247
9468,0,0.0015842047,0.0100000000,0.0024623103
9470,0,0.0072701434,0.0000000000,0.0023907651
9471,0,0.0078255628,0.0500000000,0.0903921202
9474,0,0.0039504167,0.0033333333,0.0014728627
9475,0,0.0136959702,0.0000000000,0.0114022354
9478,0,0.0065651761,0.0033333333,0.0042481176
9479,0,0.0103022887,0.0000000000,0.0031467376
9480,0,0.0022342872,0.0000000000,0.0021241261
9481,0,0.0070341722,0.0033333333,0.0077938437
9482,0,0.0389359306,0.0100000000,0.0244198572
9484,0,0.0023970292,0.0033333333,0.0106394626
9486,0,0.0056554390,0.0000000000,0.0027078125
9488,0,0.0364655139,0.0066666667,0.0072099213
9491,0,0.0105616061,0.0533333333,0.2334427983
9492,0,0.0084125351,0.0033333333,0.2701240182
9494,1,0.2063345383,0.6600000000,0.9790667892
9495,0,0.0248003380,0.0566666667,0.1720218062
9496,0,0.0047259672,0.1766666667,0.4483149648
9497,0,0.0267739413,0.1433333333,0.7679064274
9498,0,0.0002443033,0.0833333333,0.0198411010
9499,0,0.0001472305,0.0000000000,0.0002379189
9500,0,0.0006382915,0.0000000000,0.0039289510
9501,0,0.0005405494,0.0000000000,0.0016313663
9503,0,0.0094541607,0.0000000000,0.0018527745
9505,0,0.0031189322,0.0033333333,0.0353807025
9506,0,0.0003852226,0.0033333333,0.0051469016
9508,0,0.0006284977,0.0000000000,0.0003988713
9509,0,0.0014069450,0.0000000000,0.0009952358
9511,0,0.0017181596,0.0000000000,0.0005951747
9513,0,0.0015301317,0.0033333333,0.0024952011
9514,0,0.0003626541,0.0000000000,0.0005609420
9515,0,0.0024290715,0.0066666667,0.0098080803
9517,0,0.0098647515,0.0266666667,0.0423143767
9519,0,0.0055398194,0.0000000000,0.0012583961
9520,0,0.0007423569,0.0000000000,0.0012266722
9521,0,0.0039480745,0.0066666667,0.0666479617
9522,0,0.0006832255,0.0000000000,0.0011344586
9523,0,0.0006246455,0.0000000000,0.0005934276
9524,0,0.0015443551,0.0000000000,0.0029692026
9525,0,0.0001452397,0.0000000000,0.0037998634
9526,0,0.0011782630,0.0000000000,0.0036518604
9527,0,0.0204727884,0.0066666667,0.0083584338
9528,0,0.0088447719,0.0000000000,0.0012849933
9529,0,0.0083002323,0.0666666667,0.0191927627
9532,0,0.0040846689,0.0000000000,0.0017631634
9533,0,0.0056589375,0.0033333333,0.0112057030
9536,0,0.0003499061,0.0000000000,0.0016721985
9538,0,0.0014872995,0.0000000000,0.0010417680
9540,0,0.0076242126,0.0066666667,0.0219397284
9541,0,0.0064596737,0.0000000000,0.0006308928
9544,0,0.0033252068,0.0066666667,0.0144612677
9545,0,0.0026144372,0.0000000000,0.0013955735
9546,0,0.0007180392,0.0000000000,0.0013639455
9547,0,0.0093977424,0.0000000000,0.0003560414
9550,0,0.0018260889,0.0000000000,0.0008304268
9551,0,0.0030225084,0.0066666667,0.0004318393
9552,0,0.0110635854,0.0066666667,0.0090995105
9553,0,0.0024042277,0.0000000000,0.0010081707
9554,0,0.0028643220,0.0000000000,0.0018345612
9557,0,0.0097666879,0.0166666667,0.0351936556
9558,0,0.0030521019,0.0000000000,0.0018066122
9560,0,0.0026586179,0.0000000000,0.0032156098
9561,0,0.0088710898,0.0000000000,0.0027069731
9563,0,0.0215824436,0.0033333333,0.0047166720
9565,0,0.0035861038,0.0000000000,0.0020089850
9566,0,0.0019475074,0.0000000000,0.0009050252
9567,0,0.0047339236,0.0000000000,0.0018355482
9570,0,0.0020838847,0.0000000000,0.0024591766
9572,0,0.0076228779,0.0000000000,0.0075895535
9573,0,0.0133673350,0.0033333333,0.0200589485
9575,0,0.0116486066,0.0200000000,0.0243454706
9576,0,0.0066603886,0.0066666667,0.0236655790
9577,1,0.0117722859,0.0066666667,0.0919092745
9578,0,0.0011342679,0.0133333333,0.0190343093
9580,0,0.0002843635,0.0000000000,0.0010853817
9581,0,0.0137152457,0.0166666667,0.0110596828
9582,0,0.0107701618,0.0000000000,0.0059918151
9583,0,0.0013052589,0.0000000000,0.0119155440
9585,0,0.0016772872,0.0033333333,0.0009931907
9586,0,0.0017691556,0.0066666667,0.0008493181
9589,0,0.0027195514,0.0166666667,0.0054892302
9591,0,0.0022440790,0.0033333333,0.0122574521
9592,0,0.0013864526,0.0000000000,0.0019096324
9593,0,0.0017285204,0.0133333333,0.0324963108
9594,0,0.0072648078,0.0233333333,0.0540742427
9595,0,0.0008409232,0.0000000000,0.0023412504
9597,0,0.0019737529,0.0000000000,0.0027848009
9598,0,0.0009651741,0.0000000000,0.0025041790
9600,0,0.0005029152,0.0000000000,0.0011609559
9601,0,0.0070321123,0.0033333333,0.0013105989
9603,0,0.0021059554,0.0000000000,0.0012846794
9604,0,0.0014245589,0.0000000000,0.0014569896
9606,0,0.0004868288,0.0000000000,0.0011943846
9607,0,0.0019755672,0.0000000000,0.0126915174
9608,0,0.0015853556,0.0000000000,0.0011971433
9609,0,0.0018032819,0.0000000000,0.0016649021
9610,0,0.0017150099,0.0000000000,0.0023057482
9611,0,0.0034436309,0.0000000000,0.0017516935
9612,0,0.0015341390,0.0000000000,0.0080602607
9614,1,0.2126681985,0.1466666667,0.7333853841
9615,0,0.0019986220,0.0000000000,0.0062308190
9617,0,0.0028247081,0.0000000000,0.0009683273
9618,0,0.0008426063,0.0000000000,0.0043350141
9619,0,0.0032624506,0.0000000000,0.0044208309
9620,0,0.0073988012,0.0100000000,0.0197010376
9622,0,0.0039968140,0.0000000000,0.0140592447
9623,0,0.0027808972,0.0000000000,0.0016058810
9624,0,0.0048772641,0.0133333333,0.0505076647
9629,0,0.0007941481,0.0000000000,0.0002692937
9630,0,0.0039918380,0.0000000000,0.0072422889
9631,0,0.0035339212,0.0000000000,0.0020066777
9632,0,0.0050717174,0.0033333333,0.0032856739
9633,0,0.0567563967,0.0033333333,0.0255860705
9635,0,0.0639712911,0.0066666667,0.0320159458
9638,0,0.0024692191,0.0000000000,0.0043370128
9639,0,0.0029366274,0.0100000000,0.0103974752
9640,0,0.0025729890,0.0000000000,0.0014447118
9641,0,0.0025477781,0.0000000000,0.0066925813
9643,0,0.0080089336,0.0200000000,0.0381169245
9645,0,0.0039041902,0.0000000000,0.0023368062
9646,0,0.0058641371,0.0200000000,0.0820023641
9647,0,0.0020601473,0.0000000000,0.0029788807
9648,0,0.0301074474,0.0000000000,0.0077823075
9650,0,0.0039747772,0.0000000000,0.0038439606
9652,0,0.0044992372,0.0000000000,0.0028140738
9654,1,0.1478309909,0.5533333333,0.8429135084
9655,1,0.2076736397,0.7800000000,0.9741311669
9658,0,0.0069349249,0.0266666667,0.3286705911
9659,0,0.0041875039,0.0200000000,0.5047640204
9660,1,0.2688187443,0.7833333333,0.9738311768
9662,0,0.0141639337,0.0833333333,0.0899661481
9664,1,0.0566670874,0.0933333333,0.4192516208
9667,0,0.0028344931,0.1200000000,0.0656537712
9669,0,0.0144835383,0.0666666667,0.6286463737
9670,0,0.0050416571,0.0466666667,0.5504754186
9671,0,0.0088638756,0.0433333333,0.4755876958
9673,0,0.0005431663,0.0000000000,0.0003855316
9676,0,0.0052047796,0.0266666667,0.0216604341
9678,0,0.0011301244,0.0033333333,0.0020665752
9679,0,0.0001909702,0.0033333333,0.0029055150
9681,0,0.0009790471,0.0000000000,0.0035553190
9682,0,0.0007443615,0.0000000000,0.0046154042
9683,0,0.0020599067,0.0000000000,0.0098319398
9684,0,0.0084398682,0.0100000000,0.0390583836
9685,0,0.0017989963,0.0000000000,0.0037721435
9687,0,0.0011600156,0.0000000000,0.0027247765
9688,0,0.0004363484,0.0000000000,0.0007638326
9689,0,0.0014698094,0.0200000000,0.0359548107
9690,0,0.0615196842,0.0333333333,0.1329938322
9691,0,0.0003073947,0.0000000000,0.0008949912
9692,0,0.0004299490,0.0000000000,0.0007499440
9693,0,0.0003563044,0.0000000000,0.0015915601
9694,0,0.0006650723,0.0000000000,0.0026700508
9695,0,0.0004028503,0.0000000000,0.0024749306
9696,0,0.0005949095,0.0000000000,0.0032590013
9697,0,0.0005406576,0.0000000000,0.0058908365
9698,0,0.0017421031,0.0033333333,0.0138179660
9699,0,0.0004662085,0.0733333333,0.0105788801
9700,0,0.0006236875,0.0000000000,0.0035100700
9701,0,0.0097540996,0.0033333333,0.0309770107
9702,0,0.0032323447,0.0000000000,0.0037714555
9703,0,0.0007900053,0.0000000000,0.0009098375
9704,0,0.0022992705,0.0033333333,0.0072613549
9706,0,0.0020792087,0.0000000000,0.0007183412
9707,0,0.0009027495,0.0000000000,0.0028359569
9708,0,0.0031237477,0.0000000000,0.0015481124
9709,0,0.0008789013,0.0100000000,0.0037132350
9710,0,0.0002921769,0.0000000000,0.0019599781
9711,0,0.1025209876,0.2233333333,0.4022190571
9712,0,0.0013141767,0.0033333333,0.0068710041
9713,0,0.0093047778,0.0000000000,0.0044557769
9715,0,0.0012025088,0.0000000000,0.0051258248
9716,0,0.0485053889,0.0333333333,0.0484948270
9717,0,0.0018496037,0.0933333333,0.0437396690
9719,0,0.0016491976,0.0000000000,0.0044605494
9720,0,0.0320235553,0.0300000000,0.1146761104
9721,0,0.0210403352,0.0066666667,0.0150542622
9722,0,0.0039877648,0.0000000000,0.0010052506
9723,0,0.0012129591,0.0033333333,0.0057931291
9724,0,0.0018574797,0.0000000000,0.0022896151
9726,0,0.0002916558,0.0000000000,0.0032724196
9727,0,0.0039139639,0.0000000000,0.0033471799
9729,0,0.0014697396,0.0033333333,0.0048403880
9730,0,0.0019284037,0.1000000000,0.0729625300
9731,0,0.0022504080,0.0000000000,0.0044091418
9732,0,0.0158597127,0.0000000000,0.0251427963
9733,0,0.0338167092,0.0033333333,0.0107629132
9735,0,0.0051341006,0.0000000000,0.0036410831
9736,0,0.0229918895,0.0033333333,0.0245213024
9738,0,0.0051763250,0.0000000000,0.0054391101
9739,0,0.0037097577,0.0000000000,0.0034237043
9740,0,0.0152997496,0.0000000000,0.0021700377
9741,0,0.0020593032,0.0000000000,0.0033641702
9746,0,0.0026259646,0.0000000000,0.0034347156
9747,0,0.0104168596,0.0200000000,0.0301002041
9748,0,0.0342421845,0.0000000000,0.0039835828
9749,0,0.0030316672,0.0033333333,0.0139444806
9750,0,0.0092585619,0.0366666667,0.0054669199
9751,0,0.0016001157,0.0000000000,0.0018986362
9754,0,0.0057850084,0.0033333333,0.0358604044
9755,0,0.0017583429,0.0066666667,0.1235760003
9757,0,0.0078696996,0.0533333333,0.5118693709
9758,0,0.0013129385,0.0066666667,0.3569388688
9759,1,0.0788353260,0.0433333333,0.3685561419
9761,0,0.0027714538,0.0000000000,0.0016466900
9762,0,0.0001896058,0.0033333333,0.0026866586
9765,1,0.1217351834,0.4933333333,0.8526218534
9767,0,0.0005365328,0.0033333333,0.0050666500
9768,0,0.0006282995,0.0000000000,0.0025632456
9769,0,0.0009500472,0.0000000000,0.0006707595
9770,0,0.0035782372,0.0033333333,0.0280740466
9771,0,0.0001452451,0.0000000000,0.0009387691
9772,0,0.0048636774,0.0066666667,0.0090035014
9773,0,0.0005939696,0.0033333333,0.0022479980
9774,0,0.0011852023,0.0000000000,0.0008033725
9775,0,0.0002229732,0.0066666667,0.0047106096
9776,0,0.0002142411,0.0000000000,0.0015115517
9777,0,0.0103573555,0.0033333333,0.0100867581
9778,0,0.0480789416,0.0166666667,0.0240990203
9780,0,0.0006383861,0.0000000000,0.0031135711
9781,0,0.0041883656,0.0000000000,0.0010904652
9784,0,0.0018293304,0.0400000000,0.0059454977
9785,0,0.0051367986,0.0000000000,0.0065780012
9786,0,0.0005807194,0.0000000000,0.0019686935
9787,0,0.0006011198,0.0000000000,0.0009390193
9788,0,0.0056846079,0.0033333333,0.0019019337
9789,0,0.0018763463,0.0000000000,0.0014784300
9790,0,0.0012224146,0.0000000000,0.0032255689
9791,0,0.0047158131,0.0000000000,0.0014820745
9792,0,0.0010195896,0.0000000000,0.0044578947
9793,0,0.0009323592,0.0000000000,0.0017861554
9794,0,0.0034177140,0.0000000000,0.0098248255
9795,0,0.0015082868,0.0000000000,0.0006281820
9796,0,0.0020857436,0.0000000000,0.0017890553
9798,0,0.0010059693,0.0000000000,0.0004973029
9799,0,0.0101131046,0.0000000000,0.0029789770
9801,0,0.0154756634,0.0000000000,0.0073513533
9803,0,0.0016511111,0.0033333333,0.0026576992
9805,0,0.0068416743,0.0000000000,0.0012013991
9806,0,0.0013270118,0.0033333333,0.0109118391
9807,0,0.3389225384,0.1733333333,0.1333986819
9808,0,0.0962956968,0.0033333333,0.0099444902
9810,0,0.0106709299,0.0033333333,0.0014373624
9812,0,0.0024353995,0.0000000000,0.0003267571
9813,0,0.0059877353,0.0033333333,0.0024959608
9814,0,0.0472083419,0.0000000000,0.0077362042
9815,0,0.0019498062,0.0000000000,0.0031743918
9818,0,0.0039498769,0.0000000000,0.0012387678
9819,0,0.0064405803,0.0000000000,0.0081515554
9821,0,0.0039427832,0.0000000000,0.0031694768
9823,1,0.3158116163,0.2900000000,0.4695415795
9824,0,0.0126397966,0.0033333333,0.0015183642
9825,0,0.0071631512,0.0000000000,0.0018844052
9826,0,0.0045362090,0.0000000000,0.0080518927
9830,0,0.0040589494,0.0200000000,0.1579002440
9832,0,0.0065193900,0.0466666667,0.3089928925
9833,0,0.0256672695,0.1600000000,0.3010995090
9834,0,0.0136125701,0.1766666667,0.3588756025
9835,0,0.0002973097,0.0066666667,0.0008126009
9836,0,0.0007498945,0.0000000000,0.0008176180
9837,0,0.0056545884,0.0033333333,0.0097884694
9839,0,0.0018547292,0.0100000000,0.0204003770
9840,0,0.0117241731,0.0033333333,0.0005422609
9841,0,0.0008307870,0.0000000000,0.0007946304
9842,0,0.0022374181,0.0000000000,0.0008656489
9843,0,0.0027169007,0.0000000000,0.0089481650
9845,0,0.0002238641,0.0000000000,0.0009979369
9846,0,0.0038362896,0.0000000000,0.0088890325
9847,0,0.0301469786,0.0000000000,0.0094612334
9848,0,0.0012734040,0.0100000000,0.0150736049
9849,0,0.0019560003,0.0000000000,0.0018119161
9850,0,0.0222537378,0.3133333333,0.5886551738
9853,0,0.0044448447,0.0000000000,0.0106686447
9854,0,0.0012850034,0.0033333333,0.0014933462
9857,0,0.0031321577,0.0000000000,0.0071687456
9860,0,0.0005099229,0.0000000000,0.0005113335
9861,0,0.0003818508,0.0000000000,0.0003545588
9863,0,0.0031313000,0.0000000000,0.0070458110
9864,0,0.0721600635,0.0200000000,0.0444851816
9865,0,0.0006674127,0.0000000000,0.0007263986
9866,0,0.0656355604,0.0900000000,0.4375434816
9867,0,0.0022735719,0.0000000000,0.0022222192
9870,0,0.0007286214,0.0000000000,0.0038419270
9871,0,0.0021678762,0.0000000000,0.0028198627
9873,0,0.0174462885,0.0100000000,0.0593847074
9874,0,0.0042187404,0.0000000000,0.0031174824
9876,0,0.0081674229,0.0033333333,0.0051734513
9877,0,0.0588827197,0.0066666667,0.0068910932
9878,0,0.1151663140,0.0466666667,0.1006179899
9879,0,0.0624862529,0.0100000000,0.0131170116
9881,0,0.0019377984,0.0033333333,0.0046466598
9883,0,0.0022245191,0.0033333333,0.0087512350
9884,0,0.0027371021,0.0000000000,0.0023412793
9885,0,0.0028835313,0.0000000000,0.0019907933
9889,0,0.0017035497,0.0000000000,0.0019429659
9891,0,0.0051816583,0.0000000000,0.0059752301
9892,0,0.0138337760,0.0066666667,0.0249821953
9893,0,0.0118885727,0.0033333333,0.0154146496
9895,0,0.0045329694,0.0000000000,0.0007902721
9896,0,0.0987187175,0.0133333333,0.0231859926
9897,0,0.0054094281,0.0000000000,0.0019913730
9898,0,0.0118779299,0.0166666667,0.0075957947
9899,0,0.0100422469,0.0033333333,0.0103299320
9900,0,0.0025838704,0.0033333333,0.0047176080
9901,0,0.0058367502,0.0000000000,0.0139308637
9902,0,0.0379191215,0.0033333333,0.0113079734
9903,0,0.0074337147,0.0100000000,0.0248514041
9904,0,0.0212517795,0.0033333333,0.0114389565
9906,0,0.0296313961,0.0066666667,0.0103439558
9907,0,0.0067063212,0.0433333333,0.0685183480
9908,0,0.0172396876,0.0166666667,0.1062331349
9909,0,0.0052806898,0.0000000000,0.0019158408
9910,0,0.0006869547,0.0000000000,0.0007794835
9911,0,0.0054730153,0.0000000000,0.0020757844
9912,0,0.0007532158,0.0000000000,0.0004517733
9914,0,0.0003636454,0.0000000000,0.0009128064
9915,0,0.0004354634,0.0000000000,0.0012008895
9916,0,0.0002244251,0.0000000000,0.0033549867
9917,0,0.0003785233,0.0000000000,0.0011472699
9918,0,0.0004737468,0.0000000000,0.0006919654
9919,0,0.0319129245,0.0000000000,0.0177023541
9921,0,0.0014744857,0.0000000000,0.0033928133
9922,0,0.0020167456,0.0033333333,0.0148516027
9923,0,0.0017066264,0.0000000000,0.0004919945
9924,0,0.0006699848,0.0000000000,0.0007819516
9926,0,0.0018447240,0.0066666667,0.0089610256
9927,0,0.0006121082,0.0033333333,0.0006206281
9928,0,0.0015209739,0.0000000000,0.0008536599
9929,0,0.0001275233,0.0000000000,0.0008568072
9930,0,0.0009225591,0.0000000000,0.0023236633
9931,0,0.0069745117,0.0000000000,0.0008887101
9932,0,0.0111381399,0.0000000000,0.0134747643
9934,0,0.0014533063,0.0000000000,0.0017568534
9935,0,0.0089308176,0.0000000000,0.0014018393
9936,0,0.0226200119,0.0066666667,0.0117585938
9937,0,0.0003087564,0.0000000000,0.0003888516
9940,0,0.3724281992,0.4866666667,0.9844169021
9942,0,0.0044968481,0.0000000000,0.0036230725
9943,0,0.0263169734,0.0000000000,0.0088131707
9944,0,0.0012865794,0.0000000000,0.0021564234
9945,0,0.0182257450,0.0000000000,0.0115309972
9948,0,0.0020697331,0.0000000000,0.0012936206
9949,0,0.0038646045,0.0000000000,0.0018350729
9953,0,0.0233960566,0.0000000000,0.0154305790
9954,0,0.0049768595,0.0033333333,0.0028661881
9956,0,0.0021886175,0.0000000000,0.0006601539
9958,0,0.0049309855,0.0000000000,0.0024451402
9959,0,0.0023350483,0.0000000000,0.0009193233
9960,0,0.0282059803,0.0000000000,0.0085959509
9962,0,0.1618179793,0.0166666667,0.0066028512
9963,0,0.0580091542,0.0000000000,0.0020615747
9964,0,0.0056595658,0.0000000000,0.0063138385
9965,0,0.0070177884,0.0033333333,0.0326885693
9966,0,0.0056334795,0.0000000000,0.0056514051
9967,0,0.0173625234,0.0000000000,0.0012886082
9968,0,0.0023465495,0.0000000000,0.0041321800
9969,0,0.0058156949,0.0000000000,0.0018159369
9971,0,0.0069132947,0.0000000000,0.0072152652
9972,0,0.0421518809,0.0000000000,0.0011691460
9973,0,0.0915592422,0.0000000000,0.0081948638
9974,0,0.0091480371,0.0000000000,0.0181525163
9975,1,0.8768831235,0.5800000000,0.9944992065
9976,0,0.0050758918,0.0000000000,0.0011307342
9977,0,0.0037058440,0.0000000000,0.0041532964
9978,0,0.0072736819,0.0033333333,0.0170777831
9981,0,0.0146897316,0.0000000000,0.0121578351
9986,0,0.0075646756,0.0266666667,0.1175099686
9990,0,0.0002961809,0.0000000000,0.0004383089
9991,0,0.0007770730,0.0000000000,0.0013608834
9992,0,0.0010446944,0.0000000000,0.0027264252
9993,0,0.0015277458,0.0000000000,0.0010864964
9994,0,0.0055141547,0.0000000000,0.0098283244
9996,0,0.0002947543,0.0000000000,0.0026357183
9997,0,0.0006827480,0.0000000000,0.0008978744
9999,0,0.0043754340,0.0033333333,0.0055561154
10000,0,0.0013302513,0.0000000000,0.0005559678
